rank,ticker,name,category,history_yr,start,last_bar,cagr,n_matched,diversity,med_21d,win_21d,med_63d,win_63d,med_252d,win_252d
1,SNDK,SNDK,US Equity,1.6,2025-02-13,2026-09-30,9.9071,160,THIN,0.1824,0.75,1.1496,0.8153,30.8514,1.0
2,APP,APP,US Equity,5.4,2021-04-15,2026-09-30,0.3157,520,THIN,0.0319,0.582,0.1507,0.6629,2.014,0.9231
3,PLTR,PLTR,US Equity,6.0,2020-09-30,2026-09-30,0.646,520,THIN,0.0561,0.6336,0.2179,0.7472,1.5939,0.9096
4,HOOD,HOOD,US Equity,5.2,2021-07-29,2026-09-30,0.2555,520,THIN,0.0615,0.6005,0.2154,0.7458,1.5677,0.9365
5,LITE,LITE,US Equity,11.2,2015-07-23,2026-09-30,0.4366,520,THIN,0.0844,0.6336,0.2224,0.7093,1.3493,0.9885
6,GEV,GEV,US Equity,2.5,2024-03-27,2026-09-30,1.2114,368,THIN,0.064,0.6705,0.2083,0.7732,1.2985,1.0
7,CVNA,CVNA,US Equity,9.4,2017-04-28,2026-09-30,0.4263,520,THIN,0.0389,0.6019,0.1427,0.7163,1.2611,0.9192
8,VRT,VRT,US Equity,8.1,2018-08-02,2026-09-30,0.4798,520,THIN,0.0581,0.6283,0.2236,0.7317,0.9481,0.95
9,HWM,HWM,US Equity,9.9,2016-11-01,2026-09-30,0.3266,520,THIN,0.0372,0.6825,0.1631,0.9438,0.9462,1.0
10,AVGO,AVGO,US Equity,17.1,2009-08-06,2026-09-30,0.3979,520,THIN,0.0321,0.6138,0.1684,0.7556,0.7505,1.0
11,VST,VST,US Equity,10.0,2016-10-05,2026-09-30,0.2855,520,THIN,0.0272,0.5833,0.0771,0.5941,0.6127,0.7865
12,IBKR,IBKR,US Equity,19.4,2007-05-04,2026-09-30,0.1471,633,THIN,0.0274,0.6157,0.1095,0.7612,0.5657,0.9494
13,TRGP,TRGP,US Equity,15.8,2010-12-07,2026-09-30,0.2131,520,THIN,0.0317,0.6481,0.109,0.7725,0.5609,0.875
14,PWR,PWR,US Equity,26.7,2000-01-03,2026-09-30,0.1423,1151,ROBUST,0.0367,0.6604,0.1314,0.7334,0.5184,0.907
15,NRG,NRG,US Equity,22.8,2003-12-02,2026-09-30,0.1204,1151,ROBUST,0.0295,0.6179,0.0885,0.6947,0.512,0.841
16,ANET,ANET,US Equity,12.3,2014-06-06,2026-09-30,0.3937,520,THIN,0.0505,0.6984,0.1612,0.7879,0.5114,0.9885
17,DECK,DECK,US Equity,26.7,2000-01-03,2026-09-30,0.2655,1151,ROBUST,0.0366,0.5999,0.0974,0.6709,0.5103,0.6429
18,STLD,STLD,US Equity,26.7,2000-01-03,2026-09-30,0.1827,1151,ROBUST,0.0371,0.6236,0.0908,0.691,0.5074,0.914
19,CF,CF,US Equity,21.1,2005-08-11,2026-09-30,0.2061,1069,ROBUST,0.0354,0.5962,0.0999,0.6463,0.4835,0.8587
20,BKNG,BKNG,US Equity,26.7,2000-01-03,2026-09-30,0.1025,1151,ROBUST,0.0274,0.6215,0.0852,0.7185,0.4771,0.795
21,GM,GM,US Equity,15.8,2010-11-18,2026-09-30,0.0726,520,THIN,0.028,0.6164,0.0759,0.7065,0.4633,0.9885
22,EXV1.DE,iSh STOXX 600 Materials,UCITS ETF,18.9,2008-01-02,2026-10-01,0.0283,521,THIN,0.0383,0.7437,0.0956,0.909,0.4632,1.0
23,CIEN,CIEN,US Equity,26.7,2000-01-03,2026-09-30,0.0224,1151,ROBUST,0.0476,0.6121,0.1286,0.6552,0.4598,0.8254
24,CMI,CMI,US Equity,26.7,2000-01-03,2026-09-30,0.1783,1151,ROBUST,0.0308,0.6388,0.1125,0.7781,0.4558,0.9626
25,WDC,WDC,US Equity,26.7,2000-01-03,2026-09-30,0.2175,1151,ROBUST,0.0469,0.6474,0.13,0.6314,0.4439,0.8089
26,PHAG.L,WisdomTree Phys Silver,UCITS ETF,18.8,2008-01-02,2026-10-01,0.0721,522,THIN,0.023,0.6156,0.0592,0.6816,0.4424,1.0
27,DELL,DELL,US Equity,10.1,2016-08-17,2026-09-30,0.4703,520,THIN,0.0552,0.631,0.163,0.6882,0.4418,0.7808
28,CFG,CFG,US Equity,12.0,2014-09-24,2026-09-30,0.1257,520,THIN,0.0285,0.6045,0.1095,0.7893,0.4363,1.0
29,CEG,CEG,US Equity,4.7,2022-01-19,2026-09-30,0.4807,520,THIN,0.0195,0.5701,0.0735,0.6166,0.4344,0.7692
30,FOXA,FOXA,US Equity,7.5,2019-03-12,2026-09-30,0.0826,520,THIN,0.0266,0.6534,0.0801,0.6699,0.4338,0.9558
31,GS,GS,US Equity,26.7,2000-01-03,2026-09-30,0.1063,1151,ROBUST,0.0303,0.6691,0.0947,0.7587,0.4327,0.8315
32,TPR,TPR,US Equity,25.9,2000-10-06,2026-09-30,0.1802,1151,ROBUST,0.02,0.5631,0.0551,0.6232,0.4307,0.7402
33,COHR,COHR,US Equity,26.7,2000-01-03,2026-09-30,0.1978,1151,ROBUST,0.0342,0.5826,0.1337,0.688,0.4262,0.9244
34,NVDA,NVDA,US Equity,26.7,2000-01-03,2026-09-30,0.3418,1151,ROBUST,0.0363,0.633,0.1441,0.729,0.4238,0.8836
35,RL,RL,US Equity,26.7,2000-01-03,2026-09-30,0.1318,1151,ROBUST,0.0214,0.6244,0.0863,0.7044,0.4189,0.7785
36,ABB.ST,ABB.ST,Swedish,25.5,2001-05-08,2026-09-30,0.0802,1148,ROBUST,0.0345,0.7097,0.1147,0.7647,0.411,0.8929
37,DASH,DASH,US Equity,5.8,2020-12-09,2026-09-30,-0.0055,520,THIN,0.0318,0.586,0.1266,0.6742,0.406,0.6962
38,FTNT,FTNT,US Equity,16.8,2009-11-18,2026-09-30,0.3204,520,THIN,0.0088,0.5608,0.0433,0.6124,0.4055,0.7365
39,FOX,FOX,US Equity,7.5,2019-03-13,2026-09-30,0.0639,520,THIN,0.0254,0.6614,0.0686,0.6461,0.3923,0.9288
40,GRMN,GRMN,US Equity,25.8,2000-12-08,2026-09-30,0.1686,1151,ROBUST,0.0375,0.6784,0.127,0.7431,0.3902,0.8332
41,EME,EME,US Equity,26.7,2000-01-03,2026-09-30,0.2164,1151,ROBUST,0.0259,0.6186,0.1018,0.6984,0.3874,0.7941
42,FIX,FIX,US Equity,26.7,2000-01-03,2026-09-30,0.2371,1151,ROBUST,0.0324,0.6316,0.1037,0.7171,0.3853,0.7967
43,TEL2-B.ST,TEL2-B.ST,Swedish,26.9,2000-01-03,2026-09-30,0.0643,1150,ROBUST,0.0259,0.6412,0.0927,0.7472,0.3748,0.8652
44,APH,APH,US Equity,26.7,2000-01-03,2026-09-30,0.1849,1151,ROBUST,0.0308,0.6503,0.0944,0.7275,0.3721,0.9696
45,FSLR,FSLR,US Equity,19.8,2006-11-17,2026-09-30,0.1038,754,MODERATE,0.0327,0.5798,0.1708,0.6469,0.3654,0.7944
46,PM,PM,US Equity,18.5,2008-03-17,2026-09-30,0.1257,520,THIN,0.0202,0.6217,0.0693,0.7219,0.3611,0.9827
47,AAPL,AAPL,US Equity,26.7,2000-01-03,2026-09-30,0.2514,1151,ROBUST,0.0322,0.6337,0.0871,0.7111,0.3588,0.9383
48,SI_F,Silver (futures),Commodity,26.0,2000-08-30,2026-09-30,0.1014,1152,ROBUST,0.0231,0.6189,0.0676,0.6875,0.3582,0.9436
49,SSAB-B.ST,SSAB-B.ST,Swedish,26.9,2000-01-03,2026-09-30,0.0849,1148,ROBUST,0.0277,0.5922,0.1002,0.6962,0.3573,0.6899
50,4GLD.DE,Xetra-Gold,UCITS ETF,17.0,2009-11-13,2026-10-01,0.0987,520,THIN,0.0172,0.675,0.0586,0.8053,0.3572,1.0
51,ETR,ETR,US Equity,26.7,2000-01-03,2026-09-30,0.122,1151,ROBUST,0.018,0.6424,0.0733,0.8049,0.3564,0.9548
52,PPFB.DE,WisdomTree Phys Gold,UCITS ETF,5.3,2021-07-16,2026-10-01,0.1808,520,THIN,0.0172,0.6724,0.0581,0.8025,0.3551,1.0
53,MPWR,MPWR,US Equity,21.8,2004-11-19,2026-09-30,0.2619,1134,ROBUST,0.03,0.5854,0.1412,0.7436,0.3545,0.7213
54,FCX,FCX,US Equity,26.7,2000-01-03,2026-09-30,0.0956,1151,ROBUST,0.0346,0.6006,0.0785,0.6754,0.3538,0.7906
55,SYF,SYF,US Equity,12.1,2014-07-31,2026-09-30,0.1186,520,THIN,0.0213,0.5833,0.0819,0.7247,0.3481,0.9827
56,WBD,WBD,US Equity,21.2,2005-07-08,2026-09-30,0.072,1093,ROBUST,0.0096,0.5515,0.0267,0.5642,0.3474,0.7685
57,WELL,WELL,US Equity,26.7,2000-01-03,2026-09-30,0.1707,1151,ROBUST,0.0191,0.6467,0.0854,0.7952,0.3467,0.9496
58,CRWD,CRWD,US Equity,7.3,2019-06-12,2026-09-30,0.2317,520,THIN,0.0468,0.6376,0.0551,0.5941,0.3435,0.8558
59,GC_F,Gold (futures),Commodity,26.0,2000-08-30,2026-09-30,0.1106,1152,ROBUST,0.0197,0.6599,0.0659,0.8036,0.3386,0.9826
60,INCY,INCY,US Equity,26.7,2000-01-03,2026-09-30,0.038,1151,ROBUST,0.0122,0.5415,0.0709,0.6314,0.3319,0.8514
61,TELIA.ST,TELIA.ST,Swedish,26.5,2000-06-13,2026-09-30,0.0264,1148,ROBUST,0.0318,0.7075,0.0761,0.7461,0.3314,0.8911
62,MS,MS,US Equity,26.7,2000-01-03,2026-09-30,0.068,1151,ROBUST,0.0217,0.6157,0.0677,0.6955,0.3299,0.7732
63,TSLA,TSLA,US Equity,16.2,2010-06-29,2026-09-30,0.3954,520,THIN,0.0053,0.5146,-0.007,0.486,0.329,0.8692
64,GILD,GILD,US Equity,26.7,2000-01-03,2026-09-30,0.1977,1151,ROBUST,0.0191,0.6301,0.0784,0.7305,0.3288,0.9791
65,EXPE,EXPE,US Equity,21.2,2005-07-21,2026-09-30,0.106,1084,ROBUST,0.0247,0.6091,0.1094,0.6536,0.3241,0.7601
66,CSX,CSX,US Equity,26.7,2000-01-03,2026-09-30,0.1516,1151,ROBUST,0.0217,0.6164,0.0615,0.7096,0.3222,0.8679
67,BG,BG,US Equity,25.1,2001-08-02,2026-09-30,0.1003,1151,ROBUST,0.0167,0.5883,0.0445,0.6016,0.3092,0.6898
68,ISRG,ISRG,US Equity,26.2,2000-06-16,2026-09-30,0.2239,1151,ROBUST,0.0234,0.5869,0.0763,0.6113,0.3092,0.7611
69,WMB,WMB,US Equity,26.7,2000-01-03,2026-09-30,0.0803,1151,ROBUST,0.0203,0.6453,0.0662,0.7863,0.3075,0.9522
70,KMI,KMI,US Equity,15.6,2011-02-11,2026-09-30,0.0459,520,THIN,0.0158,0.6481,0.0451,0.7191,0.3071,0.9731
71,DE,DE,US Equity,26.7,2000-01-03,2026-09-30,0.1596,1151,ROBUST,0.0149,0.5833,0.0748,0.7349,0.3046,0.9253
72,BNY,BNY,US Equity,26.7,2000-01-03,2026-09-30,0.0743,1151,ROBUST,0.0231,0.677,0.0772,0.834,0.3027,0.9096
73,VTR,VTR,US Equity,26.7,2000-01-03,2026-09-30,0.1766,1151,ROBUST,0.0153,0.5919,0.0753,0.7468,0.3021,0.9401
74,CBRE,CBRE,US Equity,22.3,2004-06-10,2026-09-30,0.1465,1140,ROBUST,0.0305,0.6366,0.0601,0.6284,0.3019,0.7158
75,PH,PH,US Equity,26.7,2000-01-03,2026-09-30,0.1534,1151,ROBUST,0.0304,0.6705,0.0707,0.7223,0.2969,0.9513
76,GOOGL,GOOGL,US Equity,22.1,2004-08-19,2026-09-30,0.2501,1135,ROBUST,0.0292,0.6134,0.0618,0.679,0.2946,0.8661
77,GOOG,GOOG,US Equity,22.1,2004-08-19,2026-09-30,0.2498,1135,ROBUST,0.028,0.6156,0.0624,0.6737,0.2934,0.867
78,IVZ,IVZ,US Equity,26.7,2000-01-03,2026-09-30,0.0435,1151,ROBUST,0.0252,0.6042,0.071,0.6932,0.293,0.8818
79,ALFA.ST,Alfa Laval,Swedish,24.5,2002-05-17,2026-09-30,0.1621,1148,ROBUST,0.022,0.6506,0.0747,0.7617,0.2914,0.7221
80,GLW,GLW,US Equity,26.7,2000-01-03,2026-09-30,0.0682,1151,ROBUST,0.0383,0.6453,0.0973,0.685,0.2902,0.8219
81,T,T,US Equity,26.7,2000-01-03,2026-09-30,0.0528,1151,ROBUST,0.0197,0.6417,0.074,0.793,0.2865,0.8193
82,CSCO,CSCO,US Equity,26.7,2000-01-03,2026-09-30,0.0432,1151,ROBUST,0.0112,0.5826,0.0498,0.6411,0.2852,0.7611
83,EQT,EQT,US Equity,26.7,2000-01-03,2026-09-30,0.108,1151,ROBUST,0.0061,0.5379,0.0294,0.5949,0.2764,0.8349
84,ADDT-B.ST,ADDT-B.ST,Swedish,26.9,2000-01-03,2026-09-30,0.1115,1148,ROBUST,0.0194,0.6009,0.0559,0.7282,0.2746,0.757
85,CBOE,CBOE,US Equity,16.3,2010-06-15,2026-09-30,0.1565,520,THIN,0.0252,0.6376,0.0661,0.7514,0.2733,1.0
86,FFIV,FFIV,US Equity,26.7,2000-01-03,2026-09-30,0.0781,1151,ROBUST,0.0295,0.6373,0.0936,0.6508,0.2699,0.7333
87,SAAB-B.ST,SAAB-B.ST,Swedish,26.9,2000-01-03,2026-09-30,0.1664,1148,ROBUST,0.0192,0.5857,0.0644,0.6426,0.2684,0.7334
88,MNST,MNST,US Equity,26.7,2000-01-03,2026-09-30,0.2917,1151,ROBUST,0.032,0.5941,0.0758,0.6731,0.2623,0.6916
89,MA,MA,US Equity,20.3,2006-05-25,2026-09-30,0.2719,881,MODERATE,0.0191,0.6088,0.0501,0.7176,0.2619,0.8161
90,CASY,CASY,US Equity,26.7,2000-01-03,2026-09-30,0.1732,1151,ROBUST,0.023,0.6402,0.0739,0.7982,0.2615,0.8358
91,BLK,BLK,US Equity,26.7,2000-01-03,2026-09-30,0.1916,1151,ROBUST,0.0185,0.6208,0.0706,0.7074,0.2593,0.9453
92,HAS,HAS,US Equity,26.7,2000-01-03,2026-09-30,0.0883,1151,ROBUST,0.0181,0.5991,0.0501,0.6322,0.2561,0.8679
93,RTX,RTX,US Equity,26.7,2000-01-03,2026-09-30,0.1106,1151,ROBUST,0.0224,0.6698,0.0716,0.8213,0.2535,0.9253
94,HLT,HLT,US Equity,12.8,2013-12-12,2026-09-30,0.1725,520,THIN,0.0204,0.6534,0.0649,0.7654,0.2528,0.9923
95,ICE,ICE,US Equity,20.8,2005-11-16,2026-09-30,0.1619,1017,MODERATE,0.0305,0.6488,0.0645,0.6766,0.2507,0.6932
96,SAND.ST,Sandvik,Swedish,26.9,2000-01-03,2026-09-30,0.1086,1148,ROBUST,0.0254,0.6182,0.0777,0.6873,0.2479,0.7535
97,SEB-A.ST,SEB A,Swedish,26.9,2000-01-03,2026-09-30,0.1115,1148,ROBUST,0.026,0.6888,0.0593,0.7379,0.246,0.7779
98,MO,MO,US Equity,26.7,2000-01-03,2026-09-30,0.1652,1151,ROBUST,0.0202,0.6676,0.0614,0.7841,0.2456,0.9574
99,ALB,ALB,US Equity,26.7,2000-01-03,2026-09-30,0.1145,1151,ROBUST,0.0121,0.5508,0.0398,0.5637,0.2454,0.6386
100,STT,STT,US Equity,26.7,2000-01-03,2026-09-30,0.0821,1151,ROBUST,0.0209,0.6575,0.068,0.7468,0.244,0.9409
101,CCJ,CCJ,US Equity,26.7,2000-01-03,2026-09-30,0.1563,1151,ROBUST,0.0123,0.5415,0.0779,0.6203,0.2431,0.7811
102,STX,STX,US Equity,23.8,2002-12-11,2026-09-30,0.2428,1151,ROBUST,0.0261,0.6027,0.1065,0.6828,0.2411,0.755
103,L,L,US Equity,26.7,2000-01-03,2026-09-30,0.1,1151,ROBUST,0.0214,0.6828,0.0601,0.8332,0.2355,0.8575
104,SLB,SLB,US Equity,26.7,2000-01-03,2026-09-30,0.0416,1151,ROBUST,0.0228,0.5898,0.0201,0.5629,0.2351,0.6942
105,HPE,HPE,US Equity,10.9,2015-10-19,2026-09-30,0.2211,520,THIN,0.0261,0.6005,0.0761,0.6489,0.2351,0.8423
106,NEE,NEE,US Equity,26.7,2000-01-03,2026-09-30,0.1413,1151,ROBUST,0.0173,0.6157,0.0556,0.653,0.2348,0.9149
107,CHRW,CHRW,US Equity,26.7,2000-01-03,2026-09-30,0.1278,1151,ROBUST,0.0145,0.571,0.0453,0.6188,0.2343,0.9531
108,GNRC,GNRC,US Equity,16.6,2010-02-11,2026-09-30,0.2123,520,THIN,0.0012,0.5026,0.0855,0.6264,0.2331,0.7577
109,JPM,JPM,US Equity,26.7,2000-01-03,2026-09-30,0.1054,1151,ROBUST,0.0175,0.633,0.0559,0.7833,0.2329,0.7837
110,PANW,PANW,US Equity,14.2,2012-07-20,2026-09-30,0.3081,520,THIN,0.027,0.6085,0.062,0.6278,0.2329,0.8231
111,NEM,NEM,US Equity,26.7,2000-01-03,2026-09-30,0.0775,1151,ROBUST,0.0259,0.5854,0.0558,0.6225,0.2298,0.7498
112,ABBV,ABBV,US Equity,13.7,2013-01-02,2026-09-30,0.2037,520,THIN,0.0179,0.6442,0.064,0.6601,0.2253,0.9942
113,SWED-A.ST,Swedbank A,Swedish,26.9,2000-01-03,2026-09-30,0.1116,1150,ROBUST,0.0268,0.6837,0.0635,0.7271,0.2253,0.7722
114,AEP,AEP,US Equity,26.7,2000-01-03,2026-09-30,0.0968,1151,ROBUST,0.0144,0.6186,0.0573,0.7081,0.2244,0.8132
115,NTRS,NTRS,US Equity,26.7,2000-01-03,2026-09-30,0.0692,1151,ROBUST,0.0185,0.6251,0.0521,0.8012,0.2244,0.9783
116,CRH,CRH,US Equity,26.7,2000-01-03,2026-09-30,0.0847,1151,ROBUST,0.0213,0.584,0.061,0.6314,0.2243,0.7732
117,PPL,PPL,US Equity,26.7,2000-01-03,2026-09-30,0.0888,1151,ROBUST,0.0207,0.6626,0.0546,0.7736,0.2241,0.9392
118,UAL,UAL,US Equity,20.6,2006-02-06,2026-09-30,0.0627,960,MODERATE,0.0114,0.5284,0.0472,0.546,0.2231,0.699
119,EVRG,EVRG,US Equity,26.7,2000-01-03,2026-09-30,0.1089,1151,ROBUST,0.0145,0.6092,0.0501,0.729,0.2228,0.795
120,WAB,WAB,US Equity,26.7,2000-01-03,2026-09-30,0.1445,1151,ROBUST,0.0308,0.6381,0.0863,0.7171,0.2214,0.9748
121,IBM,IBM,US Equity,26.7,2000-01-03,2026-09-30,0.0521,1151,ROBUST,0.0105,0.5566,0.0401,0.615,0.2213,0.8184
122,META,META,US Equity,14.3,2012-05-18,2026-09-30,0.2287,520,THIN,0.0256,0.6085,0.0549,0.6489,0.2202,0.7577
123,SCHW,SCHW,US Equity,26.7,2000-01-03,2026-09-30,0.066,1151,ROBUST,0.0156,0.5926,0.0679,0.6895,0.2186,0.9626
124,DLR,DLR,US Equity,21.9,2004-10-29,2026-09-30,0.1756,1135,ROBUST,0.0249,0.6244,0.0665,0.7212,0.2177,0.8643
125,EXI2.DE,iSh STOXX 600 Tech,UCITS ETF,18.9,2008-01-02,2026-10-01,0.104,522,THIN,0.0187,0.7028,0.0597,0.7913,0.2176,0.9847
126,KEYS,KEYS,US Equity,11.9,2014-10-20,2026-09-30,0.2392,520,THIN,0.0173,0.586,0.0718,0.677,0.2176,0.9115
127,ORCL,ORCL,US Equity,26.7,2000-01-03,2026-09-30,0.0683,1151,ROBUST,0.0108,0.5458,0.0442,0.6091,0.2176,0.8662
128,TDY,TDY,US Equity,26.7,2000-01-03,2026-09-30,0.1691,1151,ROBUST,0.0113,0.5537,0.0416,0.6456,0.217,0.9531
129,CME,CME,US Equity,23.8,2002-12-06,2026-09-30,0.1912,1151,ROBUST,0.0169,0.6186,0.0563,0.7297,0.2168,0.8054
130,JCI,JCI,US Equity,26.7,2000-01-03,2026-09-30,0.0525,1151,ROBUST,0.013,0.5739,0.041,0.6731,0.2137,0.6342
131,TJX,TJX,US Equity,26.7,2000-01-03,2026-09-30,0.1733,1151,ROBUST,0.0124,0.5869,0.0351,0.6932,0.2122,0.9062
132,VOLV-B.ST,Volvo B,Swedish,26.9,2000-01-03,2026-09-30,0.1247,1148,ROBUST,0.0223,0.6052,0.0583,0.6761,0.2111,0.7953
133,TKO,TKO,US Equity,26.7,2000-01-03,2026-09-30,0.1311,1151,ROBUST,0.0142,0.5761,0.042,0.6716,0.2111,0.8332
134,INDU-C.ST,INDU-C.ST,Swedish,26.9,2000-01-03,2026-09-30,0.1057,1150,ROBUST,0.0162,0.6347,0.0702,0.7368,0.2107,0.7513
135,WYNN,WYNN,US Equity,23.9,2002-10-25,2026-09-30,0.1074,1151,ROBUST,-0.0064,0.4816,0.0035,0.5071,0.21,0.7324
136,UNP,UNP,US Equity,26.7,2000-01-03,2026-09-30,0.1508,1151,ROBUST,0.0155,0.5833,0.0445,0.6731,0.2096,0.8497
137,TRMB,TRMB,US Equity,26.7,2000-01-03,2026-09-30,0.1033,1151,ROBUST,0.0181,0.5631,0.046,0.615,0.2074,0.775
138,EQIX,EQIX,US Equity,26.1,2000-08-11,2026-09-30,0.0465,1151,ROBUST,0.0231,0.6143,0.0515,0.6389,0.2066,0.7698
139,CAT,CAT,US Equity,26.7,2000-01-03,2026-09-30,0.1691,1151,ROBUST,0.0192,0.5948,0.0683,0.6203,0.2048,0.8141
140,BOL.ST,BOL.ST,Swedish,24.9,2001-12-05,2026-09-30,0.1501,1148,ROBUST,0.0186,0.5706,0.0276,0.583,0.2042,0.6768
141,LMT,LMT,US Equity,26.7,2000-01-03,2026-09-30,0.1572,1151,ROBUST,0.0149,0.6035,0.0503,0.6642,0.2042,0.901
142,AME,AME,US Equity,26.7,2000-01-03,2026-09-30,0.1912,1151,ROBUST,0.0163,0.6092,0.0489,0.7275,0.204,0.9288
143,TPL,TPL,US Equity,26.7,2000-01-03,2026-09-30,0.2617,1151,ROBUST,0.0034,0.5105,0.0213,0.5443,0.2037,0.6655
144,J,J,US Equity,26.7,2000-01-03,2026-09-30,0.1233,1151,ROBUST,0.0203,0.6085,0.0613,0.6366,0.2035,0.8697
145,EXC,EXC,US Equity,26.7,2000-01-03,2026-09-30,0.0846,1151,ROBUST,0.016,0.6013,0.0392,0.6679,0.2023,0.9348
146,EXXT.DE,iSh NASDAQ-100,UCITS ETF,18.9,2008-01-02,2026-10-01,0.1493,520,THIN,0.0149,0.6565,0.0576,0.7409,0.2012,0.9692
147,CVX,CVX,US Equity,26.7,2000-01-03,2026-09-30,0.1012,1151,ROBUST,0.0201,0.6222,0.0419,0.6746,0.2009,0.8306
148,PCAR,PCAR,US Equity,26.7,2000-01-03,2026-09-30,0.1549,1151,ROBUST,0.0185,0.6229,0.0495,0.65,0.2009,0.7124
149,AIZ,AIZ,US Equity,22.6,2004-02-05,2026-09-30,0.1297,1151,ROBUST,0.0171,0.6482,0.0624,0.7215,0.2003,0.9522
150,GD,GD,US Equity,26.7,2000-01-03,2026-09-30,0.1253,1151,ROBUST,0.0178,0.6518,0.0517,0.8027,0.2002,0.8801
151,CNP,CNP,US Equity,26.7,2000-01-03,2026-09-30,0.0749,1151,ROBUST,0.016,0.615,0.0399,0.6642,0.1979,0.8158
152,DDOG,DDOG,US Equity,7.0,2019-09-19,2026-09-30,0.3276,520,THIN,0.0052,0.5159,0.0604,0.6067,0.1955,0.7327
153,EMR,EMR,US Equity,26.7,2000-01-03,2026-09-30,0.094,1151,ROBUST,0.0186,0.6229,0.037,0.65,0.1955,0.9418
154,MPC,MPC,US Equity,15.2,2011-06-24,2026-09-30,0.2566,520,THIN,0.0315,0.6124,0.0731,0.6699,0.195,0.7462
155,LNT,LNT,US Equity,26.7,2000-01-03,2026-09-30,0.1042,1151,ROBUST,0.0147,0.628,0.0523,0.7305,0.1934,0.848
156,MOS,MOS,US Equity,26.7,2000-01-03,2026-09-30,0.0237,1151,ROBUST,0.0142,0.5494,0.0219,0.5495,0.1911,0.629
157,NDAQ,NDAQ,US Equity,24.2,2002-07-01,2026-09-30,0.1384,1151,ROBUST,0.0294,0.6229,0.0622,0.653,0.191,0.7906
158,XOM,XOM,US Equity,26.7,2000-01-03,2026-09-30,0.0883,1151,ROBUST,0.0154,0.6114,0.0404,0.7156,0.1908,0.8514
159,GE,GE,US Equity,26.7,2000-01-03,2026-09-30,0.0335,1151,ROBUST,0.0136,0.6027,0.0568,0.7357,0.1904,0.8045
160,SNA,SNA,US Equity,26.7,2000-01-03,2026-09-30,0.1308,1151,ROBUST,0.0123,0.5869,0.0436,0.7133,0.1877,0.9279
161,BRK_B,BRK_B,US Equity,26.7,2000-01-03,2026-09-30,0.1042,1151,ROBUST,0.0077,0.5789,0.0273,0.7089,0.187,0.8923
162,MCK,MCK,US Equity,26.7,2000-01-03,2026-09-30,0.1528,1151,ROBUST,0.0187,0.6287,0.0722,0.6947,0.1866,0.8454
163,ATO,ATO,US Equity,26.7,2000-01-03,2026-09-30,0.1199,1151,ROBUST,0.0076,0.5818,0.0278,0.6835,0.1865,0.7672
164,DVN,DVN,US Equity,26.7,2000-01-03,2026-09-30,0.0605,1151,ROBUST,0.0127,0.5616,0.0248,0.5771,0.1865,0.6968
165,FE,FE,US Equity,26.7,2000-01-03,2026-09-30,0.0719,1151,ROBUST,0.0158,0.6265,0.0539,0.7573,0.1855,0.9774
166,TDG,TDG,US Equity,20.5,2006-03-15,2026-09-30,0.2647,933,MODERATE,0.0166,0.6056,0.0537,0.6676,0.1849,0.7481
167,SINCH.ST,SINCH.ST,Swedish,11.0,2015-10-08,2026-09-30,0.1969,519,THIN,0.0282,0.6063,0.0918,0.6513,0.1848,0.7071
168,TMO,TMO,US Equity,26.7,2000-01-03,2026-09-30,0.1623,1151,ROBUST,0.0152,0.5919,0.0595,0.6649,0.1844,0.7776
169,MLM,MLM,US Equity,26.7,2000-01-03,2026-09-30,0.1104,1151,ROBUST,0.0199,0.6136,0.0475,0.5756,0.1842,0.7107
170,HCA,HCA,US Equity,15.5,2011-03-10,2026-09-30,0.2069,520,THIN,0.0185,0.5661,0.0804,0.7303,0.1841,0.9558
171,CRM,CRM,US Equity,22.2,2004-06-23,2026-09-30,0.1968,1136,ROBUST,0.0061,0.5204,0.0196,0.5339,0.1834,0.6928
172,LRCX,LRCX,US Equity,26.7,2000-01-03,2026-09-30,0.1898,1151,ROBUST,0.0271,0.5862,0.0899,0.6999,0.1829,0.6577
173,INVE-B.ST,Investor B,Swedish,26.9,2000-01-03,2026-09-30,0.1348,1148,ROBUST,0.02,0.652,0.0654,0.7818,0.1824,0.7552
174,HM-B.ST,H&M B,Swedish,26.9,2000-01-03,2026-09-30,0.0375,1148,ROBUST,0.0091,0.5533,0.0265,0.5867,0.182,0.6716
175,WMT,WMT,US Equity,26.7,2000-01-03,2026-09-30,0.0776,1151,ROBUST,0.007,0.5537,0.021,0.6262,0.1817,0.8106
176,LHX,LHX,US Equity,26.7,2000-01-03,2026-09-30,0.1369,1151,ROBUST,0.0183,0.6121,0.0625,0.7156,0.1796,0.8653
177,MCD,MCD,US Equity,26.7,2000-01-03,2026-09-30,0.0944,1151,ROBUST,0.0101,0.5804,0.0279,0.6262,0.1796,0.8705
178,OXY,OXY,US Equity,26.7,2000-01-03,2026-09-30,0.0955,1151,ROBUST,0.0167,0.5854,0.0232,0.5488,0.1793,0.649
179,CTVA,CTVA,US Equity,7.3,2019-05-24,2026-09-30,0.1576,520,THIN,0.0128,0.5807,0.051,0.6517,0.1786,0.9808
180,NUE,NUE,US Equity,26.7,2000-01-03,2026-09-30,0.1412,1151,ROBUST,0.0242,0.5833,0.0518,0.6165,0.1782,0.7046
181,EBAY,EBAY,US Equity,26.7,2000-01-03,2026-09-30,0.1098,1151,ROBUST,0.0116,0.5436,0.0478,0.6389,0.1774,0.6056
182,BKR,BKR,US Equity,26.7,2000-01-03,2026-09-30,0.0701,1151,ROBUST,0.0153,0.5631,0.0569,0.6344,0.1773,0.8454
183,HII,HII,US Equity,15.5,2011-03-22,2026-09-30,0.1522,520,THIN,0.0246,0.5873,0.0832,0.639,0.176,0.6692
184,ETN,ETN,US Equity,26.7,2000-01-03,2026-09-30,0.1684,1151,ROBUST,0.0242,0.602,0.0618,0.6895,0.1754,0.7741
185,TRV,TRV,US Equity,26.7,2000-01-03,2026-09-30,0.1202,1151,ROBUST,0.0153,0.602,0.0441,0.7305,0.1752,0.8097
186,ALLE,ALLE,US Equity,12.8,2013-11-18,2026-09-30,0.1055,520,THIN,0.0027,0.5066,0.0341,0.5562,0.1743,0.7635
187,LVS,LVS,US Equity,21.8,2004-12-15,2026-09-30,0.0118,1130,ROBUST,-0.0058,0.4773,-0.0214,0.4788,0.1739,0.6265
188,KO,KO,US Equity,26.7,2000-01-03,2026-09-30,0.0721,1151,ROBUST,0.0117,0.6467,0.0476,0.7863,0.1738,0.9357
189,NI,NI,US Equity,26.7,2000-01-03,2026-09-30,0.1107,1151,ROBUST,0.0094,0.571,0.0322,0.6508,0.1734,0.6151
190,SXR8.DE,iSh Core S&P 500,UCITS ETF,16.5,2010-05-19,2026-10-01,0.1336,520,THIN,0.0146,0.7081,0.0532,0.8039,0.173,0.9827
191,EMIM.L,iSh Core MSCI EM,UCITS ETF,12.3,2014-06-09,2026-10-01,0.0849,520,THIN,0.0145,0.6618,0.0402,0.798,0.1724,0.9808
192,LIN,LIN,US Equity,26.7,2000-01-03,2026-09-30,0.1368,1151,ROBUST,0.0174,0.6337,0.0502,0.7506,0.1724,0.9079
193,TEL,TEL,US Equity,19.3,2007-06-14,2026-09-30,0.1132,603,THIN,0.0051,0.5316,0.0257,0.5874,0.1718,0.8358
194,NDA-SE.ST,NDA-SE.ST,Swedish,26.9,2000-01-03,2026-09-30,0.073,1148,ROBUST,0.0149,0.6146,0.0515,0.6992,0.1698,0.7875
195,NSC,NSC,US Equity,26.7,2000-01-03,2026-09-30,0.1321,1151,ROBUST,0.0138,0.5631,0.0478,0.6545,0.1694,0.8766
196,BEIJ-B.ST,BEIJ-B.ST,Swedish,26.9,2000-01-03,2026-09-30,0.0953,1150,ROBUST,0.0187,0.5908,0.0591,0.6238,0.1693,0.6174
197,MRK,MRK,US Equity,26.7,2000-01-03,2026-09-30,0.0684,1151,ROBUST,0.016,0.6049,0.0504,0.6508,0.1682,0.6751
198,SPG,SPG,US Equity,26.7,2000-01-03,2026-09-30,0.1396,1151,ROBUST,0.0225,0.6503,0.0703,0.7409,0.1681,0.8401
199,AMP,AMP,US Equity,21.0,2005-09-15,2026-09-30,0.1533,1053,ROBUST,0.0218,0.6144,0.0451,0.6586,0.1678,0.6296
200,ROL,ROL,US Equity,26.7,2000-01-03,2026-09-30,0.1562,1151,ROBUST,0.0078,0.5638,0.0335,0.6858,0.1674,0.8488
201,HPQ,HPQ,US Equity,26.7,2000-01-03,2026-09-30,0.0382,1151,ROBUST,0.0193,0.5955,0.067,0.656,0.1668,0.6664
202,AFL,AFL,US Equity,26.7,2000-01-03,2026-09-30,0.1118,1151,ROBUST,0.0117,0.5948,0.0352,0.7156,0.1668,0.8871
203,SHB-A.ST,Handelsbanken A,Swedish,26.9,2000-01-03,2026-09-30,0.1156,1148,ROBUST,0.0204,0.6434,0.0529,0.7089,0.1648,0.8057
204,TXT,TXT,US Equity,26.7,2000-01-03,2026-09-30,0.0374,1151,ROBUST,0.012,0.5667,0.0296,0.6292,0.1642,0.7315
205,APD,APD,US Equity,26.7,2000-01-03,2026-09-30,0.112,1151,ROBUST,0.0144,0.5991,0.0492,0.6545,0.1641,0.8349
206,CVS,CVS,US Equity,26.7,2000-01-03,2026-09-30,0.0769,1151,ROBUST,0.0205,0.5984,0.0496,0.656,0.1638,0.8202
207,C,C,US Equity,26.7,2000-01-03,2026-09-30,-0.0172,1151,ROBUST,0.0169,0.6078,0.0457,0.6783,0.1629,0.7454
208,KR,KR,US Equity,26.7,2000-01-03,2026-09-30,0.0853,1151,ROBUST,0.0047,0.5328,0.0316,0.6158,0.1628,0.7993
209,UBER,UBER,US Equity,7.4,2019-05-10,2026-09-30,0.0701,520,THIN,0.0004,0.5,0.0424,0.625,0.1626,0.6519
210,TROW,TROW,US Equity,26.7,2000-01-03,2026-09-30,0.0988,1151,ROBUST,0.0101,0.5638,0.0371,0.6411,0.1618,0.7576
211,VZ,VZ,US Equity,26.7,2000-01-03,2026-09-30,0.0425,1151,ROBUST,0.0104,0.571,0.0424,0.7133,0.161,0.8358
212,EUNL.DE,iSh MSCI World,UCITS ETF,17.1,2009-09-25,2026-10-01,0.1248,520,THIN,0.0161,0.7252,0.0488,0.8263,0.161,0.9865
213,SRE,SRE,US Equity,26.7,2000-01-03,2026-09-30,0.1228,1151,ROBUST,0.0142,0.6085,0.0486,0.6649,0.1605,0.841
214,V,V,US Equity,18.5,2008-03-19,2026-09-30,0.1995,520,THIN,0.0093,0.5582,0.0307,0.6404,0.1602,0.7673
215,BEN,BEN,US Equity,26.7,2000-01-03,2026-09-30,0.0718,1151,ROBUST,0.0131,0.5609,0.0495,0.5964,0.1602,0.6438
216,PSX,PSX,US Equity,14.4,2012-04-12,2026-09-30,0.1883,520,THIN,0.0336,0.6481,0.0625,0.6376,0.1599,0.6712
217,QQQ,QQQ,US Equity,26.7,2000-01-03,2026-09-30,0.087,1151,ROBUST,0.0132,0.6251,0.0426,0.7215,0.1599,0.8836
218,AXON,AXON,US Equity,25.2,2001-06-19,2026-09-30,0.3105,1151,ROBUST,0.0167,0.5624,0.0608,0.5666,0.1599,0.563
219,BAC,BAC,US Equity,26.7,2000-01-03,2026-09-30,0.0573,1151,ROBUST,0.0107,0.6006,0.0414,0.6813,0.1595,0.7515
220,NOC,NOC,US Equity,26.7,2000-01-03,2026-09-30,0.1423,1151,ROBUST,0.0141,0.6049,0.0301,0.6582,0.1586,0.8723
221,MAR,MAR,US Equity,26.7,2000-01-03,2026-09-30,0.1386,1151,ROBUST,0.0127,0.5717,0.0313,0.6069,0.1584,0.7472
222,AMZN,AMZN,US Equity,26.7,2000-01-03,2026-09-30,0.1626,1151,ROBUST,0.0188,0.5775,0.0438,0.6069,0.1577,0.7854
223,D,D,US Equity,26.7,2000-01-03,2026-09-30,0.0883,1151,ROBUST,0.0166,0.6157,0.0398,0.7416,0.1575,0.9105
224,ES,ES,US Equity,26.7,2000-01-03,2026-09-30,0.0783,1151,ROBUST,0.0134,0.6006,0.0479,0.7029,0.1564,0.828
225,NDSN,NDSN,US Equity,26.7,2000-01-03,2026-09-30,0.1463,1151,ROBUST,0.0225,0.6193,0.0594,0.6642,0.1556,0.682
226,COR,COR,US Equity,26.7,2000-01-03,2026-09-30,0.1967,1151,ROBUST,0.0208,0.628,0.043,0.653,0.1554,0.7706
227,OKE,OKE,US Equity,26.7,2000-01-03,2026-09-30,0.1616,1151,ROBUST,0.0179,0.6222,0.0679,0.7029,0.1537,0.7932
228,EXSA.DE,iSh STOXX Europe 600,UCITS ETF,18.9,2008-01-02,2026-10-01,0.0519,521,THIN,0.0134,0.6499,0.0382,0.8529,0.1533,0.9923
229,TTWO,TTWO,US Equity,26.7,2000-01-03,2026-09-30,0.1242,1151,ROBUST,0.0012,0.504,0.0286,0.5771,0.1524,0.7098
230,MTD,MTD,US Equity,26.7,2000-01-03,2026-09-30,0.151,1151,ROBUST,0.016,0.5912,0.0662,0.6582,0.1517,0.7993
231,HIG,HIG,US Equity,26.7,2000-01-03,2026-09-30,0.06,1151,ROBUST,0.0121,0.5761,0.044,0.7223,0.1516,0.801
232,MET,MET,US Equity,26.4,2000-04-05,2026-09-30,0.1005,1151,ROBUST,0.0142,0.5898,0.0414,0.729,0.1514,0.7359
233,AZO,AZO,US Equity,26.7,2000-01-03,2026-09-30,0.1849,1151,ROBUST,0.0127,0.558,0.0314,0.5905,0.1511,0.6794
234,XEL,XEL,US Equity,26.7,2000-01-03,2026-09-30,0.0935,1151,ROBUST,0.0123,0.6121,0.0432,0.6813,0.1504,0.861
235,COST,COST,US Equity,26.7,2000-01-03,2026-09-30,0.1369,1151,ROBUST,0.0103,0.5876,0.0469,0.6865,0.1487,0.8323
236,PNC,PNC,US Equity,26.7,2000-01-03,2026-09-30,0.0971,1151,ROBUST,0.0139,0.6056,0.0444,0.6783,0.148,0.7958
237,KIM,KIM,US Equity,26.7,2000-01-03,2026-09-30,0.077,1151,ROBUST,0.0126,0.5811,0.0625,0.6545,0.1471,0.7029
238,URI,URI,US Equity,26.7,2000-01-03,2026-09-30,0.1674,1151,ROBUST,0.0234,0.5804,0.0725,0.621,0.146,0.6594
239,IDXX,IDXX,US Equity,26.7,2000-01-03,2026-09-30,0.2001,1151,ROBUST,0.0081,0.5624,0.0372,0.5949,0.1458,0.8063
240,SPY,SPY,US Equity,26.7,2000-01-03,2026-09-30,0.0828,1151,ROBUST,0.0137,0.695,0.0404,0.7729,0.1457,0.8341
241,TYL,TYL,US Equity,26.7,2000-01-03,2026-09-30,0.1614,1151,ROBUST,0.0053,0.5342,0.0317,0.58,0.1456,0.6977
242,BA,BA,US Equity,26.7,2000-01-03,2026-09-30,0.0766,1151,ROBUST,0.0079,0.5393,0.0294,0.6009,0.1453,0.6264
243,FANG,FANG,US Equity,13.9,2012-10-12,2026-09-30,0.207,520,THIN,0.0092,0.5529,0.0194,0.5787,0.1436,0.5577
244,REG,REG,US Equity,26.7,2000-01-03,2026-09-30,0.0984,1151,ROBUST,0.0096,0.5696,0.0253,0.6404,0.143,0.7593
245,SXRJ.DE,iSh Core MSCI Japan,UCITS ETF,16.6,2009-11-27,2026-10-01,0.0961,520,THIN,0.0117,0.6446,0.0333,0.7535,0.143,0.9885
246,LH,LH,US Equity,26.7,2000-01-03,2026-09-30,0.15,1151,ROBUST,0.0184,0.6265,0.0505,0.685,0.1428,0.8766
247,WEC,WEC,US Equity,26.7,2000-01-03,2026-09-30,0.128,1151,ROBUST,0.0113,0.6027,0.033,0.6895,0.142,0.8949
248,YUM,YUM,US Equity,26.7,2000-01-03,2026-09-30,0.1365,1151,ROBUST,0.0042,0.5371,0.0211,0.6299,0.1419,0.8949
249,FAST,FAST,US Equity,26.7,2000-01-03,2026-09-30,0.1671,1151,ROBUST,0.0133,0.5761,0.0649,0.6627,0.1419,0.8219
250,FRT,FRT,US Equity,26.7,2000-01-03,2026-09-30,0.1128,1151,ROBUST,0.0151,0.6092,0.0524,0.6947,0.1416,0.6672
251,DAL,DAL,US Equity,19.4,2007-05-03,2026-09-30,0.083,633,THIN,0.0181,0.5443,0.0526,0.5709,0.1413,0.6667
252,PFG,PFG,US Equity,24.9,2001-10-23,2026-09-30,0.0985,1151,ROBUST,0.0217,0.6359,0.0454,0.7193,0.1411,0.7724
253,AXP,AXP,US Equity,26.7,2000-01-03,2026-09-30,0.0878,1151,ROBUST,0.0127,0.5862,0.0434,0.6642,0.1402,0.7871
254,ROST,ROST,US Equity,26.7,2000-01-03,2026-09-30,0.2027,1151,ROBUST,0.0108,0.5415,0.0357,0.624,0.1393,0.7411
255,DOC,DOC,US Equity,26.7,2000-01-03,2026-09-30,0.0864,1151,ROBUST,0.01,0.5645,0.0365,0.6106,0.1392,0.702
256,JBHT,JBHT,US Equity,26.7,2000-01-03,2026-09-30,0.1809,1151,ROBUST,0.0089,0.5386,0.0431,0.6098,0.1391,0.7202
257,DTE,DTE,US Equity,26.7,2000-01-03,2026-09-30,0.105,1151,ROBUST,0.0083,0.571,0.0302,0.662,0.1391,0.7385
258,GL,GL,US Equity,26.7,2000-01-03,2026-09-30,0.1118,1151,ROBUST,0.0131,0.6294,0.041,0.7453,0.139,0.6577
259,SKF-B.ST,SKF B,Swedish,26.9,2000-01-03,2026-09-30,0.0961,1148,ROBUST,0.0228,0.6282,0.0605,0.6508,0.1381,0.7439
260,BMY,BMY,US Equity,26.7,2000-01-03,2026-09-30,0.0382,1151,ROBUST,0.008,0.5624,0.0269,0.5607,0.138,0.6829
261,EXE,EXE,US Equity,5.6,2021-02-10,2026-09-30,0.1666,520,THIN,-0.0024,0.4894,-0.0151,0.4635,0.1374,0.7192
262,PEG,PEG,US Equity,26.7,2000-01-03,2026-09-30,0.0958,1151,ROBUST,0.0121,0.5919,0.0265,0.6277,0.1363,0.7889
263,IRM,IRM,US Equity,26.7,2000-01-03,2026-09-30,0.1345,1151,ROBUST,0.0139,0.5732,0.0557,0.6225,0.1353,0.7437
264,APA,APA,US Equity,26.7,2000-01-03,2026-09-30,0.0546,1151,ROBUST,0.0107,0.5429,0.0167,0.5316,0.1353,0.6412
265,HON,HON,US Equity,26.7,2000-01-03,2026-09-30,0.0784,1151,ROBUST,0.0087,0.5725,0.036,0.6322,0.1353,0.8662
266,USB,USB,US Equity,26.7,2000-01-03,2026-09-30,0.0743,1151,ROBUST,0.0068,0.5552,0.0363,0.6969,0.1351,0.8288
267,RSG,RSG,US Equity,26.7,2000-01-03,2026-09-30,0.1431,1151,ROBUST,0.0149,0.6273,0.0408,0.7103,0.1351,0.788
268,REGN,REGN,US Equity,26.7,2000-01-03,2026-09-30,0.1673,1151,ROBUST,0.01,0.5386,0.0343,0.5614,0.1343,0.649
269,O,O,US Equity,26.7,2000-01-03,2026-09-30,0.1255,1151,ROBUST,0.0132,0.5955,0.0336,0.6739,0.1343,0.801
270,VRSN,VRSN,US Equity,26.7,2000-01-03,2026-09-30,0.0217,1151,ROBUST,0.0086,0.5407,0.0301,0.6069,0.1335,0.7359
271,DUK,DUK,US Equity,26.7,2000-01-03,2026-09-30,0.0856,1151,ROBUST,0.0161,0.6337,0.0482,0.7364,0.13,0.8653
272,PODD,PODD,US Equity,19.3,2007-05-15,2026-09-30,0.1147,625,THIN,-0.0163,0.4309,0.0425,0.5716,0.1294,0.6304
273,WFC,WFC,US Equity,26.7,2000-01-03,2026-09-30,0.0829,1151,ROBUST,0.0074,0.5753,0.0339,0.691,0.1293,0.7715
274,NOVO-B.CO,Novo Nordisk B,UCITS ETF,25.7,2001-01-08,2026-10-01,0.129,1149,ROBUST,0.0202,0.5961,0.0432,0.6077,0.1287,0.5997
275,DD,DD,US Equity,26.7,2000-01-03,2026-09-30,0.1639,1150,ROBUST,0.0152,0.584,0.0389,0.6329,0.1285,0.7017
276,MTB,MTB,US Equity,26.7,2000-01-03,2026-09-30,0.093,1151,ROBUST,0.0081,0.5638,0.03,0.6418,0.1284,0.6229
277,LYV,LYV,US Equity,20.7,2005-12-21,2026-09-30,0.1417,993,MODERATE,0.0197,0.5997,0.0543,0.6515,0.1278,0.6838
278,CL,CL,US Equity,26.7,2000-01-03,2026-09-30,0.061,1151,ROBUST,0.0126,0.6114,0.0356,0.6977,0.1275,0.7837
279,APO,APO,US Equity,15.5,2011-03-30,2026-09-30,0.1985,520,THIN,0.0137,0.5569,0.0316,0.5983,0.1273,0.5673
280,BIIB,BIIB,US Equity,26.7,2000-01-03,2026-09-30,0.0771,1151,ROBUST,0.0094,0.5501,0.0214,0.5443,0.1273,0.6438
281,NWS,NWS,US Equity,13.3,2013-06-19,2026-09-30,0.0658,520,THIN,0.0164,0.5794,0.0366,0.6419,0.127,0.6192
282,CPRT,CPRT,US Equity,26.7,2000-01-03,2026-09-30,0.1407,1151,ROBUST,-0.0007,0.4924,0.0007,0.5011,0.1269,0.669
283,ABT,ABT,US Equity,26.7,2000-01-03,2026-09-30,0.0985,1151,ROBUST,0.0055,0.5335,0.0189,0.5815,0.1268,0.7593
284,GETI-B.ST,GETI-B.ST,Swedish,26.9,2000-01-03,2026-09-30,0.1329,1148,ROBUST,0.0184,0.6326,0.0476,0.6284,0.1263,0.8057
285,EXH1.DE,iSh Core MSCI Europe,UCITS ETF,18.9,2008-01-02,2026-10-01,0.0427,521,THIN,0.0176,0.6565,0.0413,0.6443,0.1258,0.8081
286,LIFCO-B.ST,LIFCO-B.ST,Swedish,11.8,2014-11-21,2026-09-30,0.255,517,THIN,0.0109,0.5403,0.0551,0.7107,0.1252,0.6518
287,SBAC,SBAC,US Equity,26.7,2000-01-03,2026-09-30,0.0891,1151,ROBUST,0.0117,0.5494,0.053,0.6344,0.1246,0.6672
288,PNW,PNW,US Equity,26.7,2000-01-03,2026-09-30,0.09,1151,ROBUST,0.0086,0.5818,0.0191,0.5972,0.1244,0.6672
289,ALL,ALL,US Equity,26.7,2000-01-03,2026-09-30,0.1141,1151,ROBUST,0.0123,0.5854,0.0326,0.6508,0.1238,0.6855
290,CAH,CAH,US Equity,26.7,2000-01-03,2026-09-30,0.1069,1151,ROBUST,0.0121,0.558,0.0436,0.6225,0.1238,0.6924
291,EXI3.DE,iSh STOXX 600 Financials,UCITS ETF,18.9,2008-01-02,2026-10-01,0.0748,521,THIN,0.0124,0.6499,0.04,0.7717,0.1229,0.8695
292,ADM,ADM,US Equity,26.7,2000-01-03,2026-09-30,0.1021,1151,ROBUST,0.0098,0.5479,0.0242,0.5592,0.1228,0.6021
293,PKG,PKG,US Equity,26.6,2000-01-28,2026-09-30,0.1487,1151,ROBUST,0.0171,0.6143,0.0439,0.6761,0.1218,0.7811
294,KEY,KEY,US Equity,26.7,2000-01-03,2026-09-30,0.0352,1151,ROBUST,0.0043,0.5256,0.0268,0.615,0.1211,0.7055
295,RF,RF,US Equity,26.7,2000-01-03,2026-09-30,0.0475,1151,ROBUST,0.0069,0.5429,0.0263,0.5853,0.1209,0.702
296,PLD,PLD,US Equity,26.7,2000-01-03,2026-09-30,0.1138,1151,ROBUST,0.0158,0.5963,0.047,0.6433,0.1207,0.7107
297,CB,CB,US Equity,26.7,2000-01-03,2026-09-30,0.141,1151,ROBUST,0.009,0.5753,0.0443,0.688,0.12,0.8732
298,WAT,WAT,US Equity,26.7,2000-01-03,2026-09-30,0.1121,1151,ROBUST,0.0191,0.6121,0.0566,0.6567,0.1195,0.755
299,ECL,ECL,US Equity,26.7,2000-01-03,2026-09-30,0.1187,1151,ROBUST,0.0084,0.566,0.0439,0.7111,0.1173,0.9253
300,GWW,GWW,US Equity,26.7,2000-01-03,2026-09-30,0.15,1151,ROBUST,0.0209,0.6258,0.0482,0.6798,0.1166,0.8149
301,BDX,BDX,US Equity,26.7,2000-01-03,2026-09-30,0.1026,1151,ROBUST,0.0054,0.5537,0.0183,0.5957,0.1165,0.6447
302,VMC,VMC,US Equity,26.7,2000-01-03,2026-09-30,0.0859,1151,ROBUST,0.0086,0.5479,0.0207,0.5689,0.1152,0.7159
303,COP,COP,US Equity,26.7,2000-01-03,2026-09-30,0.1115,1151,ROBUST,0.0142,0.5725,0.0221,0.5763,0.1148,0.6638
304,VLO,VLO,US Equity,26.7,2000-01-03,2026-09-30,0.2118,1151,ROBUST,0.0365,0.6366,0.0766,0.6657,0.1141,0.682
305,AMT,AMT,US Equity,26.7,2000-01-03,2026-09-30,0.0799,1151,ROBUST,0.0193,0.6078,0.0339,0.6329,0.1138,0.6733
306,ATCO-A.ST,Atlas Copco A,Swedish,26.9,2000-01-03,2026-09-30,0.1566,1148,ROBUST,0.0204,0.6052,0.0474,0.6433,0.1136,0.6141
307,TT,TT,US Equity,26.7,2000-01-03,2026-09-30,0.1503,1151,ROBUST,0.0179,0.5991,0.0535,0.6552,0.1134,0.7724
308,AON,AON,US Equity,26.7,2000-01-03,2026-09-30,0.092,1151,ROBUST,0.0086,0.5696,0.0255,0.5972,0.1126,0.6977
309,CHD,CHD,US Equity,26.7,2000-01-03,2026-09-30,0.1359,1151,ROBUST,0.0108,0.5963,0.021,0.5845,0.112,0.7428
310,KLAC,KLAC,US Equity,26.7,2000-01-03,2026-09-30,0.1716,1151,ROBUST,0.0218,0.602,0.0808,0.7163,0.1117,0.6603
311,ROK,ROK,US Equity,26.7,2000-01-03,2026-09-30,0.1495,1151,ROBUST,0.0143,0.5703,0.021,0.586,0.1113,0.6447
312,CMS,CMS,US Equity,26.7,2000-01-03,2026-09-30,0.0608,1151,ROBUST,0.007,0.558,0.0322,0.656,0.1108,0.7498
313,ASSA-B.ST,ASSA-B.ST,Swedish,26.9,2000-01-03,2026-09-30,0.104,1148,ROBUST,0.0126,0.5829,0.0458,0.6515,0.1096,0.743
314,CPAY,CPAY,US Equity,15.8,2010-12-15,2026-09-30,0.1837,520,THIN,0.0123,0.545,0.0349,0.5674,0.1088,0.7077
315,EIX,EIX,US Equity,26.7,2000-01-03,2026-09-30,0.0617,1151,ROBUST,0.0184,0.602,0.0482,0.6947,0.1081,0.6551
316,EOG,EOG,US Equity,26.7,2000-01-03,2026-09-30,0.1607,1151,ROBUST,0.0105,0.54,0.0154,0.5488,0.1078,0.6855
317,DGX,DGX,US Equity,26.7,2000-01-03,2026-09-30,0.1522,1151,ROBUST,0.0168,0.5955,0.0537,0.7141,0.1076,0.722
318,RJF,RJF,US Equity,26.7,2000-01-03,2026-09-30,0.1522,1151,ROBUST,0.0185,0.6035,0.0323,0.6098,0.1072,0.7724
319,HSIC,HSIC,US Equity,26.7,2000-01-03,2026-09-30,0.1411,1151,ROBUST,0.0073,0.5573,0.0229,0.618,0.1041,0.7611
320,HST,HST,US Equity,26.7,2000-01-03,2026-09-30,0.0725,1151,ROBUST,0.01,0.5552,0.0479,0.6418,0.1039,0.6195
321,INRG.L,iSh Global Clean Energy,UCITS ETF,17.8,2009-01-02,2026-10-01,-0.0099,520,THIN,-0.0027,0.4769,0.0105,0.5302,0.1031,0.5135
322,PRU,PRU,US Equity,24.8,2001-12-13,2026-09-30,0.0892,1151,ROBUST,0.0108,0.5732,0.0321,0.6687,0.1011,0.6447
323,ROP,ROP,US Equity,26.7,2000-01-03,2026-09-30,0.1252,1151,ROBUST,0.0099,0.5768,0.0316,0.6292,0.1005,0.7037
324,FLEX,FLEX,US Equity,26.7,2000-01-03,2026-09-30,0.0723,1151,ROBUST,0.0109,0.5624,0.0406,0.6136,0.1002,0.6699
325,CINF,CINF,US Equity,26.7,2000-01-03,2026-09-30,0.103,1151,ROBUST,0.0071,0.5645,0.0228,0.6374,0.0999,0.6811
326,DLTR,DLTR,US Equity,26.7,2000-01-03,2026-09-30,0.0921,1151,ROBUST,0.0139,0.5465,0.0171,0.5302,0.0983,0.5586
327,SO,SO,US Equity,26.7,2000-01-03,2026-09-30,0.1183,1151,ROBUST,0.0096,0.6006,0.035,0.685,0.0979,0.9513
328,SYK,SYK,US Equity,26.7,2000-01-03,2026-09-30,0.1197,1151,ROBUST,0.0125,0.5818,0.0178,0.58,0.0967,0.6221
329,AEE,AEE,US Equity,26.7,2000-01-03,2026-09-30,0.0899,1151,ROBUST,0.0066,0.5667,0.0237,0.6314,0.0956,0.7897
330,ACGL,ACGL,US Equity,26.7,2000-01-03,2026-09-30,0.1762,1151,ROBUST,0.0102,0.5595,0.0349,0.6768,0.0953,0.7628
331,LDOS,LDOS,US Equity,19.9,2006-10-17,2026-09-30,0.0891,776,MODERATE,0.0053,0.5316,0.0519,0.6374,0.0951,0.799
332,MMM,MMM,US Equity,26.7,2000-01-03,2026-09-30,0.0838,1151,ROBUST,0.0174,0.6157,0.0431,0.6404,0.0949,0.7958
333,BAX,BAX,US Equity,26.7,2000-01-03,2026-09-30,0.0336,1151,ROBUST,0.014,0.5854,0.0182,0.548,0.0948,0.6108
334,DIS,DIS,US Equity,26.7,2000-01-03,2026-09-30,0.0592,1151,ROBUST,0.0012,0.5054,0.0127,0.5592,0.0921,0.603
335,BXP,BXP,US Equity,26.7,2000-01-03,2026-09-30,0.0739,1151,ROBUST,0.0069,0.5357,0.0597,0.6106,0.0914,0.636
336,ON,ON,US Equity,26.4,2000-05-02,2026-09-30,0.0451,1151,ROBUST,0.0019,0.5061,0.0288,0.5495,0.0904,0.5413
337,PSA,PSA,US Equity,26.7,2000-01-03,2026-09-30,0.1413,1151,ROBUST,0.009,0.558,0.037,0.6299,0.089,0.7037
338,EXV6.DE,iSh STOXX 600 Energy,UCITS ETF,18.9,2008-01-02,2026-10-01,0.0354,521,THIN,0.0201,0.5878,0.0392,0.6653,0.0888,0.7121
339,EW,EW,US Equity,26.5,2000-03-27,2026-09-30,0.1693,1151,ROBUST,0.01,0.5804,0.0172,0.6009,0.088,0.7228
340,HEXA-B.ST,HEXA-B.ST,Swedish,26.9,2000-01-03,2026-09-30,0.1767,1148,ROBUST,0.0118,0.5598,0.058,0.6314,0.0875,0.635
341,SPGI,SPGI,US Equity,26.7,2000-01-03,2026-09-30,0.1213,1151,ROBUST,0.0077,0.5479,0.0252,0.583,0.0873,0.5552
342,LATO-B.ST,LATO-B.ST,Swedish,26.9,2000-01-03,2026-09-30,0.1495,1150,ROBUST,0.0081,0.5497,0.016,0.5472,0.0871,0.5139
343,HUBB,HUBB,US Equity,26.7,2000-01-03,2026-09-30,0.1419,1151,ROBUST,0.0102,0.558,0.0263,0.5704,0.086,0.7116
344,MSFT,MSFT,US Equity,26.7,2000-01-03,2026-09-30,0.1053,1151,ROBUST,0.0116,0.571,0.032,0.6098,0.0853,0.6942
345,SOLV,SOLV,US Equity,2.5,2024-03-26,2026-09-30,0.0395,369,THIN,0.0062,0.519,0.028,0.5882,0.0843,0.8238
346,CCI,CCI,US Equity,26.7,2000-01-03,2026-09-30,0.0505,1151,ROBUST,0.0077,0.5393,0.0281,0.5994,0.0837,0.682
347,LII,LII,US Equity,26.7,2000-01-03,2026-09-30,0.1647,1151,ROBUST,0.0173,0.5991,0.0523,0.6113,0.0822,0.629
348,PG,PG,US Equity,26.7,2000-01-03,2026-09-30,0.0656,1151,ROBUST,0.0079,0.5883,0.0141,0.5875,0.0816,0.7089
349,ED,ED,US Equity,26.7,2000-01-03,2026-09-30,0.0898,1151,ROBUST,0.0081,0.5833,0.0255,0.6411,0.0808,0.795
350,WTW,WTW,US Equity,25.2,2001-06-12,2026-09-30,0.0991,1151,ROBUST,0.0078,0.5717,0.0208,0.5607,0.0802,0.6325
351,DRI,DRI,US Equity,26.7,2000-01-03,2026-09-30,0.1423,1151,ROBUST,0.0074,0.5422,0.0376,0.5994,0.0792,0.695
352,TREL-B.ST,TREL-B.ST,Swedish,26.9,2000-01-03,2026-09-30,0.1316,1150,ROBUST,0.0216,0.611,0.0688,0.6364,0.079,0.6191
353,AMAT,AMAT,US Equity,26.7,2000-01-03,2026-09-30,0.1235,1151,ROBUST,0.016,0.571,0.0496,0.6344,0.0784,0.6803
354,JNJ,JNJ,US Equity,26.7,2000-01-03,2026-09-30,0.0956,1151,ROBUST,0.0062,0.5494,0.0309,0.6292,0.0779,0.8436
355,DHR,DHR,US Equity,26.7,2000-01-03,2026-09-30,0.1561,1151,ROBUST,0.0101,0.5746,0.0346,0.6359,0.0777,0.6742
356,DOV,DOV,US Equity,26.7,2000-01-03,2026-09-30,0.0911,1151,ROBUST,0.0083,0.5516,0.0165,0.5949,0.0775,0.702
357,CDNS,CDNS,US Equity,26.7,2000-01-03,2026-09-30,0.1067,1151,ROBUST,0.0114,0.5624,0.0295,0.5756,0.0771,0.6725
358,EXPD,EXPD,US Equity,26.7,2000-01-03,2026-09-30,0.1233,1151,ROBUST,0.0189,0.6063,0.0346,0.6374,0.077,0.6916
359,PEP,PEP,US Equity,26.7,2000-01-03,2026-09-30,0.0745,1151,ROBUST,0.006,0.5544,0.0165,0.6001,0.0768,0.7072
360,PCG,PCG,US Equity,26.7,2000-01-03,2026-09-30,0.0025,1151,ROBUST,0.0099,0.5818,0.0463,0.6687,0.0763,0.5891
361,CMG,CMG,US Equity,20.6,2006-01-26,2026-09-30,0.1901,967,MODERATE,0.0148,0.5661,0.0579,0.5893,0.0762,0.5274
362,HAL,HAL,US Equity,26.7,2000-01-03,2026-09-30,0.0356,1151,ROBUST,0.0059,0.5227,0.0094,0.5182,0.0757,0.5526
363,ESS,ESS,US Equity,26.7,2000-01-03,2026-09-30,0.1224,1151,ROBUST,0.0141,0.6092,0.0461,0.6255,0.0757,0.6142
364,TFC,TFC,US Equity,26.7,2000-01-03,2026-09-30,0.0605,1151,ROBUST,0.0067,0.5465,0.0249,0.6426,0.0747,0.7263
365,KKR,KKR,US Equity,16.2,2010-07-15,2026-09-30,0.1853,520,THIN,0.0203,0.5833,0.0767,0.6489,0.0743,0.5212
366,EPI-A.ST,EPI-A.ST,Swedish,8.2,2018-06-18,2026-09-30,0.1579,517,THIN,0.0024,0.5086,0.0155,0.5576,0.0742,0.8143
367,XYZ,XYZ,US Equity,10.8,2015-11-19,2026-09-30,0.1729,520,THIN,0.007,0.5265,0.0707,0.6053,0.0741,0.6365
368,EXV3.DE,iSh STOXX 600 HC,UCITS ETF,18.9,2008-01-02,2026-10-01,0.0751,521,THIN,0.0061,0.5376,0.0232,0.6261,0.074,0.7198
369,RMD,RMD,US Equity,26.7,2000-01-03,2026-09-30,0.1598,1151,ROBUST,0.0124,0.5559,0.0385,0.5994,0.0734,0.6386
370,ERIC-B.ST,Ericsson B,Swedish,26.9,2000-01-03,2026-09-30,-0.0391,1150,ROBUST,0.013,0.5771,0.0157,0.5309,0.0732,0.6583
371,BR,BR,US Equity,19.5,2007-03-22,2026-09-30,0.1349,664,MODERATE,0.0035,0.5267,0.0191,0.5654,0.0707,0.5843
372,TECH,TECH,US Equity,26.7,2000-01-03,2026-09-30,0.0974,1151,ROBUST,0.005,0.5415,0.0349,0.6307,0.0682,0.6099
373,WM,WM,US Equity,26.7,2000-01-03,2026-09-30,0.1213,1151,ROBUST,0.0095,0.571,0.019,0.5994,0.0675,0.7263
374,ITW,ITW,US Equity,26.7,2000-01-03,2026-09-30,0.1045,1151,ROBUST,0.0059,0.553,0.0284,0.6143,0.0664,0.7619
375,FITB,FITB,US Equity,26.7,2000-01-03,2026-09-30,0.032,1151,ROBUST,0.0057,0.5357,0.0253,0.6106,0.0661,0.6177
376,ADI,ADI,US Equity,26.7,2000-01-03,2026-09-30,0.1052,1151,ROBUST,-0.0008,0.4968,0.0283,0.5979,0.066,0.5847
377,SHW,SHW,US Equity,26.7,2000-01-03,2026-09-30,0.1736,1151,ROBUST,0.0095,0.5552,0.0221,0.6061,0.0641,0.6212
378,LLY,LLY,US Equity,26.7,2000-01-03,2026-09-30,0.1432,1151,ROBUST,0.0039,0.5263,0.0307,0.592,0.0636,0.6464
379,ARES,ARES,US Equity,12.4,2014-05-02,2026-09-30,0.2088,520,THIN,0.0254,0.6204,0.0826,0.677,0.0634,0.5269
380,CTSH,CTSH,US Equity,26.7,2000-01-03,2026-09-30,0.1397,1151,ROBUST,0.0072,0.535,0.039,0.5867,0.0614,0.5891
381,STE,STE,US Equity,26.7,2000-01-03,2026-09-30,0.1342,1151,ROBUST,-0.0016,0.4881,0.0235,0.6091,0.061,0.7237
382,ORLY,ORLY,US Equity,26.7,2000-01-03,2026-09-30,0.1962,1151,ROBUST,0.0064,0.535,0.0268,0.5808,0.0608,0.6377
383,MCO,MCO,US Equity,26.7,2000-01-03,2026-09-30,0.1614,1151,ROBUST,0.019,0.6027,0.0478,0.6083,0.0606,0.5578
384,ADP,ADP,US Equity,26.7,2000-01-03,2026-09-30,0.094,1151,ROBUST,-0.0006,0.4939,0.0161,0.5934,0.0595,0.6012
385,WRB,WRB,US Equity,26.7,2000-01-03,2026-09-30,0.1825,1151,ROBUST,0.0119,0.5934,0.0279,0.6054,0.0595,0.5586
386,JKHY,JKHY,US Equity,26.7,2000-01-03,2026-09-30,0.1055,1151,ROBUST,0.0037,0.5234,0.0204,0.5897,0.0595,0.6785
387,TXN,TXN,US Equity,26.7,2000-01-03,2026-09-30,0.0858,1151,ROBUST,0.0047,0.5191,0.0282,0.5614,0.0586,0.6377
388,UHS,UHS,US Equity,26.7,2000-01-03,2026-09-30,0.1209,1151,ROBUST,0.0064,0.5328,0.0314,0.5845,0.0584,0.6221
389,IEX,IEX,US Equity,26.7,2000-01-03,2026-09-30,0.1285,1151,ROBUST,0.012,0.5588,0.0275,0.586,0.0571,0.6351
390,FISV,FISV,US Equity,26.7,2000-01-03,2026-09-30,0.0763,1150,ROBUST,0.0028,0.5177,0.002,0.5048,0.0557,0.5713
391,SYY,SYY,US Equity,26.7,2000-01-03,2026-09-30,0.0811,1151,ROBUST,0.0012,0.5126,0.0036,0.5093,0.0551,0.5969
392,FIS,FIS,US Equity,25.2,2001-06-20,2026-09-30,0.0537,1151,ROBUST,0.0054,0.5242,0.0235,0.5488,0.055,0.5838
393,RCL,RCL,US Equity,26.7,2000-01-03,2026-09-30,0.0824,1151,ROBUST,0.0009,0.5054,0.0236,0.5763,0.0549,0.6021
394,BALL,BALL,US Equity,26.7,2000-01-03,2026-09-30,0.135,1151,ROBUST,0.0139,0.5739,0.0481,0.6024,0.0548,0.6229
395,DVA,DVA,US Equity,26.7,2000-01-03,2026-09-30,0.1764,1151,ROBUST,0.0056,0.5256,0.0366,0.6054,0.0541,0.6499
396,EXV4.DE,iSh STOXX 600 Industrials,UCITS ETF,18.9,2008-01-02,2026-10-01,0.0707,521,THIN,0.0074,0.5654,0.0194,0.6078,0.0534,0.7063
397,PNR,PNR,US Equity,26.7,2000-01-03,2026-09-30,0.0762,1151,ROBUST,-0.0015,0.491,0.0054,0.5182,0.0529,0.6134
398,RVTY,RVTY,US Equity,26.7,2000-01-03,2026-09-30,0.0876,1151,ROBUST,0.0084,0.5357,0.028,0.5659,0.0521,0.6203
399,MSCI,MSCI,US Equity,18.8,2007-11-15,2026-09-30,0.1827,520,THIN,-0.0014,0.4907,0.0047,0.5154,0.0478,0.7308
400,SECU-B.ST,SECU-B.ST,Swedish,26.9,2000-01-03,2026-09-30,0.0293,1150,ROBUST,0.0119,0.5929,0.0286,0.5993,0.0467,0.5487
401,NFLX,NFLX,US Equity,24.3,2002-05-23,2026-09-30,0.2992,1151,ROBUST,0.0083,0.5278,0.0395,0.5748,0.0466,0.5639
402,GIS,GIS,US Equity,26.7,2000-01-03,2026-09-30,0.0559,1151,ROBUST,-0.0007,0.4932,0.004,0.5316,0.046,0.6012
403,CARR,CARR,US Equity,6.5,2020-03-19,2026-09-30,0.2787,520,THIN,-0.0059,0.4815,0.0507,0.5955,0.0434,0.575
404,A,A,US Equity,26.7,2000-01-03,2026-09-30,0.0534,1151,ROBUST,0.0153,0.5753,0.0446,0.5949,0.0389,0.5856
405,AIG,AIG,US Equity,26.7,2000-01-03,2026-09-30,-0.0854,1151,ROBUST,0.0039,0.5342,0.0145,0.5644,0.0387,0.6308
406,HBAN,HBAN,US Equity,26.7,2000-01-03,2026-09-30,0.0253,1151,ROBUST,0.0021,0.5162,0.0094,0.5309,0.0387,0.5899
407,ESSITY-B.ST,Essity B,Swedish,9.3,2017-06-15,2026-09-30,0.032,517,THIN,0.002,0.5099,0.0106,0.5435,0.0385,0.5725
408,CRL,CRL,US Equity,26.2,2000-06-23,2026-09-30,0.1041,1151,ROBUST,0.0129,0.5573,0.0399,0.6106,0.0383,0.5951
409,EL,EL,US Equity,26.7,2000-01-03,2026-09-30,0.0628,1151,ROBUST,-0.0054,0.4758,0.0005,0.5011,0.0381,0.563
410,XYL,XYL,US Equity,14.9,2011-10-13,2026-09-30,0.1151,520,THIN,0.0044,0.5304,0.0073,0.5112,0.0381,0.5712
411,ULTA,ULTA,US Equity,18.9,2007-10-25,2026-09-30,0.167,531,THIN,0.0131,0.545,0.017,0.5297,0.0377,0.5687
412,EXR,EXR,US Equity,22.1,2004-08-16,2026-09-30,0.1591,1135,ROBUST,0.0074,0.5478,0.0259,0.6081,0.0375,0.6
413,VICI,VICI,US Equity,8.7,2018-01-02,2026-09-30,0.0699,520,THIN,-0.0009,0.4828,0.0065,0.5337,0.0373,0.6038
414,SWK,SWK,US Equity,26.7,2000-01-03,2026-09-30,0.071,1151,ROBUST,0.0177,0.5768,0.0228,0.5778,0.037,0.5639
415,FDX,FDX,US Equity,26.7,2000-01-03,2026-09-30,0.0916,1151,ROBUST,0.0088,0.5415,0.018,0.5659,0.037,0.5508
416,NWSA,NWSA,US Equity,13.3,2013-06-19,2026-09-30,0.0565,520,THIN,0.0143,0.6058,0.0365,0.6138,0.0368,0.5904
417,CCL,CCL,US Equity,26.7,2000-01-03,2026-09-30,-0.0055,1151,ROBUST,-0.0049,0.4766,0.0063,0.519,0.0363,0.5595
418,QCOM,QCOM,US Equity,26.7,2000-01-03,2026-09-30,0.0463,1151,ROBUST,0.0072,0.5386,0.0304,0.5808,0.0362,0.5752
419,INTC,INTC,US Equity,26.7,2000-01-03,2026-09-30,0.0611,1151,ROBUST,0.01,0.5371,0.0327,0.5436,0.036,0.5291
420,MAA,MAA,US Equity,26.7,2000-01-03,2026-09-30,0.1185,1151,ROBUST,0.0102,0.5552,0.0156,0.5555,0.036,0.5552
421,AWK,AWK,US Equity,18.4,2008-04-23,2026-09-30,0.1319,520,THIN,0.0039,0.541,0.0109,0.5548,0.0358,0.6596
422,NXPI,NXPI,US Equity,16.1,2010-08-06,2026-09-30,0.2014,520,THIN,-0.0016,0.4947,0.0143,0.5267,0.0357,0.5635
423,VEEV,VEEV,US Equity,12.9,2013-10-16,2026-09-30,0.1708,520,THIN,0.0103,0.5529,0.0086,0.5239,0.0342,0.6038
424,IP,IP,US Equity,26.7,2000-01-03,2026-09-30,0.0184,1151,ROBUST,0.0113,0.5559,0.0198,0.5488,0.0341,0.5482
425,AES,AES,US Equity,26.7,2000-01-03,2026-09-30,-0.0159,1151,ROBUST,0.008,0.5638,0.0289,0.6284,0.0321,0.5343
426,MGM,MGM,US Equity,26.7,2000-01-03,2026-09-30,0.0393,1151,ROBUST,0.0009,0.5018,0.0289,0.5599,0.032,0.5369
427,NOW,NOW,US Equity,14.2,2012-06-29,2026-09-30,0.2616,520,THIN,0.0014,0.5132,0.0228,0.5225,0.0317,0.5192
428,TER,TER,US Equity,26.7,2000-01-03,2026-09-30,0.0759,1151,ROBUST,0.0232,0.589,0.042,0.5719,0.0314,0.53
429,HUM,HUM,US Equity,26.7,2000-01-03,2026-09-30,0.1642,1151,ROBUST,0.0161,0.5595,0.037,0.5979,0.0291,0.5161
430,TAP,TAP,US Equity,26.7,2000-01-03,2026-09-30,0.036,1151,ROBUST,0.0059,0.5443,0.008,0.5369,0.0291,0.556
431,UDR,UDR,US Equity,26.7,2000-01-03,2026-09-30,0.1009,1151,ROBUST,0.0078,0.5516,0.0124,0.5547,0.0261,0.5413
432,FDS,FDS,US Equity,26.7,2000-01-03,2026-09-30,0.1018,1151,ROBUST,0.0075,0.5479,0.0345,0.5987,0.0257,0.5456
433,COIN,COIN,US Equity,5.4,2021-04-14,2026-09-30,-0.0987,520,THIN,-0.0102,0.4868,-0.0148,0.486,0.0253,0.5308
434,SJM,SJM,US Equity,26.7,2000-01-03,2026-09-30,0.1027,1151,ROBUST,0.0014,0.5083,-0.0019,0.4914,0.0243,0.5743
435,TSN,TSN,US Equity,26.7,2000-01-03,2026-09-30,0.0612,1151,ROBUST,0.0059,0.5314,0.0128,0.5309,0.0241,0.5508
436,IFF,IFF,US Equity,26.7,2000-01-03,2026-09-30,0.0564,1151,ROBUST,0.0126,0.5717,0.0393,0.6351,0.0235,0.5317
437,NCLH,NCLH,US Equity,13.7,2013-01-18,2026-09-30,-0.0377,520,THIN,-0.0119,0.4669,0.0047,0.5098,0.0225,0.5365
438,TGT,TGT,US Equity,26.7,2000-01-03,2026-09-30,0.0785,1151,ROBUST,0.0057,0.5335,0.0244,0.5763,0.0224,0.523
439,MCHP,MCHP,US Equity,26.7,2000-01-03,2026-09-30,0.105,1151,ROBUST,-0.0032,0.4838,0.0142,0.5443,0.022,0.543
440,OMC,OMC,US Equity,26.7,2000-01-03,2026-09-30,0.0398,1151,ROBUST,0.0041,0.5357,0.0114,0.5592,0.0203,0.5282
441,CPT,CPT,US Equity,26.7,2000-01-03,2026-09-30,0.0988,1151,ROBUST,0.0071,0.558,0.022,0.5793,0.0196,0.5274
442,SWKS,SWKS,US Equity,26.7,2000-01-03,2026-09-30,0.0478,1151,ROBUST,-0.0021,0.4946,0.0195,0.5391,0.0188,0.5308
443,MDT,MDT,US Equity,26.7,2000-01-03,2026-09-30,0.0543,1151,ROBUST,0.0045,0.5314,0.0108,0.5503,0.0169,0.5534
444,MKC,MKC,US Equity,26.7,2000-01-03,2026-09-30,0.0955,1151,ROBUST,0.0044,0.5227,0.0009,0.5034,0.0167,0.5647
445,ACN,ACN,US Equity,25.1,2001-07-19,2026-09-30,0.1204,1151,ROBUST,0.0097,0.5472,0.0123,0.5235,0.0163,0.5369
446,SW,SW,US Equity,18.3,2008-06-17,2026-09-30,0.1218,520,THIN,0.0184,0.5489,0.04,0.5815,0.0159,0.5519
447,AZN.ST,AstraZeneca,Swedish,26.9,2000-01-03,2026-09-30,0.0666,1148,ROBUST,0.0048,0.5252,0.0082,0.5249,0.0142,0.5244
448,INTU,INTU,US Equity,26.7,2000-01-03,2026-09-30,0.0918,1151,ROBUST,-0.0025,0.4874,0.0057,0.5205,0.0142,0.5282
449,HRL,HRL,US Equity,26.7,2000-01-03,2026-09-30,0.0752,1151,ROBUST,0.0018,0.5177,-0.004,0.484,0.0131,0.5317
450,IQV,IQV,US Equity,13.4,2013-05-09,2026-09-30,0.1487,520,THIN,0.008,0.5291,0.0509,0.5632,0.0119,0.5115
451,IQQH.DE,iSh Global Healthcare,UCITS ETF,18.9,2008-01-02,2026-10-01,-0.0408,520,THIN,0.0,0.4993,0.0253,0.5616,0.0111,0.5077
452,KMB,KMB,US Equity,26.7,2000-01-03,2026-09-30,0.0516,1151,ROBUST,0.0037,0.5386,0.0188,0.6083,0.0107,0.5178
453,PAYX,PAYX,US Equity,26.7,2000-01-03,2026-09-30,0.0805,1151,ROBUST,0.0043,0.5314,0.0187,0.5778,0.0099,0.5187
454,VRTX,VRTX,US Equity,26.7,2000-01-03,2026-09-30,0.1327,1151,ROBUST,0.0176,0.5689,0.0466,0.586,0.0063,0.5143
455,ADSK,ADSK,US Equity,26.7,2000-01-03,2026-09-30,0.1298,1151,ROBUST,0.0098,0.5465,0.022,0.5674,0.0047,0.5048
456,GEN,GEN,US Equity,26.7,2000-01-03,2026-09-30,0.0845,1151,ROBUST,0.0,0.4989,0.005,0.5145,0.003,0.5091
457,WSM,WSM,US Equity,26.7,2000-01-03,2026-09-30,0.1401,1151,ROBUST,0.0075,0.5263,0.0114,0.5272,0.0025,0.5056
458,ERIE,ERIE,US Equity,26.7,2000-01-03,2026-09-30,0.1057,1151,ROBUST,-0.0022,0.4852,-0.0002,0.4996,0.0009,0.5013
459,ARE,ARE,US Equity,26.7,2000-01-03,2026-09-30,0.0531,1151,ROBUST,0.0023,0.5112,0.019,0.5741,-0.0003,0.4987
460,CLX,CLX,US Equity,26.7,2000-01-03,2026-09-30,0.0472,1151,ROBUST,-0.0,0.4996,-0.0056,0.4758,-0.0009,0.4987
461,NKE,NKE,US Equity,26.7,2000-01-03,2026-09-30,0.0812,1151,ROBUST,-0.0019,0.4859,-0.0151,0.4386,-0.0017,0.497
462,LUV,LUV,US Equity,26.7,2000-01-03,2026-09-30,0.0594,1151,ROBUST,0.0028,0.5119,-0.0024,0.4959,-0.002,0.4961
463,KDP,KDP,US Equity,18.4,2008-05-07,2026-09-30,0.1409,520,THIN,0.0109,0.5688,0.0227,0.5815,-0.0032,0.4923
464,AJG,AJG,US Equity,26.7,2000-01-03,2026-09-30,0.1368,1151,ROBUST,0.0066,0.5364,0.0161,0.5666,-0.004,0.4839
465,MDLZ,MDLZ,US Equity,25.2,2001-06-13,2026-09-30,0.0674,1151,ROBUST,0.0029,0.5162,0.0126,0.5666,-0.0053,0.4735
466,WST,WST,US Equity,26.7,2000-01-03,2026-09-30,0.1718,1151,ROBUST,0.0147,0.566,0.0391,0.5681,-0.0061,0.4944
467,PTC,PTC,US Equity,26.7,2000-01-03,2026-09-30,0.0306,1151,ROBUST,-0.0048,0.4751,0.0052,0.5182,-0.0066,0.4865
468,VRSK,VRSK,US Equity,16.9,2009-10-07,2026-09-30,0.1166,520,THIN,-0.0075,0.4577,0.0086,0.5281,-0.007,0.4923
469,CI,CI,US Equity,26.7,2000-01-03,2026-09-30,0.0996,1151,ROBUST,0.0196,0.6359,0.0297,0.5987,-0.0073,0.4822
470,KINV-B.ST,KINV-B.ST,Swedish,26.9,2000-01-03,2026-09-30,0.0345,1148,ROBUST,0.0179,0.5699,-0.0014,0.4981,-0.0084,0.4895
471,GPC,GPC,US Equity,26.7,2000-01-03,2026-09-30,0.0988,1151,ROBUST,0.0049,0.5508,0.0123,0.5652,-0.0086,0.4874
472,ELV,ELV,US Equity,24.9,2001-10-30,2026-09-30,0.1363,1151,ROBUST,0.0102,0.5854,0.0265,0.6128,-0.0086,0.4813
473,VLTO,VLTO,US Equity,3.0,2023-10-04,2026-09-30,0.0708,479,THIN,0.0072,0.5441,0.0303,0.5797,-0.0091,0.4614
474,EG,EG,US Equity,26.7,2000-01-03,2026-09-30,0.1302,1151,ROBUST,0.0,0.4996,-0.0005,0.4966,-0.0093,0.4648
475,PPG,PPG,US Equity,26.7,2000-01-03,2026-09-30,0.0734,1151,ROBUST,0.002,0.5155,0.0001,0.5011,-0.01,0.4865
476,SCA-B.ST,SCA-B.ST,Swedish,26.9,2000-01-03,2026-09-30,0.2167,1148,ROBUST,0.008,0.5526,0.0146,0.5458,-0.0114,0.4834
477,CAST.ST,CAST.ST,Swedish,26.9,2000-01-03,2026-09-30,0.1252,1148,ROBUST,0.0087,0.5389,0.0323,0.5957,-0.0123,0.4861
478,SNPS,SNPS,US Equity,26.7,2000-01-03,2026-09-30,0.1017,1151,ROBUST,0.0027,0.5155,0.0158,0.5458,-0.013,0.4787
479,F,F,US Equity,26.7,2000-01-03,2026-09-30,0.0027,1151,ROBUST,0.0057,0.5177,-0.0106,0.4728,-0.0152,0.4692
480,MU,MU,US Equity,26.7,2000-01-03,2026-09-30,0.1341,1151,ROBUST,0.0175,0.5508,0.0631,0.6069,-0.0161,0.4926
481,ODFL,ODFL,US Equity,26.7,2000-01-03,2026-09-30,0.2477,1151,ROBUST,-0.0012,0.491,-0.0003,0.4981,-0.0168,0.4648
482,DPZ,DPZ,US Equity,22.2,2004-07-13,2026-09-30,0.1931,1135,ROBUST,0.0056,0.5303,0.012,0.5396,-0.0172,0.4722
483,KVUE,KVUE,US Equity,3.4,2023-05-04,2026-09-30,-0.0843,520,THIN,0.0017,0.5172,0.0073,0.5154,-0.0173,0.475
484,LOW,LOW,US Equity,26.7,2000-01-03,2026-09-30,0.1167,1151,ROBUST,-0.0058,0.4701,-0.0224,0.4252,-0.0192,0.4405
485,NTAP,NTAP,US Equity,26.7,2000-01-03,2026-09-30,0.0741,1151,ROBUST,0.0135,0.5508,0.0494,0.5875,-0.0206,0.4813
486,COF,COF,US Equity,26.7,2000-01-03,2026-09-30,0.0682,1151,ROBUST,0.0033,0.5191,0.0108,0.5324,-0.021,0.4735
487,AMCR,AMCR,US Equity,14.3,2012-05-15,2026-09-30,0.043,520,THIN,0.0039,0.5185,0.0143,0.5548,-0.0216,0.4635
488,FTV,FTV,US Equity,10.2,2016-07-05,2026-09-30,0.0629,520,THIN,-0.0041,0.4815,0.0003,0.5014,-0.0218,0.4288
489,PFE,PFE,US Equity,26.7,2000-01-03,2026-09-30,0.0354,1151,ROBUST,-0.0026,0.4766,-0.0008,0.4952,-0.025,0.4474
490,FABG.ST,FABG.ST,Swedish,24.4,2002-06-10,2026-09-30,0.09,1150,ROBUST,0.0054,0.5367,-0.0012,0.4937,-0.0255,0.4122
491,SBUX,SBUX,US Equity,26.7,2000-01-03,2026-09-30,0.1496,1151,ROBUST,-0.005,0.4722,0.0038,0.5101,-0.0262,0.4639
492,MRSH,MRSH,US Equity,26.7,2000-01-03,2026-09-30,0.0729,1151,ROBUST,-0.0006,0.4946,0.0073,0.5235,-0.0268,0.4266
493,DG,DG,US Equity,16.8,2009-11-13,2026-09-30,0.1134,520,THIN,0.0125,0.541,0.0076,0.5056,-0.0275,0.4885
494,IT,IT,US Equity,26.7,2000-01-03,2026-09-30,0.0948,1151,ROBUST,0.0074,0.5415,0.0254,0.5637,-0.0277,0.4857
495,AVY,AVY,US Equity,26.7,2000-01-03,2026-09-30,0.0583,1151,ROBUST,0.0014,0.5126,-0.0029,0.4922,-0.0286,0.4292
496,OTIS,OTIS,US Equity,6.5,2020-03-19,2026-09-30,0.0711,520,THIN,0.001,0.5053,-0.0077,0.4677,-0.0292,0.4308
497,EFX,EFX,US Equity,26.7,2000-01-03,2026-09-30,0.1014,1151,ROBUST,0.0032,0.5169,-0.0206,0.4378,-0.0294,0.4535
498,ABNB,ABNB,US Equity,5.8,2020-12-10,2026-09-30,0.0182,520,THIN,0.0093,0.5357,-0.0083,0.4817,-0.034,0.4308
499,BX,BX,US Equity,19.2,2007-06-22,2026-09-30,0.119,598,THIN,0.0051,0.5168,0.0143,0.5253,-0.035,0.4716
500,JBL,JBL,US Equity,26.7,2000-01-03,2026-09-30,0.0927,1151,ROBUST,0.0053,0.5184,0.0202,0.5316,-0.0363,0.4666
501,HD,HD,US Equity,26.7,2000-01-03,2026-09-30,0.079,1151,ROBUST,-0.0003,0.4975,-0.0026,0.4907,-0.0417,0.3666
502,IR,IR,US Equity,9.4,2017-05-12,2026-09-30,0.1548,520,THIN,0.0128,0.5569,-0.0036,0.4902,-0.0433,0.3885
503,CTAS,CTAS,US Equity,26.7,2000-01-03,2026-09-30,0.1369,1151,ROBUST,0.0087,0.5537,0.0088,0.5175,-0.0444,0.3727
504,PSKY,PSKY,US Equity,20.8,2005-12-05,2026-09-30,-0.0229,1005,MODERATE,0.0053,0.5254,0.0265,0.5881,-0.0447,0.4637
505,WY,WY,US Equity,26.7,2000-01-03,2026-09-30,0.0217,1151,ROBUST,0.0005,0.5018,-0.0029,0.4922,-0.0455,0.4023
506,AMGN,AMGN,US Equity,26.7,2000-01-03,2026-09-30,0.09,1151,ROBUST,-0.0004,0.4982,0.0137,0.5398,-0.0466,0.4301
507,UPS,UPS,US Equity,26.7,2000-01-03,2026-09-30,0.0417,1151,ROBUST,0.0011,0.5097,-0.0133,0.455,-0.048,0.4014
508,MSI,MSI,US Equity,26.7,2000-01-03,2026-09-30,0.0488,1151,ROBUST,0.0077,0.5407,0.0129,0.5443,-0.0503,0.4301
509,BF_B,BF_B,US Equity,26.7,2000-01-03,2026-09-30,0.077,1151,ROBUST,-0.0045,0.4737,-0.0103,0.4639,-0.0508,0.3866
510,INVH,INVH,US Equity,9.6,2017-02-01,2026-09-30,0.0545,520,THIN,-0.0033,0.4762,0.0044,0.5154,-0.0519,0.3288
511,BBY,BBY,US Equity,26.7,2000-01-03,2026-09-30,0.0721,1151,ROBUST,-0.0027,0.4852,0.0114,0.5316,-0.0534,0.3936
512,UNH,UNH,US Equity,26.7,2000-01-03,2026-09-30,0.1734,1151,ROBUST,0.0059,0.5321,0.0162,0.5495,-0.0555,0.3944
513,MAS,MAS,US Equity,26.7,2000-01-03,2026-09-30,0.0655,1151,ROBUST,0.0018,0.5105,0.0048,0.5071,-0.0563,0.3328
514,PYPL,PYPL,US Equity,11.2,2015-07-06,2026-09-30,0.0333,520,THIN,-0.0093,0.4669,-0.0087,0.4789,-0.0571,0.4538
515,VTRS,VTRS,US Equity,26.7,2000-01-03,2026-09-30,0.0291,1151,ROBUST,-0.0038,0.4838,0.025,0.5748,-0.0584,0.4335
516,TSCO,TSCO,US Equity,26.7,2000-01-03,2026-09-30,0.2185,1151,ROBUST,-0.0026,0.4917,-0.0051,0.4877,-0.0629,0.3354
517,HSY,HSY,US Equity,26.7,2000-01-03,2026-09-30,0.0995,1151,ROBUST,-0.0076,0.4571,-0.0206,0.4043,-0.0633,0.2893
518,CAG,CAG,US Equity,26.7,2000-01-03,2026-09-30,0.0265,1151,ROBUST,-0.0031,0.4795,-0.0111,0.4602,-0.0659,0.3545
519,GEHC,GEHC,US Equity,3.8,2022-12-15,2026-09-30,0.0245,520,THIN,0.0075,0.5265,0.0198,0.5632,-0.0683,0.3558
520,AOS,AOS,US Equity,26.7,2000-01-03,2026-09-30,0.1284,1151,ROBUST,0.0092,0.5508,0.0049,0.5086,-0.0694,0.3727
521,AKAM,AKAM,US Equity,26.7,2000-01-03,2026-09-30,-0.0406,1151,ROBUST,0.0179,0.5717,0.0625,0.5674,-0.0695,0.4214
522,CSGP,CSGP,US Equity,26.7,2000-01-03,2026-09-30,0.0846,1151,ROBUST,-0.0031,0.4859,0.0128,0.5503,-0.0697,0.2841
523,ADBE,ADBE,US Equity,26.7,2000-01-03,2026-09-30,0.1061,1151,ROBUST,-0.0022,0.4816,-0.0248,0.4423,-0.0736,0.3918
524,GPN,GPN,US Equity,25.7,2001-01-16,2026-09-30,0.1317,1151,ROBUST,0.002,0.5068,-0.0025,0.4952,-0.0737,0.3632
525,HOLM-B.ST,HOLM-B.ST,Swedish,26.9,2000-01-03,2026-09-30,0.0817,1150,ROBUST,0.0001,0.5,-0.0095,0.4446,-0.0799,0.3365
526,NVR,NVR,US Equity,26.7,2000-01-03,2026-09-30,0.2008,1151,ROBUST,-0.0002,0.4975,0.0179,0.5428,-0.0856,0.278
527,ALGN,ALGN,US Equity,25.6,2001-01-30,2026-09-30,0.0877,1151,ROBUST,0.0065,0.5119,0.0055,0.5086,-0.0862,0.4283
528,MRVL,MRVL,US Equity,26.2,2000-06-30,2026-09-30,0.1248,1151,ROBUST,0.0057,0.5169,0.0196,0.5503,-0.0884,0.3979
529,ZBH,ZBH,US Equity,25.1,2001-07-25,2026-09-30,0.0508,1151,ROBUST,0.0053,0.5278,-0.0108,0.452,-0.0909,0.2772
530,ZBRA,ZBRA,US Equity,26.7,2000-01-03,2026-09-30,0.1066,1151,ROBUST,0.0053,0.5148,0.0216,0.5421,-0.0922,0.3154
531,PGR,PGR,US Equity,26.7,2000-01-03,2026-09-30,0.1719,1151,ROBUST,0.0036,0.5234,-0.0013,0.4981,-0.0937,0.3023
532,FICO,FICO,US Equity,26.7,2000-01-03,2026-09-30,0.1475,1151,ROBUST,-0.0005,0.4982,-0.0123,0.4713,-0.1021,0.3354
533,GDDY,GDDY,US Equity,11.5,2015-03-31,2026-09-30,0.1459,520,THIN,0.0111,0.5701,0.0486,0.5548,-0.1045,0.4827
534,CMCSA,CMCSA,US Equity,26.7,2000-01-03,2026-09-30,0.0304,1151,ROBUST,-0.0008,0.4939,-0.0163,0.4274,-0.1087,0.3197
535,TMUS,TMUS,US Equity,19.4,2007-04-19,2026-09-30,0.0705,643,THIN,0.0011,0.5051,0.0165,0.5509,-0.1121,0.437
536,WDAY,WDAY,US Equity,13.9,2012-10-12,2026-09-30,0.1029,520,THIN,-0.0091,0.4603,-0.0192,0.4466,-0.1193,0.2981
537,THULE.ST,THULE.ST,Swedish,11.8,2014-11-26,2026-09-30,0.1176,519,THIN,-0.013,0.4452,-0.0252,0.3894,-0.1204,0.3141
538,PHM,PHM,US Equity,26.7,2000-01-03,2026-09-30,0.1318,1151,ROBUST,-0.0033,0.478,-0.0104,0.4751,-0.1251,0.344
539,STZ,STZ,US Equity,26.7,2000-01-03,2026-09-30,0.1218,1151,ROBUST,-0.0003,0.4982,-0.0223,0.4244,-0.1267,0.1503
540,BRO,BRO,US Equity,26.7,2000-01-03,2026-09-30,0.141,1151,ROBUST,-0.0011,0.4939,0.0038,0.5101,-0.1294,0.3519
541,KHC,KHC,US Equity,11.2,2015-07-06,2026-09-30,-0.058,520,THIN,-0.0078,0.4471,-0.0096,0.4284,-0.1319,0.175
542,CNC,CNC,US Equity,24.8,2001-12-13,2026-09-30,0.1645,1151,ROBUST,0.0071,0.5234,0.0094,0.5235,-0.1397,0.2832
543,COO,COO,US Equity,26.7,2000-01-03,2026-09-30,0.1086,1151,ROBUST,-0.0029,0.4773,-0.0316,0.4177,-0.1497,0.2059
544,APTV,APTV,US Equity,14.8,2011-11-17,2026-09-30,0.0675,520,THIN,-0.0151,0.4246,-0.0492,0.361,-0.153,0.3712
545,LYB,LYB,US Equity,16.4,2010-04-28,2026-09-30,0.1214,520,THIN,-0.0014,0.4868,-0.0307,0.4101,-0.1538,0.35
546,NIBE-B.ST,NIBE B,Swedish,26.9,2000-01-03,2026-09-30,0.2053,1150,ROBUST,0.0042,0.5144,0.0121,0.5323,-0.1562,0.3565
547,DHI,DHI,US Equity,26.7,2000-01-03,2026-09-30,0.1599,1151,ROBUST,-0.0098,0.4701,-0.0295,0.4527,-0.1569,0.2876
548,DOW,DOW,US Equity,7.5,2019-03-20,2026-09-30,-0.0253,520,THIN,-0.0102,0.4484,-0.0563,0.3764,-0.1634,0.3846
549,ZTS,ZTS,US Equity,13.6,2013-02-01,2026-09-30,0.0699,520,THIN,-0.015,0.4299,-0.0442,0.3216,-0.1675,0.1577
550,ELUX-B.ST,ELUX-B.ST,Swedish,26.9,2000-01-03,2026-09-30,-0.0271,1150,ROBUST,-0.0037,0.4813,-0.0367,0.4305,-0.1801,0.3583
551,CDW,CDW,US Equity,13.2,2013-06-27,2026-09-30,0.1708,520,THIN,-0.0029,0.4854,-0.031,0.4185,-0.2008,0.125
552,SMCI,SMCI,US Equity,19.5,2007-03-29,2026-09-30,0.2184,659,MODERATE,-0.008,0.4827,-0.0206,0.4465,-0.2026,0.2564
553,BSX,BSX,US Equity,26.7,2000-01-03,2026-09-30,0.0512,1151,ROBUST,-0.0055,0.473,-0.0312,0.4133,-0.203,0.2963
554,DXCM,DXCM,US Equity,21.4,2005-04-14,2026-09-30,0.1709,1102,ROBUST,-0.0029,0.4858,-0.0046,0.4946,-0.2137,0.1352
555,LEN,LEN,US Equity,26.7,2000-01-03,2026-09-30,0.1074,1151,ROBUST,-0.0098,0.4549,-0.0475,0.4103,-0.229,0.1312
556,AMD,AMD,US Equity,26.7,2000-01-03,2026-09-30,0.1476,1151,ROBUST,-0.0071,0.4874,-0.0012,0.4981,-0.235,0.4083
557,EVO.ST,EVO.ST,Swedish,11.5,2015-03-20,2026-09-30,0.3917,517,THIN,-0.0202,0.4108,-0.0668,0.4059,-0.2555,0.0754
558,CHTR,CHTR,US Equity,16.7,2010-01-05,2026-09-30,0.0715,520,THIN,-0.015,0.4524,-0.0522,0.4157,-0.2592,0.2538
559,BLDR,BLDR,US Equity,21.2,2005-06-28,2026-09-30,0.0704,1094,ROBUST,-0.0243,0.4368,-0.0724,0.3717,-0.2894,0.1088
560,MRNA,MRNA,US Equity,7.8,2018-12-07,2026-09-30,0.3499,520,THIN,-0.0053,0.4907,0.0006,0.5014,-0.3555,0.35
561,LULU,LULU,US Equity,19.1,2007-07-27,2026-09-30,0.1059,572,THIN,-0.0327,0.4146,-0.145,0.2971,-0.3659,0.0175
562,TTD,TTD,US Equity,10.0,2016-09-21,2026-09-30,0.1499,520,THIN,-0.0275,0.4153,-0.1378,0.3792,-0.4806,0.2442
