gold,avgo,lly,cagr,vol,sharpe,mdd,calmar,label
0,0,100,0.1675251668939699,0.26365927549659024,0.7195454893914435,-0.576941585922495,0.2903676402977733,Gold0/AVGO0/LLY100
0,5,95,0.17391162632460833,0.2565835672907279,0.7535774162560038,-0.576941585922495,0.30143714817598743,Gold0/AVGO5/LLY95
0,10,90,0.1790437314373141,0.25189544085225013,0.780305040089109,-0.576941585922495,0.3103325116545966,Gold0/AVGO10/LLY90
0,15,85,0.19033915646287647,0.24786536739263404,0.8275248634042177,-0.576941585922495,0.3299106202554901,Gold0/AVGO15/LLY85
0,20,80,0.19794821752986014,0.24500611910638412,0.8604256490345266,-0.576941585922495,0.34309923631757766,Gold0/AVGO20/LLY80
0,25,75,0.20271033829700857,0.24350007220436987,0.8806310731883854,-0.576941585922495,0.3513533141711165,Gold0/AVGO25/LLY75
0,30,70,0.20847452205440398,0.24300329464463302,0.9016979598243678,-0.576941585922495,0.3613442454855559,Gold0/AVGO30/LLY70
0,35,65,0.21800816349752106,0.24454456407311176,0.9297527159038644,-0.576941585922495,0.3778686938452167,Gold0/AVGO35/LLY65
0,40,60,0.21754904404601194,0.2466476244222927,0.9224323958128754,-0.576941585922495,0.3770729123264083,Gold0/AVGO40/LLY60
0,45,55,0.2271987276241565,0.2504611225938594,0.9437728226785913,-0.576941585922495,0.39379849393397315,Gold0/AVGO45/LLY55
0,50,50,0.2305179455615889,0.2556643935795748,0.9402971226664113,-0.576941585922495,0.3995516204521893,Gold0/AVGO50/LLY50
0,55,45,0.23327285635058637,0.2618761478186739,0.9326905241636217,-0.576941585922495,0.4043266459594814,Gold0/AVGO55/LLY45
0,60,40,0.23710712472539752,0.26928657580461207,0.9258752127285068,-0.576941585922495,0.41097249792849905,Gold0/AVGO60/LLY40
0,65,35,0.24378528455366788,0.2770927833923103,0.9269377536191156,-0.576941585922495,0.4225476036085522,Gold0/AVGO65/LLY35
0,70,30,0.24837134111283476,0.28664105572529763,0.9182707339287468,-0.576941585922495,0.430496513292076,Gold0/AVGO70/LLY30
0,75,25,0.2510132271744412,0.29673707311316283,0.9040694016312542,-0.576941585922495,0.43507563555691015,Gold0/AVGO75/LLY25
0,80,20,0.255207701912169,0.3089392923372651,0.8911069319763217,-0.576941585922495,0.44234582519148313,Gold0/AVGO80/LLY20
0,85,15,0.25497133486550094,0.3198484465194893,0.8708494580765821,-0.576941585922495,0.4419361354543668,Gold0/AVGO85/LLY15
0,90,10,0.25665294607010103,0.33439752342745516,0.85107183304959,-0.576941585922495,0.44485083469885145,Gold0/AVGO90/LLY10
0,95,5,0.2597048206155552,0.3507128484358992,0.8343374054890293,-0.576941585922495,0.4501405808705968,Gold0/AVGO95/LLY5
0,100,0,0.2932018922017279,0.33114442943191447,0.9428944808749463,-0.48299966556696666,0.6070436753978998,Gold0/AVGO100/LLY0
5,0,95,0.17076870204978079,0.2567200350413054,0.7428283070249522,-0.5228272446456884,0.3266254844188695,Gold5/AVGO0/LLY95
5,5,90,0.17729903734890295,0.2453053437345912,0.7885517063272778,-0.5208359993488904,0.3404124092239184,Gold5/AVGO5/LLY90
5,10,85,0.18409762856944045,0.23852750662331662,0.828371566871121,-0.5181053240713103,0.3553285789900547,Gold5/AVGO10/LLY85
5,15,80,0.19129358694235332,0.23444661593373234,0.8646333849817059,-0.5161534914761744,0.37061376141283625,Gold5/AVGO15/LLY80
5,20,75,0.20097110322973433,0.23155111476718704,0.9075390824409117,-0.5126980905630919,0.3919872278225368,Gold5/AVGO20/LLY75
5,25,70,0.20585518367784683,0.23034432440518507,0.9287991592695299,-0.5081854393497147,0.4050788703062088,Gold5/AVGO25/LLY70
5,30,65,0.20984406575880765,0.22918913078785907,0.9468470309234659,-0.5058514557705853,0.41483337324618974,Gold5/AVGO30/LLY65
5,35,60,0.21716332259778048,0.23111191672420042,0.9670426025630998,-0.5007845193360515,0.43364623747894454,Gold5/AVGO35/LLY60
5,40,55,0.22351441629769364,0.23301929196272264,0.9834566696945364,-0.4944500329718057,0.45204651914835403,Gold5/AVGO40/LLY55
5,45,50,0.22962039202019202,0.23708419387044788,0.991662107527812,-0.4874235972611734,0.47109001966754566,Gold5/AVGO45/LLY50
5,50,45,0.23406666536286158,0.24204552497078619,0.9911935359972617,-0.47931524021575556,0.4883355372917007,Gold5/AVGO50/LLY45
5,55,40,0.24094688916416862,0.2489951760008343,0.9927221610829746,-0.46968125741689126,0.5130008603905245,Gold5/AVGO55/LLY40
5,60,35,0.2453770390624206,0.2561851773705494,0.9858958117361598,-0.4564751491185944,0.5375474207877864,Gold5/AVGO60/LLY35
5,65,30,0.24942610730311587,0.2643902870060429,0.9756729635087377,-0.4387957442556966,0.5684332871691877,Gold5/AVGO65/LLY30
5,70,25,0.25706164896968087,0.2740702309616177,0.9729077033402826,-0.4196122579892452,0.612617110380673,Gold5/AVGO70/LLY25
5,75,20,0.2627051529146025,0.28423213480813986,0.9638954526372778,-0.4059604848574842,0.6471200097389462,Gold5/AVGO75/LLY20
5,80,15,0.2682404951353281,0.29432954993754823,0.9555721988125199,-0.40330077508044215,0.6651127687067425,Gold5/AVGO80/LLY15
5,85,10,0.2793848999841788,0.3046330153981966,0.9621863430695723,-0.42624153139375726,0.6554614682211389,Gold5/AVGO85/LLY10
5,90,5,0.2944964070150775,0.31748580593826564,0.9728760168626645,-0.4526758082321323,0.6505680260785212,Gold5/AVGO90/LLY5
5,95,0,0.33796105194473314,0.34394478990869415,1.0195776581569158,-0.4815140153836887,0.7018716821262885,Gold5/AVGO95/LLY0
10,0,90,0.16675894302231642,0.240964827848303,0.7609988523838911,-0.47931524021575556,0.34791078820538385,Gold10/AVGO0/LLY90
10,5,85,0.1765348068361099,0.2325662556148995,0.8159643190123094,-0.4753430506207432,0.371384006993635,Gold10/AVGO5/LLY85
10,10,80,0.18150514677271312,0.2260527402052773,0.8516333571983978,-0.46968125741689126,0.3864432397642138,Gold10/AVGO10/LLY80
10,15,75,0.19004877204302328,0.2211524790312808,0.8982514524603733,-0.4625669631223426,0.4108567779250547,Gold10/AVGO15/LLY75
10,20,70,0.19742319911948836,0.2186431503582851,0.9343946026170643,-0.4564751491185944,0.43249495509381364,Gold10/AVGO20/LLY70
10,25,65,0.2052651386001796,0.21768376374749046,0.9676433272425339,-0.4474654077991727,0.45872850732699494,Gold10/AVGO25/LLY65
10,30,60,0.2105724612008577,0.21752528791611353,0.9884817807132031,-0.4387957442556966,0.4798872002690896,Gold10/AVGO30/LLY60
10,35,55,0.21615823600492834,0.21926429886656307,1.0034294885979085,-0.42986959962841753,0.502846063531306,Gold10/AVGO35/LLY55
10,40,50,0.22254060853026658,0.22222965157006094,1.0166106940273558,-0.4196122579892453,0.53034820669126,Gold10/AVGO40/LLY50
10,45,45,0.22978307695467626,0.2264275361476109,1.028054888000645,-0.4124872642886174,0.5570670826673015,Gold10/AVGO45/LLY45
10,50,40,0.2326689366514212,0.23183020825363604,1.0196076723120504,-0.4059604848574842,0.5731319804022343,Gold10/AVGO50/LLY40
10,55,35,0.24125578219891652,0.23783020417471806,1.029037311394437,-0.39719982843588025,0.6073914562071929,Gold10/AVGO55/LLY35
10,60,30,0.24852512596810805,0.246340800552528,1.025550350490045,-0.38519329350848575,0.6451958799813141,Gold10/AVGO60/LLY30
10,65,25,0.25729213062765677,0.25464507743709436,1.0277849122118208,-0.3692072919604279,0.6968771642116799,Gold10/AVGO65/LLY25
10,70,20,0.26484282939413095,0.2649182722828311,1.020598015216636,-0.3624077839268272,0.7307868129223314,Gold10/AVGO70/LLY20
10,75,15,0.2726321683993549,0.27418173991351924,1.0176314058494684,-0.3834172524541273,0.711058687772463,Gold10/AVGO75/LLY15
10,80,10,0.2809879997410556,0.2864126310767041,1.0089869459191485,-0.4045576901289813,0.6945560709808059,Gold10/AVGO80/LLY10
10,85,5,0.2985901819316956,0.29905108524829727,1.024456634359823,-0.4269244109806224,0.6993982406530703,Gold10/AVGO85/LLY5
10,90,0,0.3223048850507846,0.3230706685138056,1.0274979763987218,-0.45455002595666616,0.7090636159847256,Gold10/AVGO90/LLY0
15,0,85,0.16580511767449524,0.2275929907771633,0.7884340651817542,-0.43258342174596914,0.3832905038415061,Gold15/AVGO0/LLY85
15,5,80,0.17223223154770584,0.22047821330282555,0.831717347268169,-0.425501215169487,0.4047749463632007,Gold15/AVGO5/LLY80
15,10,75,0.18209811528101105,0.21518382086418733,0.8859132268112792,-0.4196122579892452,0.4339675779578353,Gold15/AVGO10/LLY75
15,15,70,0.1883336638472528,0.2105506736147564,0.9258448180208692,-0.41502489547747784,0.45378883507838413,Gold15/AVGO15/LLY70
15,20,65,0.19648843393641924,0.20738958120872805,0.9698464616636939,-0.4115304761622023,0.47745779551688533,Gold15/AVGO20/LLY65
15,25,60,0.2049061522630382,0.20577797632981393,1.0100077293148773,-0.4059604848574842,0.504744082013234,Gold15/AVGO25/LLY60
15,30,55,0.20793801088958497,0.20571844585728244,1.0225314411186197,-0.4007384665851522,0.5188870753075076,Gold15/AVGO30/LLY55
15,35,50,0.2169341619253613,0.20857618666772748,1.0470141486165876,-0.3937543733080045,0.5509377841390221,Gold15/AVGO35/LLY50
15,40,45,0.2232848963385512,0.21167012356456416,1.059424856051515,-0.38519329350848575,0.5796697401057743,Gold15/AVGO40/LLY45
15,45,40,0.22882638994073945,0.21555439861754286,1.065206626997591,-0.3782975875686779,0.6048846132258172,Gold15/AVGO45/LLY40
15,50,35,0.2366185410976489,0.22213774013286183,1.0686472797411048,-0.36506620019597574,0.6481524199463734,Gold15/AVGO50/LLY35
15,55,30,0.24506373481512478,0.2303392138539358,1.0682057897111723,-0.35553761585360394,0.6892765318987574,Gold15/AVGO55/LLY30
15,60,25,0.25121605517171397,0.23835342149321861,1.0608514192313703,-0.33996186991648947,0.7389536221618748,Gold15/AVGO60/LLY25
15,65,20,0.2643552700177738,0.24758759317757784,1.0725719390887607,-0.3411295665439906,0.7749409489654532,Gold15/AVGO65/LLY20
15,70,15,0.2720441621809955,0.25765718614614286,1.0640972897062064,-0.36389125467995176,0.7475974173115612,Gold15/AVGO70/LLY15
15,75,10,0.27949476793513184,0.26926033561694573,1.0512955368662962,-0.38305377561629694,0.7296489050015273,Gold15/AVGO75/LLY10
15,80,5,0.2943360583275798,0.2840417334598609,1.0516227649539445,-0.4049599342089652,0.7268276030875147,Gold15/AVGO80/LLY5
15,85,0,0.31119560571897686,0.3061908464537904,1.0392006904492692,-0.43341080875568744,0.7180153319489478,Gold15/AVGO85/LLY0
20,0,80,0.16489996757631387,0.2140118423357722,0.8209669304802469,-0.4059604848574842,0.4061970899315567,Gold20/AVGO0/LLY80
20,5,75,0.17221848335974133,0.2076299952203615,0.8700254492526338,-0.4024103263916133,0.42796735586786017,Gold20/AVGO5/LLY75
20,10,70,0.18029000062249212,0.20220320443793935,0.9219463507090147,-0.39719982843588025,0.4539025138365492,Gold20/AVGO10/LLY70
20,15,65,0.18679282382358942,0.19881227710171268,0.9619496489689312,-0.3918201105916145,0.47673107830414424,Gold20/AVGO15/LLY65
20,20,60,0.19446286797607382,0.19639912460095293,1.0042660543840303,-0.38519329350848575,0.5048448954155788,Gold20/AVGO20/LLY60
20,25,55,0.20335391411491144,0.1955724133684637,1.0456990844942822,-0.3799663291070034,0.5351893010963199,Gold20/AVGO25/LLY55
20,30,50,0.20906130402746026,0.1957831697303877,1.069051020801982,-0.3692072919604279,0.5662437026023519,Gold20/AVGO30/LLY50
20,35,45,0.21730483260732147,0.19813710122562161,1.0930677956775126,-0.3650425945488422,0.5952862374208399,Gold20/AVGO35/LLY45
20,40,40,0.22406605677938018,0.2025969621557566,1.1007943613815894,-0.35553761585360394,0.6302175825796209,Gold20/AVGO40/LLY40
20,45,35,0.22963052258300376,0.20768953019067657,1.1007080555467832,-0.3473311532508643,0.6611284949068482,Gold20/AVGO45/LLY35
20,50,30,0.23736390259453177,0.2142248162995407,1.1028992356927805,-0.33226537259434646,0.714380498759715,Gold20/AVGO50/LLY30
20,55,25,0.24685564114120306,0.22242931081205164,1.1046378421115897,-0.32085483869361464,0.7693686096376011,Gold20/AVGO55/LLY25
20,60,20,0.25521090670071556,0.23216616326143194,1.0966304709220842,-0.3208491680046115,0.7954233083660278,Gold20/AVGO60/LLY20
20,65,15,0.26563760912901824,0.24271204215387476,1.0934054250072474,-0.3414990433514276,0.7778575498252791,Gold20/AVGO65/LLY15
20,70,10,0.27564291845810485,0.25527590215395896,1.08276759627543,-0.3665037117208039,0.7520876587140399,Gold20/AVGO70/LLY10
20,75,5,0.2838506150825706,0.2698317828971887,1.062301036465179,-0.38937208796457745,0.7289957956832116,Gold20/AVGO75/LLY5
20,80,0,0.3020457089720332,0.29000982223591387,1.056415238209251,-0.41035083282194035,0.7360670061149773,Gold20/AVGO80/LLY0
25,0,75,0.1628790859092355,0.20439100809617858,0.8413108678358654,-0.38519329350848575,0.4228502641509445,Gold25/AVGO0/LLY75
25,5,70,0.17032161480919616,0.1965586460305147,0.8994502447364439,-0.3810906333688791,0.44693204160788774,Gold25/AVGO5/LLY70
25,10,65,0.18030404804957434,0.19104256316670265,0.964453145458158,-0.3797818757609753,0.47475685270208356,Gold25/AVGO10/LLY65
25,15,60,0.18683481274985292,0.18763861424475073,1.0080304817989978,-0.36677055402933634,0.5094051599761437,Gold25/AVGO15/LLY60
25,20,55,0.19322332872876458,0.18558482607457163,1.0461380151625645,-0.36367451819907465,0.5313084064443431,Gold25/AVGO20/LLY55
25,25,50,0.20581407818555286,0.18555048613189565,1.1029718370212525,-0.35553761585360394,0.5788813025913376,Gold25/AVGO25/LLY50
25,30,45,0.21034093306152646,0.18671990571284341,1.1173656230853752,-0.34918965983152117,0.602368733263788,Gold25/AVGO30/LLY45
25,35,40,0.21553189496237035,0.18940322852852462,1.1268559375690124,-0.33715511950579363,0.6392662679371436,Gold25/AVGO35/LLY40
25,40,35,0.22439936978211117,0.1943680062676755,1.140441340342194,-0.32742770249004177,0.6853402081607189,Gold25/AVGO40/LLY35
25,45,30,0.2321569101674008,0.20106158665859244,1.1405258684101216,-0.31763700419362184,0.7308874819442794,Gold25/AVGO45/LLY30
25,50,25,0.24147933871045923,0.2085603042213386,1.1430601091883599,-0.30506511359796357,0.7915665474246847,Gold25/AVGO50/LLY25
25,55,20,0.2502120130689751,0.21817742119680325,1.1342495855364805,-0.29815791095325156,0.8391929372895495,Gold25/AVGO55/LLY20
25,60,15,0.2571152696093937,0.22889312851061144,1.115661449493672,-0.31978226023386447,0.8040323106771435,Gold25/AVGO60/LLY15
25,65,10,0.26782941427565876,0.24148284018638314,1.1049501214404571,-0.3475838905559277,0.7705461085877451,Gold25/AVGO65/LLY10
25,70,5,0.27800217707926667,0.255842935634806,1.0881701170543503,-0.36742501382805637,0.7566228934248966,Gold25/AVGO70/LLY5
25,75,0,0.29140711664511887,0.27566423040297006,1.0668995212496726,-0.39417846441621274,0.7392771116420565,Gold25/AVGO75/LLY0
30,0,70,0.16144008201157467,0.1929615339285142,0.8730680832536173,-0.36506620019597574,0.44222138868213495,Gold30/AVGO0/LLY70
30,5,65,0.16825863909333294,0.18608217566634438,0.9299245044421652,-0.3627386899897314,0.46385633442657054,Gold30/AVGO5/LLY65
30,10,60,0.17857516994313927,0.1813271478497884,0.9981094684340623,-0.35553761585360394,0.5022680076042062,Gold30/AVGO10/LLY60
30,15,55,0.18500772258203435,0.1782776866887084,1.0427415325382485,-0.3503930358313135,0.5280005698261108,Gold30/AVGO15/LLY55
30,20,50,0.1929957137175926,0.17652046623167342,1.0895070976259853,-0.3399618699164894,0.567698117924229,Gold30/AVGO20/LLY50
30,25,45,0.2020141192995455,0.17646582031154,1.1325772482926935,-0.33226537259434646,0.6079902871677781,Gold30/AVGO25/LLY45
30,30,40,0.20881604420605604,0.17843467167601154,1.153744592775552,-0.32398554244981775,0.6445227235360345,Gold30/AVGO30/LLY40
30,35,35,0.21605079076910805,0.18223408857046422,1.1662728068598864,-0.31564132362869324,0.6844819565617486,Gold30/AVGO35/LLY35
30,40,30,0.22335613287375278,0.1883261240815218,1.1663845254452652,-0.30506511359796357,0.732158883195367,Gold30/AVGO40/LLY30
30,45,25,0.23223752629231065,0.1960871452024729,1.1647784105156231,-0.29713258223468164,0.7815956249082253,Gold30/AVGO45/LLY25
30,50,20,0.24047527885942,0.20467274266986596,1.1569233007456492,-0.2908412445720682,0.8268266050547451,Gold30/AVGO50/LLY20
30,55,15,0.24880214763810882,0.21533992585255604,1.1411338506799944,-0.3011640181572306,0.8261350381778182,Gold30/AVGO55/LLY15
30,60,10,0.25931062430123664,0.22795649095174847,1.1270290696880725,-0.32890941210671976,0.7883952685948047,Gold30/AVGO60/LLY10
30,65,5,0.2693797003598568,0.2437552828580163,1.1019153608666612,-0.3499609777834682,0.7697421068657845,Gold30/AVGO65/LLY5
30,70,0,0.2809297310423904,0.2617820827048266,1.078114961225688,-0.37514789616329186,0.7488506104272784,Gold30/AVGO70/LLY0
35,0,65,0.15741500241845907,0.18390983180370588,0.8879315551106246,-0.3512357740170077,0.44817474204901653,Gold35/AVGO0/LLY65
35,5,60,0.16693202308915112,0.1773385125961853,0.9604356869076504,-0.34596271827116887,0.48251448573226957,Gold35/AVGO5/LLY60
35,10,55,0.1726018604296795,0.17200843351744394,1.013103067518458,-0.33590974199117685,0.5138340418665593,Gold35/AVGO10/LLY55
35,15,50,0.18400226073092152,0.1690460017968837,1.0852290436843952,-0.32884831513323776,0.5595353610261627,Gold35/AVGO15/LLY50
35,20,45,0.1922084417093688,0.1682371685264166,1.1307914057472996,-0.3228446812652141,0.5953588609733708,Gold35/AVGO20/LLY45
35,25,40,0.20084162850259824,0.16910002046168535,1.1686533545491806,-0.31418022013192237,0.6392561200010174,Gold35/AVGO25/LLY40
35,30,35,0.20854888359410273,0.17229070431889962,1.1873871872575235,-0.30506511359796357,0.6836208871426158,Gold35/AVGO30/LLY35
35,35,30,0.215844014805878,0.17730411002641067,1.192768098283128,-0.2979371564668481,0.7244615521122331,Gold35/AVGO35/LLY30
35,40,25,0.2218596527865324,0.18403529951039732,1.1826200818158261,-0.2926374047901396,0.7581383963736134,Gold35/AVGO40/LLY25
35,45,20,0.23085319860242404,0.1931602932422596,1.1736936500223645,-0.3027868502808703,0.7624280855931511,Gold35/AVGO45/LLY20
35,50,15,0.24022489307245132,0.2041622101157128,1.1583572512297635,-0.28855560401904745,0.8325081534600665,Gold35/AVGO50/LLY15
35,55,10,0.24891134182674324,0.21577982328719225,1.1396581738354725,-0.3049019612052909,0.8163651714235807,Gold35/AVGO55/LLY10
35,60,5,0.26148923332199536,0.2312991856066114,1.1215638117980735,-0.3279660559817108,0.7973057837929954,Gold35/AVGO60/LLY5
35,65,0,0.270182952023176,0.24859345658751852,1.0878263777145931,-0.35304623007377406,0.7652905738908964,Gold35/AVGO65/LLY0
40,0,60,0.15525104862353167,0.17434091414024874,0.9161721646366706,-0.33226537259434646,0.46725016035021305,Gold40/AVGO0/LLY60
40,5,55,0.16396032173937058,0.16826989491669228,0.9878004443336046,-0.3261582278815914,0.5027017800663757,Gold40/AVGO5/LLY55
40,10,50,0.17181388926959795,0.16386142481254456,1.051064602841517,-0.32085483869361464,0.5354879171190048,Gold40/AVGO10/LLY50
40,15,45,0.17973963554523165,0.1618740322643987,1.103719299709946,-0.3130642880833625,0.5741301144427265,Gold40/AVGO15/LLY45
40,20,40,0.18888799683378243,0.16172689285525507,1.1524506782635346,-0.30506511359796357,0.6191727221969813,Gold40/AVGO20/LLY40
40,25,35,0.19734516021215143,0.16358822564551,1.1845957103943456,-0.29853161370346,0.6610528036343247,Gold40/AVGO25/LLY35
40,30,30,0.20590768669659454,0.16764373453955275,1.2025514525105332,-0.29420558831628846,0.6998768713911429,Gold40/AVGO30/LLY30
40,35,25,0.21379622004543397,0.17382854254375796,1.2034312924938584,-0.2992741030049689,0.7143826274934462,Gold40/AVGO35/LLY25
40,40,20,0.22213210517390092,0.18211219621829244,1.1944224864711324,-0.2914423564773534,0.7621819554947283,Gold40/AVGO40/LLY20
40,45,15,0.23162732789600038,0.19206498964764968,1.1825469254271526,-0.2888817668996194,0.8018066712271467,Gold40/AVGO45/LLY15
40,50,10,0.23945110453733598,0.2042821629511112,1.1547141400253909,-0.29658521703834173,0.8073602148092917,Gold40/AVGO50/LLY10
40,55,5,0.24868001521580307,0.2184432901437891,1.1275455251498578,-0.3114560219604785,0.7984434324000926,Gold40/AVGO55/LLY5
40,60,0,0.2576672880826907,0.2361326997726964,1.0905074460897002,-0.33225556603541057,0.7755093200010664,Gold40/AVGO60/LLY0
45,0,55,0.15118619575916736,0.1672056086827295,0.9269089957254267,-0.3192654551706155,0.4735438592264028,Gold45/AVGO0/LLY55
45,5,50,0.1629258951785999,0.16100004569286988,1.0194883665191927,-0.3121841421826481,0.5218903626542235,Gold45/AVGO5/LLY50
45,10,45,0.17026588732662007,0.1572980258428151,1.0798483228428088,-0.30506511359796357,0.55812965736557,Gold45/AVGO10/LLY45
45,15,40,0.17840807012806592,0.15592051466473705,1.1325803045318676,-0.2989887258506598,0.5967050082590003,Gold45/AVGO15/LLY40
45,20,35,0.18745294701819093,0.15686242463450548,1.1755693452010927,-0.29520079012156275,0.6350015084343047,Gold45/AVGO20/LLY35
45,25,30,0.19774943037239456,0.1600345607363267,1.2094692574319785,-0.2908412445720682,0.6799222395824736,Gold45/AVGO25/LLY30
45,30,25,0.20281729270850613,0.16545210240147765,1.2007636285654697,-0.30078635826582584,0.6742901967956352,Gold45/AVGO30/LLY25
45,35,20,0.21194761458658662,0.17264473724055218,1.2016357024335267,-0.2927015562465893,0.7241082599780552,Gold45/AVGO35/LLY20
45,40,15,0.21765699724090126,0.18220987017520962,1.173700841768208,-0.2931229528945995,0.742545048388503,Gold45/AVGO40/LLY15
45,45,10,0.22706374805884555,0.19331876874310322,1.1568909772764795,-0.28457058880891056,0.7979171319468966,Gold45/AVGO45/LLY10
45,50,5,0.2373152860155534,0.2081436058693176,1.1288083577798216,-0.29706191530679515,0.7988748263824479,Gold45/AVGO50/LLY5
45,55,0,0.24576252077440475,0.22435106206389266,1.0932360674577877,-0.31108839138256605,0.7900086521459885,Gold45/AVGO55/LLY0
50,0,50,0.14800339079367797,0.16052257033084025,0.9414730282839063,-0.30506511359796357,0.48515344494201107,Gold50/AVGO0/LLY50
50,5,45,0.15958238039459904,0.15524858865943378,1.0328725846434321,-0.2993511484080818,0.5330942648566458,Gold50/AVGO5/LLY45
50,10,40,0.16640236005577247,0.1523690806128249,1.0880769432126167,-0.2959827791786718,0.5622028434138145,Gold50/AVGO10/LLY40
50,15,35,0.1761588586267211,0.15169066222870572,1.1472958747095527,-0.2921048561439446,0.6030672031686897,Gold50/AVGO15/LLY35
50,20,30,0.18398541564720783,0.15370364590240537,1.1775144781128195,-0.3037713244906785,0.6056707819794676,Gold50/AVGO20/LLY30
50,25,25,0.19347243641965095,0.1578674628581729,1.2012167924375514,-0.2914423564773534,0.6638446063850872,Gold50/AVGO25/LLY25
50,30,20,0.20233437985929092,0.16451370502419935,1.204237237795932,-0.2922393882056654,0.6923583473864131,Gold50/AVGO30/LLY20
50,35,15,0.2117765610617961,0.17332215389213723,1.1968173853306787,-0.28741898319809345,0.736821760015192,Gold50/AVGO35/LLY15
50,40,10,0.21801861812619672,0.18452297001459045,1.1629214071351184,-0.2844079652963763,0.7665700146583572,Gold50/AVGO40/LLY10
50,45,5,0.2244456551797327,0.1986708164747366,1.1202411011652544,-0.29706331515871415,0.7555482071551531,Gold50/AVGO45/LLY5
50,50,0,0.23349598309711972,0.21316621709974926,1.092651202264784,-0.297348469062228,0.7852604179652074,Gold50/AVGO50/LLY0
55,0,45,0.14496395422359942,0.15543059143085933,0.9501085344221911,-0.2966133604396493,0.48873035930926867,Gold55/AVGO0/LLY45
55,5,40,0.1557387054882493,0.15091686268825308,1.0361424959554066,-0.29337646244432786,0.5308493537302872,Gold55/AVGO5/LLY40
55,10,35,0.16338110815721807,0.14880138476867313,1.0931334183406187,-0.2997562722548934,0.545046503708484,Gold55/AVGO10/LLY35
55,15,30,0.17225529605071754,0.14944628188606507,1.1400181387846107,-0.3003012153029772,0.5736083880876981,Gold55/AVGO15/LLY30
55,20,25,0.18096180983691812,0.15194916878096446,1.1725156541490505,-0.2932326489017972,0.6171270849772317,Gold55/AVGO20/LLY25
55,25,20,0.1878860557518558,0.1578197439903763,1.1717636028567524,-0.28870228300828665,0.6507951852478523,Gold55/AVGO25/LLY20
55,30,15,0.19762700914247833,0.16581282683921156,1.172412633685691,-0.2876395319596759,0.6870648404829959,Gold55/AVGO30/LLY15
55,35,10,0.20553609904866055,0.17629396792741245,1.150258368651254,-0.2850173821662543,0.7211353128237236,Gold55/AVGO35/LLY10
55,40,5,0.21357640064088024,0.18947947480830613,1.1180586427977754,-0.2970562018628916,0.7189764068264023,Gold55/AVGO40/LLY5
55,45,0,0.2216199038923088,0.2032705452648025,1.0880599366780208,-0.297348469062228,0.7453204806846643,Gold55/AVGO45/LLY0
60,0,40,0.14198237379924028,0.15233259659514795,0.9491921300192955,-0.2908412445720682,0.48817826374023143,Gold60/AVGO0/LLY40
60,5,35,0.15174382805041087,0.14844144428596193,1.0275974403128032,-0.30300283563056946,0.5008000262922347,Gold60/AVGO5/LLY35
60,10,30,0.1609039739224818,0.1475395986335224,1.0867712088578463,-0.2914423564773534,0.5520953641307278,Gold60/AVGO10/LLY30
60,15,25,0.1681690420861892,0.14931269359178861,1.1175076744926642,-0.29235977505280036,0.5752126538468494,Gold60/AVGO15/LLY25
60,20,20,0.17692474503666422,0.15309863662596462,1.142468404180033,-0.2931229528945995,0.6035854350180568,Gold60/AVGO20/LLY20
60,25,15,0.1852922252251783,0.16001445241338516,1.1441820842545254,-0.29658521703834173,0.6247520597131591,Gold60/AVGO25/LLY15
60,30,10,0.19592872083277535,0.16904910606391388,1.1447544247523596,-0.2968365249607912,0.6600559714093652,Gold60/AVGO30/LLY10
60,35,5,0.20306426817671808,0.18136626158339686,1.1117623040921965,-0.29703610787261125,0.6836349615239554,Gold60/AVGO35/LLY5
60,40,0,0.21128028015154787,0.19424756492155257,1.085580945134049,-0.297348469062228,0.7105477314811125,Gold60/AVGO40/LLY0
65,0,35,0.1359804095471453,0.15075804469290666,0.92256830801125,-0.2999618090940793,0.45332574155964206,Gold65/AVGO0/LLY35
65,5,30,0.14558442505509483,0.14770670508306163,0.9956381625095085,-0.29274410999997086,0.4973094934518386,Gold65/AVGO5/LLY30
65,10,25,0.15708225328966097,0.14764370460715903,1.0637654775807348,-0.28903423775163994,0.5434728235366978,Gold65/AVGO10/LLY25
65,15,20,0.16310213550904695,0.1509355796135958,1.0782794807355038,-0.29254551371568377,0.5575273858670793,Gold65/AVGO15/LLY20
65,20,15,0.17487027899466923,0.15619217869164884,1.1117095774459593,-0.2930910504174922,0.5966414830666991,Gold65/AVGO20/LLY15
65,25,10,0.1811316290345375,0.16438832789057586,1.0966396088243984,-0.296840756656013,0.6101979764336664,Gold65/AVGO25/LLY10
65,30,5,0.19239677649749942,0.17540052127125166,1.0926603261574717,-0.286211044409061,0.6722199588584725,Gold65/AVGO30/LLY5
65,35,0,0.197940259627162,0.18718675293719025,1.0600926287102068,-0.297348469062228,0.6656844753612563,Gold65/AVGO35/LLY0
70,0,30,0.13560222332398197,0.15056347532082695,0.921374057932477,-0.28855560401904745,0.46993446474541845,Gold70/AVGO0/LLY30
70,5,25,0.14434031001185343,0.14868816414800926,0.9827566324181433,-0.28860010761980154,0.5001394878272384,Gold70/AVGO5/LLY25
70,10,20,0.1524618386305867,0.1498772927062304,1.0234253314768744,-0.28768969264845895,0.5299523845537516,Gold70/AVGO10/LLY20
70,15,15,0.1620025128942284,0.15406394772926768,1.0533342573843951,-0.28423220545289407,0.5699653655928767,Gold70/AVGO15/LLY15
70,20,10,0.17104671763690416,0.16069375481317608,1.0646837625497756,-0.2932845866985702,0.5832107290817203,Gold70/AVGO20/LLY10
70,25,5,0.1785284917631278,0.17102387597197066,1.047691241950883,-0.2972571465536326,0.6005860374862907,Gold70/AVGO25/LLY5
70,30,0,0.18586947932793008,0.1812190697592347,1.0329711959450925,-0.297348469062228,0.6250897471042032,Gold70/AVGO30/LLY0
75,0,25,0.13038603316780661,0.15236178797573932,0.882063817928178,-0.2931229528945995,0.4448168656880669,Gold75/AVGO0/LLY25
75,5,20,0.13937781566804475,0.15157944492629263,0.938187429218343,-0.2871523514443495,0.4853793290111934,Gold75/AVGO5/LLY20
75,10,15,0.14901700581758015,0.154369345346986,0.9786679317295646,-0.28440796529637646,0.5239551067505869,Gold75/AVGO10/LLY15
75,15,10,0.15854537765029608,0.15959770173330218,1.0035613331883957,-0.29098109707866054,0.5448648700621151,Gold75/AVGO15/LLY10
75,20,5,0.16524996212360454,0.16819346289121906,0.995002484923617,-0.2972631021455208,0.5559047218807157,Gold75/AVGO20/LLY5
75,25,0,0.17293737560818823,0.17618287431279644,0.9950602439359686,-0.297348469062228,0.5815983386549621,Gold75/AVGO25/LLY0
80,0,20,0.12649006608024815,0.15523587833379393,0.8463175920112521,-0.29658521703834173,0.4264881012727477,Gold80/AVGO0/LLY20
80,5,15,0.1343701020462449,0.15608829205249955,0.8872800294220257,-0.2859940092210826,0.46983537316815777,Gold80/AVGO5/LLY15
80,10,10,0.1447686225440865,0.1596517525829883,0.9282479634809626,-0.2860657138330416,0.5060677164149031,Gold80/AVGO10/LLY10
80,15,5,0.15377985055059473,0.16714078733976748,0.940939944412944,-0.2972683285069945,0.5173099042300984,Gold80/AVGO15/LLY5
80,20,0,0.15951441619464712,0.17365778616506006,0.9406273434384935,-0.297348469062228,0.53645615428161,Gold80/AVGO20/LLY0
85,0,15,0.12213980021855364,0.16114761040552883,0.7970529433665677,-0.296833784491894,0.41147540003785876,Gold85/AVGO0/LLY15
85,5,10,0.12985192927728129,0.16257647766025163,0.8336562047578074,-0.2970589086438852,0.4371251812311343,Gold85/AVGO5/LLY10
85,10,5,0.13868603467040308,0.16804036604306666,0.8583366256411203,-0.2972729518468144,0.4665275929371078,Gold85/AVGO10/LLY5
85,15,0,0.15006705759085692,0.17340778449196678,0.8944935320097857,-0.297348469062228,0.5046841440419572,Gold85/AVGO15/LLY0
90,0,10,0.11808854936300794,0.16729027834512372,0.7521758966011363,-0.33044150951973467,0.35736596632377826,Gold90/AVGO0/LLY10
90,5,5,0.12663329162151382,0.1701730736898075,0.7870801971357111,-0.29852286022864455,0.42419964596521315,Gold90/AVGO5/LLY5
90,10,0,0.13344147120909788,0.17428841620120794,0.807195490949781,-0.3001650185117845,0.4445603683956895,Gold90/AVGO10/LLY0
95,0,5,0.11062705721054966,0.17668853542599486,0.6833721163712533,-0.4255790123056254,0.2599448140339776,Gold95/AVGO0/LLY5
95,5,0,0.1219113354734378,0.17633648544009742,0.7417931853878609,-0.34887075318628646,0.3494455593081511,Gold95/AVGO5/LLY0
100,0,0,0.10654610906930428,0.18228303242974475,0.647702029966795,-0.44363844125895263,0.24016428505823081,Gold100/AVGO0/LLY0
