assets,weights,is_calmar
SCA-B.ST/ROST/GC_F,40%/30%/30%,3.0307199702327865
SCA-B.ST/DPZ/ROST,50%/30%/20%,2.9860767845231306
SCA-B.ST/DPZ/AMZN,70%/20%/10%,2.967028810580598
SCA-B.ST/AMZN/MO,30%/30%/40%,2.942953653982431
SCA-B.ST/DPZ/ROST,40%/30%/30%,2.9223382363912305
SCA-B.ST/DPZ/AMZN,60%/20%/20%,2.914205291289485
SCA-B.ST/DPZ/SHW,60%/30%/10%,2.9130957925625216
SCA-B.ST/DPZ/MO,50%/30%/20%,2.9049833299866745
SCA-B.ST/DPZ/MO,40%/30%/30%,2.901662820881835
SCA-B.ST/ROST/GC_F,50%/20%/30%,2.8825474684911225
SCA-B.ST/DPZ/AMZN,60%/30%/10%,2.874810137136984
SCA-B.ST/DPZ/MO,40%/20%/40%,2.8740658280856555
SCA-B.ST/AMZN/MO,20%/30%/50%,2.840773566538429
SCA-B.ST/DPZ/MO,50%/20%/30%,2.829605738748817
SCA-B.ST/AMZN/MO,30%/20%/50%,2.817816878273087
SCA-B.ST/MO/MCD,30%/40%/30%,2.8172899746069358
SCA-B.ST/DPZ/TJX,60%/20%/20%,2.8169251950794028
SCA-B.ST/DPZ/ROST,30%/30%/40%,2.814987187816067
SCA-B.ST/DPZ/NI,60%/20%/20%,2.811102727705097
SCA-B.ST/DPZ/ALGN,60%/30%/10%,2.8103018395081416
SCA-B.ST/DPZ/TJX,50%/20%/30%,2.7893525579676544
SCA-B.ST/NI/AMZN,40%/30%/30%,2.7874517636918563
SCA-B.ST/DPZ/ROST,60%/30%/10%,2.784874002391871
SCA-B.ST/AMZN/MO,40%/30%/30%,2.7832831189972884
SCA-B.ST/DPZ/NI,50%/20%/30%,2.781997446258068
SCA-B.ST/MO/MCD,30%/30%/40%,2.77704078462846
SCA-B.ST/AMZN/MO,40%/20%/40%,2.7708937109423597
SCA-B.ST/DPZ/TJX,50%/30%/20%,2.770800463868565
SCA-B.ST/DPZ/MO,60%/20%/20%,2.770758544402306
SCA-B.ST/MO/MCD,40%/30%/30%,2.7688802664282863
SCA-B.ST/DPZ/ROST,40%/20%/40%,2.759802078616715
SCA-B.ST/DPZ/AOS,70%/20%/10%,2.7562442126352216
SCA-B.ST/DPZ/MO,30%/30%/40%,2.7560578318522717
SCA-B.ST/DPZ/ROST,50%/20%/30%,2.7546002447462006
SCA-B.ST/DPZ/XEL,50%/30%/20%,2.754059108599107
SCA-B.ST/DPZ/BF_B,50%/30%/20%,2.752511259632997
SCA-B.ST/DPZ/TJX,40%/20%/40%,2.7513553835331663
SCA-B.ST/DPZ/SHW,50%/30%/20%,2.7501916781502773
SCA-B.ST/DPZ/AMZN,50%/20%/30%,2.7453972856726554
SCA-B.ST/DPZ/AMT,30%/40%/30%,2.7425132948127233
SCA-B.ST/DPZ/MKC,50%/30%/20%,2.741213724197946
SCA-B.ST/DPZ/NI,70%/20%/10%,2.740457731011825
SCA-B.ST/DPZ/TJX,70%/20%/10%,2.7390457208895627
SCA-B.ST/DPZ/EXR,50%/30%/20%,2.7373776389257896
SCA-B.ST/DPZ/AOS,50%/30%/20%,2.7316709865578512
SCA-B.ST/DPZ/ROST,60%/20%/20%,2.7296340761689866
SCA-B.ST/DPZ/ACGL,50%/30%/20%,2.72906559520462
SCA-B.ST/DPZ/IT,50%/20%/30%,2.728704777106024
SCA-B.ST/DPZ/AMT,50%/30%/20%,2.7279508958350034
SCA-B.ST/MO/MCD,20%/40%/40%,2.727023541985422
SCA-B.ST/DPZ/EXR,70%/20%/10%,2.7203269123162
SCA-B.ST/DPZ/CMS,50%/30%/20%,2.7190050331016673
SCA-B.ST/DPZ/IT,40%/30%/30%,2.7169319987510274
SCA-B.ST/DPZ/AOS,60%/30%/10%,2.7154950835699787
SCA-B.ST/DPZ/LLY,40%/30%/30%,2.711978648787783
SCA-B.ST/DPZ/MO,70%/20%/10%,2.7111403195288446
SCA-B.ST/DPZ/IT,60%/20%/20%,2.707953757745912
SCA-B.ST/NI/AMZN,60%/20%/20%,2.7074577421087525
SCA-B.ST/MO/MCD,20%/50%/30%,2.707082781838491
SCA-B.ST/DPZ/TJX,60%/10%/30%,2.7055882756553595
SCA-B.ST/DPZ/CMS,60%/30%/10%,2.703210147290248
SCA-B.ST/DPZ/ATO,60%/30%/10%,2.702423663129695
SCA-B.ST/AMZN/GC_F,50%/30%/20%,2.7008796593919575
SCA-B.ST/DPZ/NI,60%/30%/10%,2.699555724220254
SCA-B.ST/MO/MCD,40%/20%/40%,2.699190077381226
SCA-B.ST/DPZ/LLY,50%/30%/20%,2.698528047807699
SCA-B.ST/ROST/GC_F,50%/30%/20%,2.6978165713936053
SCA-B.ST/DPZ/ROST,30%/20%/50%,2.697478441251266
SCA-B.ST/DPZ/UNH,50%/30%/20%,2.6953958231328627
SCA-B.ST/DPZ/ALGN,50%/30%/20%,2.695281622994976
SCA-B.ST/DPZ/ROST,70%/20%/10%,2.6947323637180802
SCA-B.ST/MO/MCD,50%/20%/30%,2.6934215276246176
SCA-B.ST/DPZ/AMT,40%/30%/30%,2.6921462407378627
SCA-B.ST/DPZ/MO,60%/30%/10%,2.692095694422027
SCA-B.ST/DPZ/TJX,60%/30%/10%,2.69028371724858
SCA-B.ST/NI/AMZN,50%/20%/30%,2.690028695367984
SCA-B.ST/DPZ/DTE,50%/30%/20%,2.6900154749641767
SCA-B.ST/NI/AMZN,50%/30%/20%,2.689334847541892
SCA-B.ST/DPZ/BF_B,70%/20%/10%,2.687703927948284
SCA-B.ST/DPZ/AMZN,70%/10%/20%,2.6863648876598445
SCA-B.ST/AMZN/MO,50%/20%/30%,2.6826540930321667
SCA-B.ST/AMZN/TJX,40%/20%/40%,2.6824966262417815
SCA-B.ST/DPZ/BF_B,60%/20%/20%,2.6821062904645463
SCA-B.ST/UNH/GC_F,50%/20%/30%,2.681860393612618
SCA-B.ST/DPZ/EXR,60%/30%/10%,2.678923581383672
SCA-B.ST/ROST/GC_F,40%/40%/20%,2.6775083674574645
SCA-B.ST/DPZ/XEL,60%/30%/10%,2.6754616115977536
SCA-B.ST/DPZ/ROST,50%/40%/10%,2.675276286143165
SCA-B.ST/DPZ/TJX,50%/10%/40%,2.6746187234617023
SCA-B.ST/DPZ/ROL,50%/30%/20%,2.674495133858629
SCA-B.ST/DPZ/ROST,20%/30%/50%,2.6734370379387173
DPZ/MO/AMT,30%/40%/30%,2.6726572295861133
SCA-B.ST/DPZ/LLY,60%/20%/20%,2.6721110347363224
SCA-B.ST/DPZ/EXR,60%/20%/20%,2.6720543808202444
SCA-B.ST/DPZ/NI,50%/30%/20%,2.6676612949114866
SCA-B.ST/DPZ/HD,60%/30%/10%,2.6675253653746798
SCA-B.ST/DPZ/DTE,60%/30%/10%,2.6654286202732247
SCA-B.ST/DPZ/MKC,40%/30%/30%,2.6606713848263457
SCA-B.ST/DPZ/ROL,60%/30%/10%,2.6602927436796127
SCA-B.ST/AMZN/MCD,40%/30%/30%,2.659528352484309
SCA-B.ST/DPZ/AOS,60%/20%/20%,2.6576121073561576
SCA-B.ST/TJX/GC_F,60%/30%/10%,2.6572101200812908
SCA-B.ST/DPZ/AOS,50%/40%/10%,2.6558365606064083
SCA-B.ST/DPZ/AMT,40%/40%/20%,2.6543922631961414
SCA-B.ST/ROST/GC_F,60%/20%/20%,2.6540659872249157
SCA-B.ST/DPZ/BF_B,40%/40%/20%,2.6535990673672423
SCA-B.ST/DPZ/BF_B,40%/30%/30%,2.6529502197528245
SCA-B.ST/DPZ/IT,50%/30%/20%,2.6526405525472847
SCA-B.ST/DPZ/LLY,50%/20%/30%,2.6506068485239958
SCA-B.ST/DPZ/AMZN,50%/30%/20%,2.6503133387162827
EXR/AMZN/MO,20%/30%/50%,2.6493591623379458
SCA-B.ST/NI/AMZN,40%/40%/20%,2.6477524576402818
SCA-B.ST/AMZN/MO,50%/30%/20%,2.6473934691735144
SCA-B.ST/DPZ/UNH,70%/20%/10%,2.6456023811892457
SCA-B.ST/DPZ/LLY,70%/20%/10%,2.6437929636451645
SCA-B.ST/DPZ/BF_B,60%/30%/10%,2.643677868706345
SCA-B.ST/DPZ/UNH,60%/20%/20%,2.6397212167533683
SCA-B.ST/DPZ/MKC,70%/20%/10%,2.6389817319816347
SCA-B.ST/DPZ/ALGN,50%/40%/10%,2.638430159070148
SCA-B.ST/DPZ/IT,30%/30%/40%,2.637640131838846
SCA-B.ST/TJX/GC_F,50%/40%/10%,2.6375910048486104
SCA-B.ST/DPZ/AMT,70%/20%/10%,2.6369363982244347
SCA-B.ST/DPZ/ACGL,70%/20%/10%,2.6369308619603102
SCA-B.ST/DPZ/TJX,70%/10%/20%,2.63631139886761
SCA-B.ST/DPZ/AMT,20%/40%/40%,2.6353477320085323
SCA-B.ST/DPZ/MO,50%/40%/10%,2.6351157050086593
SCA-B.ST/NI/AMZN,30%/40%/30%,2.6336920824530514
SCA-B.ST/DPZ/EXR,40%/30%/30%,2.633009644292165
SCA-B.ST/DPZ/ATO,50%/30%/20%,2.631462124134634
SCA-B.ST/DPZ/XEL,40%/30%/30%,2.6310938076271935
SCA-B.ST/DPZ/MRSH,50%/30%/20%,2.6310670827434848
SCA-B.ST/DPZ/TJX,40%/10%/50%,2.630718932775062
SCA-B.ST/NI/AMZN,40%/20%/40%,2.6281529446510907
SCA-B.ST/DPZ/AOS,40%/30%/30%,2.627478929004144
SCA-B.ST/DPZ/ROL,70%/20%/10%,2.626619013877644
SCA-B.ST/CMS/AMZN,40%/30%/30%,2.6265608817506814
SCA-B.ST/DPZ/IT,70%/20%/10%,2.6253055688890106
SCA-B.ST/MCD/ROST,40%/30%/30%,2.624457240266203
SCA-B.ST/MCD/ROST,30%/40%/30%,2.6221259532594003
SCA-B.ST/DPZ/EXR,50%/40%/10%,2.621609626710162
SCA-B.ST/DPZ/COST,40%/30%/30%,2.6216052313840947
SCA-B.ST/AMZN/GC_F,60%/30%/10%,2.620663523501867
SCA-B.ST/DPZ/SHW,70%/20%/10%,2.62058235575215
SCA-B.ST/DPZ/MO,30%/20%/50%,2.6204075899620483
SCA-B.ST/DPZ/MKC,60%/20%/20%,2.6197131925762256
SCA-B.ST/DPZ/MKC,60%/30%/10%,2.619575056361706
SCA-B.ST/TJX/GC_F,40%/40%/20%,2.61863080982481
SCA-B.ST/DPZ/ACGL,40%/30%/30%,2.6175901335050455
SCA-B.ST/DPZ/NI,50%/10%/40%,2.6172515518861075
SCA-B.ST/DPZ/AMZN,60%/10%/30%,2.616495903439436
SCA-B.ST/DPZ/AMT,60%/30%/10%,2.6163594511882966
SCA-B.ST/STZ/AMZN,50%/20%/30%,2.615928235079841
SCA-B.ST/DPZ/ACGL,60%/30%/10%,2.61572831230015
SCA-B.ST/MCD/ROST,50%/30%/20%,2.615267252754875
SCA-B.ST/DPZ/CMS,70%/20%/10%,2.6151584067373244
SCA-B.ST/DPZ/ACGL,60%/20%/20%,2.614528563310837
SCA-B.ST/DPZ/AMT,60%/20%/20%,2.61176995842911
SCA-B.ST/AMZN/GC_F,50%/20%/30%,2.611613657415024
SCA-B.ST/AMZN/TJX,50%/20%/30%,2.6115155605079474
SCA-B.ST/MCD/ROST,40%/40%/20%,2.6113423708772507
SCA-B.ST/DPZ/XEL,70%/20%/10%,2.610376468339726
SCA-B.ST/DPZ/ACGL,40%/40%/20%,2.6084812968164313
SCA-B.ST/DPZ/DTE,70%/20%/10%,2.6081336018192007
SCA-B.ST/DPZ/ATO,70%/20%/10%,2.6076498207022003
SCA-B.ST/AMZN/MCD,50%/30%/20%,2.606811336878647
SCA-B.ST/DPZ/UNH,60%/30%/10%,2.606648794950587
SCA-B.ST/TJX/GC_F,40%/50%/10%,2.6065014401854336
SCA-B.ST/DPZ/ROL,50%/40%/10%,2.6050504557126013
SCA-B.ST/DPZ/MRSH,70%/20%/10%,2.6027413130659194
SCA-B.ST/MO/TJX,30%/30%/40%,2.6016482332445685
SCA-B.ST/MCD/ROST,30%/50%/20%,2.6016132445092612
SCA-B.ST/DPZ/LLY,60%/30%/10%,2.601152255507226
SCA-B.ST/ROST/GC_F,70%/10%/20%,2.600180228967679
SCA-B.ST/DPZ/UNH,40%/40%/20%,2.5999504620657032
SCA-B.ST/DPZ/COST,70%/20%/10%,2.5931601829376993
SCA-B.ST/AMZN/TJX,60%/10%/30%,2.5924633502559975
SCA-B.ST/DPZ/MKC,50%/20%/30%,2.592158529081487
SCA-B.ST/DPZ/AMT,30%/30%/40%,2.5917915877939888
SCA-B.ST/DPZ/ROL,60%/20%/20%,2.5915314876780977
SCA-B.ST/DPZ/UNH,40%/30%/30%,2.5913296324651807
SCA-B.ST/AMZN/GC_F,60%/20%/20%,2.591279713603026
SCA-B.ST/DPZ/NI,40%/20%/40%,2.5903673444541333
DPZ/EXR/MO,20%/30%/50%,2.5900939051629677
SCA-B.ST/DPZ/BF_B,50%/40%/10%,2.589744765535856
SCA-B.ST/DPZ/COST,50%/30%/20%,2.5896642387959665
SCA-B.ST/DPZ/BF_B,50%/20%/30%,2.5889391315584662
SCA-B.ST/DPZ/IT,40%/40%/20%,2.588269895595893
SCA-B.ST/MO/MCD,30%/20%/50%,2.587973980949919
SCA-B.ST/DPZ/DTE,50%/40%/10%,2.5878574951773796
SCA-B.ST/MO/MCD,30%/50%/20%,2.5878167492137525
SCA-B.ST/MRSH/GC_F,40%/30%/30%,2.5875579500110097
SCA-B.ST/DPZ/AOS,40%/40%/20%,2.58687297560458
SCA-B.ST/TJX/GC_F,70%/20%/10%,2.5862649445301127
SCA-B.ST/UNH/GC_F,40%/20%/40%,2.585817118361152
SCA-B.ST/DPZ/IT,60%/30%/10%,2.58579942910461
SCA-B.ST/ROST/GC_F,30%/40%/30%,2.585427523033702
SCA-B.ST/DPZ/BF_B,30%/40%/30%,2.584616214813347
SCA-B.ST/DPZ/NI,60%/10%/30%,2.5833951675031557
SCA-B.ST/AMZN/TJX,50%/10%/40%,2.5816987901570654
DPZ/MO/AMT,40%/20%/40%,2.5816722863650194
SCA-B.ST/DPZ/ALGN,40%/30%/30%,2.5811770917982106
SCA-B.ST/UNH/GC_F,70%/10%/20%,2.580598619356648
SCA-B.ST/DPZ/EXR,50%/20%/30%,2.5799946590464606
SCA-B.ST/DPZ/ROST,40%/40%/20%,2.5799773881089227
SCA-B.ST/DPZ/CTAS,70%/20%/10%,2.579760207949033
SCA-B.ST/DPZ/ALGN,70%/20%/10%,2.5791554547423097
SCA-B.ST/TJX/GC_F,30%/50%/20%,2.5789215213870427
SCA-B.ST/DPZ/SHW,60%/20%/20%,2.5781788285664353
SCA-B.ST/MCD/SHW,40%/40%/20%,2.5768567576841335
SCA-B.ST/DPZ/XEL,50%/40%/10%,2.576619539099395
SCA-B.ST/IT/GC_F,50%/20%/30%,2.576535126043603
SCA-B.ST/DPZ/TJX,30%/10%/60%,2.57469925377397
SCA-B.ST/DPZ/SHW,40%/30%/30%,2.5740027182735052
SCA-B.ST/MO/MCD,40%/40%/20%,2.5739761574048154
SCA-B.ST/AMZN/TJX,40%/30%/30%,2.5737837267136094
SCA-B.ST/DPZ/MRSH,60%/30%/10%,2.5722740382834095
SCA-B.ST/DPZ/NI,40%/10%/50%,2.5721087885924474
SCA-B.ST/CMS/AMZN,50%/20%/30%,2.5702199020951753
SCA-B.ST/DPZ/CMS,60%/20%/20%,2.570021926264824
SCA-B.ST/MCD/ROST,30%/30%/40%,2.5692699779226484
SCA-B.ST/DPZ/SHW,50%/40%/10%,2.5671034317987855
SCA-B.ST/DPZ/MKC,50%/40%/10%,2.565880857724295
SCA-B.ST/NI/AMZN,60%/30%/10%,2.5646650565899645
SCA-B.ST/UNH/GC_F,60%/10%/30%,2.5643593672161047
SCA-B.ST/DPZ/LLY,40%/20%/40%,2.5634942948792547
SCA-B.ST/DPZ/AMT,50%/40%/10%,2.5634847300572035
SCA-B.ST/DPZ/CTAS,50%/30%/20%,2.5630830629674923
SCA-B.ST/DPZ/MO,40%/10%/50%,2.562852060751774
SCA-B.ST/DPZ/ACGL,50%/40%/10%,2.5627913546927212
SCA-B.ST/NI/AMZN,30%/30%/40%,2.561432467931941
SCA-B.ST/DPZ/DTE,40%/30%/30%,2.5612847815520343
SCA-B.ST/AMZN/TJX,40%/10%/50%,2.5609360025354775
SCA-B.ST/DPZ/XEL,60%/20%/20%,2.56086132692663
SCA-B.ST/AMZN/GC_F,70%/20%/10%,2.559827740108066
SCA-B.ST/DPZ/HD,70%/20%/10%,2.559072641673287
SCA-B.ST/DPZ/IT,30%/40%/30%,2.559012615801335
SCA-B.ST/DPZ/UNH,50%/40%/10%,2.557656121895328
SCA-B.ST/DPZ/DTE,60%/20%/20%,2.5562157646809216
SCA-B.ST/ROST/GC_F,60%/10%/30%,2.556178997933964
SCA-B.ST/DPZ/TJX,50%/40%/10%,2.5557066448936236
SCA-B.ST/DPZ/ATO,60%/20%/20%,2.5546965878059167
SCA-B.ST/DPZ/COST,60%/30%/10%,2.554587186956505
SCA-B.ST/DPZ/LLY,30%/30%/40%,2.5538829707330812
SCA-B.ST/DPZ/MKC,30%/30%/40%,2.552470633502275
SCA-B.ST/DPZ/ACGL,50%/20%/30%,2.552446598552963
SCA-B.ST/DPZ/CB,70%/20%/10%,2.5519595740619265
SCA-B.ST/MO/TJX,40%/20%/40%,2.551932324493657
SCA-B.ST/MO/MCD,20%/30%/50%,2.5513792856926876
SCA-B.ST/DPZ/ATO,50%/40%/10%,2.5513578582256473
SCA-B.ST/DPZ/COST,60%/20%/20%,2.549901742606245
SCA-B.ST/DPZ/CMS,50%/40%/10%,2.5495927914915546
SCA-B.ST/MO/TJX,40%/30%/30%,2.548698547942965
SCA-B.ST/DPZ/LLY,50%/40%/10%,2.5485682667515746
SCA-B.ST/DPZ/MO,40%/40%/20%,2.5477221472791953
DPZ/BF_B/GC_F,30%/40%/30%,2.5473416122426586
SCA-B.ST/DPZ/MRSH,40%/30%/30%,2.5465274613086812
SCA-B.ST/EXR/AMZN,40%/30%/30%,2.5461168491992026
SCA-B.ST/TJX/GC_F,50%/30%/20%,2.54557326170544
SCA-B.ST/AMZN/ACGL,50%/20%/30%,2.5453890968168413
SCA-B.ST/DPZ/BF_B,30%/30%/40%,2.5453690603965415
SCA-B.ST/DPZ/MRSH,60%/20%/20%,2.545338548303236
SCA-B.ST/AMZN/TJX,60%/20%/20%,2.5438334382213434
SCA-B.ST/DPZ/CTAS,60%/30%/10%,2.543242705259848
SCA-B.ST/MO/TJX,30%/40%/30%,2.5431120123319606
SCA-B.ST/NI/AMZN,60%/10%/30%,2.5424299875686684
SCA-B.ST/AMZN/GC_F,40%/30%/30%,2.5423332998102843
SCA-B.ST/DPZ/ALGN,40%/40%/20%,2.542078175618369
SCA-B.ST/DPZ/ROL,40%/30%/30%,2.54192477674753
SCA-B.ST/DPZ/ADP,70%/20%/10%,2.5416586691216203
SCA-B.ST/DPZ/IFF,70%/20%/10%,2.5408579255297634
SCA-B.ST/MCD/ROST,60%/30%/10%,2.53995079006567
EXR/AMZN/MO,30%/30%/40%,2.538557397290772
SCA-B.ST/AMZN/MO,60%/20%/20%,2.5380984215991553
SCA-B.ST/DPZ/CTAS,60%/20%/20%,2.538074450002587
SCA-B.ST/DPZ/LMT,70%/20%/10%,2.5380046845342883
SCA-B.ST/DPZ/MO,50%/10%/40%,2.5373010335584754
SCA-B.ST/CTAS/GC_F,70%/10%/20%,2.536686763345787
SCA-B.ST/MO/TJX,20%/40%/40%,2.5364167800688047
SCA-B.ST/DPZ/IT,50%/40%/10%,2.5363462636847163
SCA-B.ST/MO/MCD,50%/30%/20%,2.5345939595136944
SCA-B.ST/AMZN/MO,20%/40%/40%,2.5335071868724497
SCA-B.ST/AMZN/MCD,60%/20%/20%,2.53336963624495
SCA-B.ST/AMZN/MO,30%/40%/30%,2.5330607618468077
DPZ/BF_B/GC_F,30%/50%/20%,2.5322030005362604
SCA-B.ST/DPZ/NI,50%/40%/10%,2.5320065300386516
SCA-B.ST/DPZ/AMT,50%/20%/30%,2.531926891559192
DPZ/AVGO/MO,30%/20%/50%,2.531795673533719
SCA-B.ST/DPZ/AOS,50%/20%/30%,2.530780608672922
SCA-B.ST/MCD/TJX,60%/20%/20%,2.529199603864042
SCA-B.ST/AMZN/MO,60%/30%/10%,2.5291526065079637
SCA-B.ST/STZ/AMZN,30%/30%/40%,2.5283192309422997
SCA-B.ST/DPZ/UNH,30%/40%/30%,2.5282626002957356
SCA-B.ST/DPZ/TJX,40%/30%/30%,2.527998015332193
SCA-B.ST/MCD/TJX,50%/30%/20%,2.5268979922689483
SCA-B.ST/EXR/AMZN,60%/20%/20%,2.5266622793727915
SCA-B.ST/AMZN/MCD,30%/30%/40%,2.526402002064632
SCA-B.ST/AMZN/MO,40%/40%/20%,2.5262024956392404
SCA-B.ST/AMZN/TJX,70%/10%/20%,2.5261635776095166
SCA-B.ST/MO/TJX,30%/20%/50%,2.5257775714135926
SCA-B.ST/AMZN/TJX,50%/30%/20%,2.5255702281143946
SCA-B.ST/DPZ/LMT,60%/20%/20%,2.525464737098354
SCA-B.ST/CMS/AMZN,30%/40%/30%,2.5254090611421485
DPZ/MO/AMT,30%/30%/40%,2.5248531776093084
SCA-B.ST/DPZ/CMS,40%/30%/30%,2.5246632639117816
SCA-B.ST/DPZ/AMZN,80%/10%/10%,2.5243833226752215
SCA-B.ST/DPZ/SHW,50%/20%/30%,2.523643688440398
SCA-B.ST/AMZN/MCD,50%/20%/30%,2.5230425616629955
SCA-B.ST/DPZ/MRSH,50%/40%/10%,2.5226603600344544
SCA-B.ST/DPZ/CB,60%/20%/20%,2.521855304890432
SCA-B.ST/STZ/AMZN,60%/10%/30%,2.5211790647695302
SCA-B.ST/MO/TJX,20%/50%/30%,2.520712150085141
SCA-B.ST/DPZ/AVGO,70%/20%/10%,2.5202293365259862
SCA-B.ST/MCD/TJX,40%/40%/20%,2.5190554801019296
SCA-B.ST/DPZ/AMZN,50%/40%/10%,2.518753989961843
SCA-B.ST/DPZ/ADP,60%/20%/20%,2.5181991308805523
SCA-B.ST/DPZ/AMT,10%/40%/50%,2.516952012250688
SCA-B.ST/DPZ/ACGL,30%/40%/30%,2.5168838600583587
SCA-B.ST/STZ/AMZN,40%/20%/40%,2.515735562678299
SCA-B.ST/DPZ/CB,60%/30%/10%,2.515563988227835
SCA-B.ST/DPZ/CMS,50%/20%/30%,2.5149567787140086
SCA-B.ST/NI/AMZN,70%/10%/20%,2.5142871416862325
SCA-B.ST/DPZ/ROL,40%/40%/20%,2.5142519818587292
SCA-B.ST/UNH/GC_F,60%/20%/20%,2.5135779725818437
SCA-B.ST/MCD/IT,50%/30%/20%,2.513287732405076
SCA-B.ST/DPZ/GC_F,80%/10%/10%,2.5123647544244143
SCA-B.ST/AMZN/MCD,70%/20%/10%,2.5121292016334604
SCA-B.ST/DPZ/AMZN,50%/10%/40%,2.5111512674171723
SCA-B.ST/EXR/AMZN,50%/20%/30%,2.51093909050724
SCA-B.ST/DPZ/CB,50%/30%/20%,2.509209943966386
SCA-B.ST/MCD/TJX,60%/10%/30%,2.50880995084835
SCA-B.ST/DPZ/IFF,60%/20%/20%,2.5084787400003044
SCA-B.ST/DPZ/NI,70%/10%/20%,2.508346822727318
SCA-B.ST/EXR/AMZN,50%/30%/20%,2.5072316260677594
SCA-B.ST/DPZ/UNH,50%/20%/30%,2.5064061381401417
SCA-B.ST/DPZ/ADP,60%/30%/10%,2.506329519933326
SCA-B.ST/DPZ/EL,70%/20%/10%,2.50619575864888
SCA-B.ST/DPZ/COST,50%/40%/10%,2.506054702802379
SCA-B.ST/DPZ/IFF,60%/30%/10%,2.5057650498104898
SCA-B.ST/MCD/TJX,50%/20%/30%,2.505724775163438
SCA-B.ST/DPZ/BF_B,20%/40%/40%,2.505474198355824
SCA-B.ST/MCD/TJX,30%/50%/20%,2.504733523748251
DPZ/MO/MCD,10%/40%/50%,2.5044643179179995
SCA-B.ST/MO/TJX,50%/20%/30%,2.5042563638888335
SCA-B.ST/DPZ/LMT,50%/20%/30%,2.503911075284243
SCA-B.ST/DPZ/LMT,60%/30%/10%,2.503764468266394
SCA-B.ST/MO/TJX,50%/10%/40%,2.502939374831758
SCA-B.ST/DPZ/AOS,30%/40%/30%,2.5027809452548517
SCA-B.ST/AMZN/MCD,60%/30%/10%,2.502421370117887
SCA-B.ST/DPZ/XEL,50%/20%/30%,2.5014187700438364
SCA-B.ST/DPZ/MKC,40%/40%/20%,2.501019371845345
SCA-B.ST/NI/MCD,60%/20%/20%,2.500876571109983
SCA-B.ST/DPZ/ALGN,60%/20%/20%,2.5006388336182632
SCA-B.ST/DPZ/MCD,80%/10%/10%,2.4992003852146834
SCA-B.ST/CMS/AMZN,60%/20%/20%,2.498049800617316
SCA-B.ST/DPZ/ACGL,30%/30%/40%,2.497756608472012
SCA-B.ST/DPZ/MO,60%/10%/30%,2.4972469716853056
SCA-B.ST/MCD/TJX,40%/30%/30%,2.497035528668609
SCA-B.ST/DPZ/CB,40%/30%/30%,2.4969736074457676
SCA-B.ST/DPZ/CTAS,50%/40%/10%,2.4967304792230456
SCA-B.ST/NI/MCD,50%/20%/30%,2.496143173345795
SCA-B.ST/CMS/AMZN,30%/30%/40%,2.4954517351232677
SCA-B.ST/AMZN/ROST,40%/30%/30%,2.4951377156138466
SCA-B.ST/AMZN/MCD,40%/20%/40%,2.494883598043715
SCA-B.ST/DPZ/DTE,50%/20%/30%,2.494590951826313
SCA-B.ST/MCD/ROST,50%/40%/10%,2.4941192804909376
UNH/AMZN/MO,20%/30%/50%,2.492755732282382
SCA-B.ST/CMS/AMZN,40%/20%/40%,2.491637222559531
SCA-B.ST/DPZ/QQQ,70%/20%/10%,2.4909235047465343
SCA-B.ST/DPZ/MKC,40%/20%/40%,2.490901059853676
SCA-B.ST/DPZ/TJX,80%/10%/10%,2.489954295030622
SCA-B.ST/DPZ/GC_F,70%/20%/10%,2.4898265605187215
SCA-B.ST/DPZ/EXR,60%/10%/30%,2.489743861770985
SCA-B.ST/DPZ/AVGO,60%/30%/10%,2.489691766863275
SCA-B.ST/DPZ/ADP,50%/30%/20%,2.4891449464848407
SCA-B.ST/DPZ/STZ,70%/20%/10%,2.488852033403278
SCA-B.ST/CMS/AMZN,60%/10%/30%,2.4882415627839247
SCA-B.ST/NI/AMZN,70%/20%/10%,2.4876860612345415
SCA-B.ST/DPZ/IFF,50%/30%/20%,2.486658997816081
SCA-B.ST/AMZN/ROST,50%/30%/20%,2.4862688893681644
SCA-B.ST/NI/MCD,40%/20%/40%,2.485743124136141
DPZ/MO/AMT,30%/50%/20%,2.4856859116317502
SCA-B.ST/DPZ/EXR,40%/20%/40%,2.4843274332502507
SCA-B.ST/DPZ/EXR,70%/10%/20%,2.484097823829202
SCA-B.ST/MO/MCD,60%/20%/20%,2.483336259318197
SCA-B.ST/DPZ/AVGO,60%/20%/20%,2.4830696647613095
SCA-B.ST/DPZ/COST,50%/20%/30%,2.48287661833923
SCA-B.ST/DPZ/LMT,50%/30%/20%,2.4823017636756144
SCA-B.ST/MCD/TJX,30%/40%/30%,2.4818115154408824
SCA-B.ST/LMT/GC_F,70%/10%/20%,2.481751988012487
SCA-B.ST/NI/TJX,60%/10%/30%,2.4814932789943596
SCA-B.ST/MCD/TJX,50%/10%/40%,2.4810230545518466
SCA-B.ST/MO/TJX,40%/10%/50%,2.4805977710100504
SCA-B.ST/MCD/TJX,70%/10%/20%,2.479474619346748
SCA-B.ST/DPZ/MCD,70%/20%/10%,2.4786450988619877
SCA-B.ST/NI/AMZN,50%/10%/40%,2.4785994923845602
SCA-B.ST/AMZN/TJX,70%/20%/10%,2.4785624209691384
SCA-B.ST/DPZ/TJX,30%/20%/50%,2.478407831903568
SCA-B.ST/AMZN/MO,10%/40%/50%,2.4782750418283745
SCA-B.ST/DPZ/MRSH,50%/20%/30%,2.4781665093557637
SCA-B.ST/DPZ/ATO,40%/30%/30%,2.476823566083955
SCA-B.ST/DPZ/ROST,30%/40%/30%,2.4767653062863917
SCA-B.ST/LMT/GC_F,60%/20%/20%,2.4767232334084968
SCA-B.ST/NI/AMZN,30%/50%/20%,2.47651276353191
SCA-B.ST/STZ/AMZN,60%/20%/20%,2.4762981980421945
SCA-B.ST/MO/MCD,60%/10%/30%,2.4760965087094147
SCA-B.ST/DPZ/AOS,30%/30%/40%,2.4754745437196974
SCA-B.ST/EXR/AMZN,70%/10%/20%,2.475061364219159
SCA-B.ST/MCD/IT,40%/30%/30%,2.4749712512830677
SCA-B.ST/DPZ/LLY,40%/40%/20%,2.474762292937038
DPZ/EXR/MO,20%/40%/40%,2.4745977289436096
SCA-B.ST/DPZ/AMT,10%/50%/40%,2.474516805919764
SCA-B.ST/CMS/AMZN,50%/30%/20%,2.4744155816333815
SCA-B.ST/DPZ/EL,60%/30%/10%,2.4743834886740235
DPZ/UNH/MO,30%/30%/40%,2.473655523767303
SCA-B.ST/TJX/GC_F,60%/20%/20%,2.4733861874672223
SCA-B.ST/DPZ/UNH,30%/30%/40%,2.473316714623994
SCA-B.ST/ACGL/TJX,50%/10%/40%,2.4731083293513305
SCA-B.ST/NI/TJX,60%/20%/20%,2.472491966906105
SCA-B.ST/UNH/GC_F,40%/30%/30%,2.472452611053394
SCA-B.ST/MCD/TJX,40%/20%/40%,2.4713679720523687
DPZ/SHW/AMT,40%/10%/50%,2.4711938972404552
SCA-B.ST/DPZ/IT,20%/40%/40%,2.4692121126518547
SCA-B.ST/DPZ/CB,50%/40%/10%,2.469101824059564
SCA-B.ST/AMZN/TJX,60%/30%/10%,2.4690131632551537
SCA-B.ST/NI/MCD,30%/20%/50%,2.468755407222243
MO/MCD/ACGL,40%/40%/20%,2.4683901438531017
SCA-B.ST/DPZ/IT,40%/20%/40%,2.4683139704357258
SCA-B.ST/MCD/SHW,50%/30%/20%,2.468186880454601
DPZ/MO/AMT,40%/10%/50%,2.4671087447482383
SCA-B.ST/EXR/MCD,60%/10%/30%,2.466453696956275
SCA-B.ST/EXR/AMZN,60%/10%/30%,2.4663770385653465
STZ/AMZN/MO,20%/20%/60%,2.4660930711085096
SCA-B.ST/AMZN/ACGL,50%/30%/20%,2.4655656696520833
SCA-B.ST/DPZ/ADP,40%/30%/30%,2.4644916791869194
SCA-B.ST/NI/MCD,50%/30%/20%,2.4641055724535033
SCA-B.ST/AMZN/MO,40%/10%/50%,2.4640430030745297
SCA-B.ST/DPZ/LLY,30%/20%/50%,2.4634370944427757
DPZ/STZ/MO,20%/20%/60%,2.4633185624978045
SCA-B.ST/EXR/AMZN,70%/20%/10%,2.46322085958253
SCA-B.ST/DPZ/NI,40%/30%/30%,2.4631870105484506
SCA-B.ST/DPZ/AMT,20%/30%/50%,2.463094000103802
SCA-B.ST/AMZN/ACGL,40%/20%/40%,2.4622606404712473
SCA-B.ST/DPZ/HD,60%/20%/20%,2.461631976735376
SCA-B.ST/AMZN/ACGL,60%/20%/20%,2.460988062262176
SCA-B.ST/DPZ/ADP,50%/40%/10%,2.4609598538880335
SCA-B.ST/LMT/GC_F,50%/30%/20%,2.4609423009636044
SCA-B.ST/DPZ/STZ,60%/30%/10%,2.460855612046725
SCA-B.ST/TJX/SHW,50%/40%/10%,2.460528576425105
SCA-B.ST/DPZ/AMT,20%/50%/30%,2.459621329905295
SCA-B.ST/DPZ/LMT,50%/40%/10%,2.4594757403916248
SCA-B.ST/DPZ/EXR,40%/40%/20%,2.459425797846627
SCA-B.ST/MO/TJX,20%/30%/50%,2.4593151259288466
SCA-B.ST/DPZ/EL,60%/20%/20%,2.458928140681684
SCA-B.ST/DPZ/QQQ,60%/30%/10%,2.458280259644634
SCA-B.ST/DPZ/GC_F,70%/10%/20%,2.45815330909015
DPZ/BF_B/MO,30%/50%/20%,2.458150982779608
SCA-B.ST/DPZ/AMZN,40%/20%/40%,2.4580244136899387
SCA-B.ST/MCD/IT,30%/40%/30%,2.4579706430449484
SCA-B.ST/MO/TJX,60%/10%/30%,2.457384935432659
SCA-B.ST/AMZN/MCD,30%/20%/50%,2.456720837207042
SCA-B.ST/DPZ/GC_F,60%/30%/10%,2.455686962723932
SCA-B.ST/DPZ/COST,30%/30%/40%,2.4551965993529112
SCA-B.ST/DPZ/IFF,50%/40%/10%,2.4551893620321903
SCA-B.ST/MCD/TJX,30%/30%/40%,2.455109811189209
SCA-B.ST/AMZN/ROST,30%/40%/30%,2.4547633671358775
SCA-B.ST/DPZ/MO,70%/10%/20%,2.4546871044790426
SCA-B.ST/DPZ/DTE,40%/40%/20%,2.4546741201683253
SCA-B.ST/DPZ/HD,50%/30%/20%,2.4546033149139848
SCA-B.ST/EXR/MCD,50%/10%/40%,2.4545949390388317
SCA-B.ST/AMZN/GC_F,40%/40%/20%,2.4542612219294937
SCA-B.ST/DPZ/COST,40%/40%/20%,2.454037920191971
SCA-B.ST/IT/GC_F,70%/10%/20%,2.454000327928122
SCA-B.ST/AMZN/ATO,60%/20%/20%,2.4538014735860205
DPZ/AVGO/MO,40%/30%/30%,2.4537951730726393
SCA-B.ST/AMZN/ROST,60%/30%/10%,2.4531188364001224
SCA-B.ST/DPZ/ROST,60%/10%/30%,2.453072775388525
SCA-B.ST/NI/TJX,50%/10%/40%,2.4529200624159007
DPZ/AMT/IT,40%/40%/20%,2.4522306241549603
SCA-B.ST/NI/MCD,40%/30%/30%,2.452082409639279
SCA-B.ST/DPZ/CB,40%/40%/20%,2.4514343866195376
SCA-B.ST/STZ/AMZN,40%/30%/30%,2.4507814534361407
SCA-B.ST/AVGO/GC_F,70%/10%/20%,2.4504518135996327
SCA-B.ST/DPZ/CMS,40%/20%/40%,2.4494754840188557
SCA-B.ST/DPZ/AVGO,50%/40%/10%,2.449271866744842
EXR/AMZN/MO,30%/20%/50%,2.448428081994917
SCA-B.ST/DPZ/AVGO,50%/30%/20%,2.4482849152955346
SCA-B.ST/MCD/ROST,20%/60%/20%,2.447450580233023
SCA-B.ST/CTAS/GC_F,50%/20%/30%,2.4473294009057853
SCA-B.ST/NI/TJX,50%/20%/30%,2.4471061422412532
SCA-B.ST/TJX/ROST,50%/40%/10%,2.4470426701065326
SCA-B.ST/DPZ/ROST,50%/10%/40%,2.4470116751977757
SCA-B.ST/DPZ/MCD,60%/30%/10%,2.446769481090191
SCA-B.ST/MO/TJX,30%/10%/60%,2.446663636853126
SCA-B.ST/AMZN/ROST,30%/30%/40%,2.4466292980011026
SCA-B.ST/DPZ/EXR,30%/30%/40%,2.4460515109813485
SCA-B.ST/EXR/MCD,70%/10%/20%,2.445959908188295
SCA-B.ST/DPZ/ROST,20%/20%/60%,2.4459347143773007
SCA-B.ST/DPZ/CTAS,40%/30%/30%,2.4456647335786745
SCA-B.ST/DPZ/MO,20%/30%/50%,2.445210912522604
SCA-B.ST/STZ/AMZN,50%/10%/40%,2.4440244633651833
