ticker,date,gap,return,stopped,days_to_stop
A,2000-08-18,0.2419352487642965,0.025974326698949366,False,
ACGL,2001-10-24,0.22018314721111043,0.08082742719941723,False,
ADBE,2024-06-14,0.15588353160379542,0.09069311995373644,False,
ADSK,2003-11-21,0.17010321687038754,0.08590296245241882,False,
AES,2002-08-08,0.21666682241404245,0.4566208521579669,False,
AES,2025-07-09,0.15266490280767897,0.02507841828180032,False,
AIG,2008-09-18,0.17073205204843278,0.37916657095655004,True,4.0
AIG,2008-10-28,0.22222255592829865,0.2484849414471093,True,6.0
AIG,2009-02-26,0.23913059794697955,1.8421060315281546,False,
AIG,2009-05-07,0.15217453370868217,-0.21226423578181056,False,
AIG,2009-08-06,0.22181834218714513,0.7797615984156829,False,
AJG,2001-09-17,0.18050270345053687,0.2066764602384201,False,
AJG,2009-04-29,0.1548552651033197,-0.073181811974427,False,
AKAM,2000-10-19,0.18885448916408665,0.049479166666666664,True,4.0
AKAM,2000-12-08,0.15629900679560893,-0.009041591320072333,True,3.0
AKAM,2001-04-19,0.22234515900040153,-0.13393669415061063,False,
AKAM,2002-08-23,0.252525250092658,-0.25806450837608685,False,
AKAM,2003-10-30,0.2667785473844122,0.4887416539289044,False,
AKAM,2006-07-27,0.19900004069010424,0.09897129379425028,False,
AKAM,2011-10-27,0.15222871435481933,0.02664231943064111,False,
AKAM,2012-07-26,0.1840708234668833,0.13034381198526535,False,
AKAM,2013-04-25,0.1706843951612007,0.11076923799232619,False,
AKAM,2014-02-06,0.1596373640199542,0.1409347111010323,False,
AKAM,2016-02-10,0.18751584637017626,0.19621189777975534,False,
AKAM,2026-05-08,0.24646494048431644,-0.028257137824582355,True,7.0
ALGN,2001-10-08,0.1594684453801647,0.38968478263022965,True,11.0
ALGN,2006-09-28,0.6653845453168294,0.0877598432185826,False,
ALGN,2007-04-26,0.25381569449214014,0.0018033817686367221,False,
ALGN,2008-04-30,0.18507751006717865,0.04251843640450265,False,
ALGN,2009-07-24,0.214587708751091,-0.11836376708168515,False,
ALGN,2009-10-23,0.1703510966231434,-0.12333334816826715,False,
ALGN,2010-07-23,0.1638570679485558,-0.015063744231403157,False,
ALGN,2011-10-28,0.206625514628058,0.04374130032895329,False,
ALGN,2012-04-24,0.19752186482528744,-0.04899575716515294,False,
ALGN,2013-10-18,0.1582843546583741,0.09473685795580558,False,
ALGN,2017-04-28,0.16404361353141672,-0.009728883866299425,False,
ALGN,2020-10-22,0.26357169354429755,0.004147763993372323,True,6.0
ALGN,2023-02-02,0.1910239672030818,-0.0922437103860977,False,
ALGN,2023-07-27,0.188259465410344,-0.13532921207847134,False,
AMCR,2016-03-10,0.2034481319411583,0.0,False,
AMD,2001-04-11,0.21951221257812348,0.26730772165151745,False,
AMD,2002-10-17,0.3954154361751758,0.40041074577529123,False,
AMD,2008-10-07,0.2458628740339397,-0.46110058359620454,False,
AMD,2009-11-12,0.24812023538187167,0.20933733349926884,False,
AMD,2016-04-22,0.21755732693085394,0.1504702227158342,False,
AMD,2025-10-06,0.37517458836619944,0.14669912531323642,False,
AMD,2026-05-06,0.15264870511186168,0.028083714557754828,True,8.0
AMGN,2001-01-22,0.1666663066012659,0.05982134461852422,False,
AMGN,2008-07-28,0.15114986174576894,0.039149538931223554,False,
AMGN,2009-07-08,0.153551776445777,0.049460664495231975,False,
AMP,2008-09-19,0.18609386980780696,-0.5391174718010144,False,
AMP,2008-11-24,0.1641065828712691,0.07222254427204938,True,4.0
AMT,2002-10-15,0.2352944938925814,0.47619003588600556,True,15.0
AMZN,2000-02-03,0.16831687519773086,-0.1563944728388271,False,
AMZN,2000-10-25,0.15010575905581325,-0.033088290464505295,True,3.0
AMZN,2001-03-05,0.23749995231628418,-0.11595957653776136,False,
AMZN,2001-04-09,0.4145758634661987,0.33277021040439336,False,
AMZN,2002-01-22,0.25393701572694316,0.11616954180311248,True,5.0
AMZN,2007-04-25,0.187039086262774,0.19013559249308196,False,
AMZN,2007-07-25,0.2225269848509699,-0.14505076124977526,False,
AMZN,2009-10-23,0.18833592561973256,0.1973886068848676,False,
AMZN,2015-07-24,0.20077564511368173,-0.08198756413529562,False,
ANET,2017-08-04,0.16348491879792726,0.036575115756483575,False,
ANET,2021-11-02,0.19827686270608158,0.0336207002412396,False,
AON,2008-10-08,0.27411895957084087,-0.23056911239876174,False,
APA,2020-01-07,0.16731679910240138,0.01915903246457903,True,11.0
APA,2020-03-10,0.19057576045977398,-0.6323657628938627,False,
APA,2020-04-09,0.2018472482030791,0.44002951587976374,False,
APH,2025-04-23,0.15619767254291506,0.1264141301805504,False,
APP,2022-05-12,0.17796911703394436,0.03065195773455285,True,8.0
APP,2023-02-09,0.3619873850250874,-0.20671688210023487,False,
APP,2023-05-11,0.221504762106711,0.1413468573460104,False,
APP,2023-08-10,0.30295817387418755,0.12787060451205423,False,
APP,2024-02-15,0.16673784125243185,0.15552705567951103,False,
APP,2024-11-07,0.36458021854423994,0.428521728515625,False,
APP,2025-02-13,0.31294695709292153,-0.4800536572537492,False,
AXON,2002-01-09,0.19931496158734996,-0.01085137879706349,False,
AXON,2004-06-21,0.15133874851582818,0.3282777130459239,True,12.0
AXON,2005-01-13,0.22339795331739065,-0.2114367963214659,False,
AXON,2005-12-13,0.16830069102431944,-0.012587433760483832,False,
AXON,2008-11-24,0.18215613349951143,0.19811316440152776,True,4.0
AXON,2016-02-29,0.17391310040837782,-0.07602345704143464,False,
AXON,2018-02-28,0.17467883748745705,0.2121212518452303,False,
AXON,2019-11-08,0.18183550480905875,0.1914756972554195,False,
AXON,2021-11-16,0.24747620673494009,-0.2635989466437751,False,
AXON,2024-11-08,0.1519999999999999,0.19807411476417824,False,
AXON,2025-02-26,0.17779124010006742,-0.02878883067619898,False,
BA,2020-03-24,0.1709903151766221,0.3098318208301346,True,3.0
BAC,2008-09-19,0.260300942253052,-0.4584847445792978,False,
BAC,2009-01-28,0.17538436653480716,-0.40183196360915985,False,
BAC,2009-03-10,0.15999992166724097,0.5931039991169154,True,7.0
BAC,2009-04-09,0.15439119247805078,0.2380362978768119,True,2.0
BAC,2011-08-25,0.18598031627054912,-0.11471198572790986,False,
BBY,2012-08-06,0.22449018280315136,-0.17268493581717814,False,
BBY,2015-08-25,0.15066611211677805,0.14930439993101313,False,
BBY,2016-08-23,0.1695120904946319,-0.015934846089475412,False,
BBY,2024-08-29,0.1692675867717104,-0.03163020453008076,False,
BIIB,2004-02-18,0.16809766659630831,0.06382977153505408,False,
BIIB,2007-10-15,0.20048967460407208,-0.11793643684476796,False,
BIIB,2011-04-21,0.15513457724984514,-0.017600021362304687,False,
BIIB,2018-07-06,0.1614403488120093,-0.006656094625687668,True,14.0
BIIB,2019-10-22,0.38696258609821954,-0.06000001968876008,False,
BIIB,2022-09-28,0.4306082261994628,-0.06541553508275909,False,
BKNG,2001-01-17,0.18303577519904035,-0.35094339354981147,False,
BKNG,2001-05-01,0.24742276657716356,-0.03966939602546763,True,2.0
BKNG,2001-08-01,0.1555805316426755,-0.4341462806423122,False,
BKNG,2001-10-03,0.19891006149225765,-0.0977273558089223,False,
BKNG,2001-12-18,0.16158022834182262,-0.13910380393826213,False,
BKNG,2002-08-01,0.2756757113063739,0.1016948641508864,False,
BKNG,2003-05-02,0.24472576834113036,0.020338829722323374,True,4.0
BKNG,2003-07-25,0.1949285349101988,0.05437669061817032,True,3.0
BKNG,2005-11-03,0.20051295396362456,0.02563007928410536,False,
BKNG,2007-08-08,0.19419264965453875,0.01119267620446597,False,
BKNG,2007-11-09,0.16565784673020167,0.15850545187757192,False,
BKNG,2009-02-19,0.16264170658278587,-0.019519664156872,True,12.0
BKNG,2010-08-04,0.18043096903737577,0.08303618367351796,False,
BLDR,2008-10-16,0.3777780717567498,-0.25604854726388976,False,
BLDR,2008-11-20,0.1775698706160418,0.2857139160978793,True,14.0
BLDR,2015-04-13,0.5942028765166618,0.16272726925936612,True,9.0
BLDR,2015-11-06,0.15434602386385898,-0.02111190639898015,False,
BRO,2006-07-25,0.16320650176307527,-0.07359430268618884,False,
C,2008-09-19,0.303303237779994,-0.3497696368121085,False,
C,2008-11-21,0.15498934727017044,0.18566206962093004,True,5.0
C,2009-01-28,0.2084502590700248,-0.32006302078706256,False,
C,2009-03-10,0.18095257872118808,1.0967741714178727,True,7.0
CASY,2010-04-09,0.20702756492280971,0.015331475160262375,False,
CBRE,2008-09-19,0.18699784500249206,-0.4307692307692308,False,
CBRE,2008-11-13,0.19098137767488899,0.0,True,8.0
CBRE,2009-03-25,0.3633333841959636,0.03911976563396256,True,2.0
CCJ,2018-09-27,0.1668360580666024,0.007846501012660536,False,
CCJ,2025-10-28,0.16058642460380024,-0.17139156061841607,False,
CCL,2020-03-13,0.22511692593925314,-0.5370774753034747,False,
CCL,2020-06-05,0.20670991329526767,-0.0766815937152093,True,3.0
CCL,2020-11-09,0.3379159754636609,0.08058411538103943,False,
CDW,2019-01-09,0.15323284321525388,-0.10359722699099887,False,
CEG,2025-01-10,0.1585055571965981,-0.026514079283469775,True,10.0
CF,2009-02-25,0.19647360739618147,0.04015035625417733,False,
CHRW,2025-10-30,0.15636107150038736,-0.006951401270293335,False,
CHTR,2026-06-29,0.25793176727126754,-0.1789899246246139,False,
CI,2023-12-11,0.1546367647502518,0.0021084568951232644,False,
CIEN,2002-12-12,0.18146724036518003,-0.07352944712089643,False,
CIEN,2014-06-05,0.1585044900031929,-0.018636356700550426,False,
CIEN,2019-06-06,0.18617614566104246,-0.022556458369204422,False,
CIEN,2022-12-08,0.16813127569064856,0.004355597466122564,False,
CIEN,2025-09-04,0.21282430257461082,0.1927825927734375,False,
CMCSA,2026-06-29,0.16745788295168662,-0.13456560045522525,False,
CME,2008-09-19,0.15000076211292956,-0.038292305056093254,False,
CMI,2003-07-25,0.204269691630099,0.07648701529318587,False,
CNC,2006-10-24,0.27671228696222183,0.03390561980237248,False,
CNC,2025-09-11,0.1503038277625781,0.023630760224491267,False,
CNP,2002-10-01,0.16517431556323214,-0.3615821949906291,False,
CNP,2003-03-03,0.268816543668986,0.15706229799290217,False,
COF,2009-05-07,0.18218471789534774,0.026126411261196844,True,2.0
COHR,2000-03-02,0.48571428571428577,0.21875,True,4.0
COHR,2020-05-12,0.2858718630195327,0.013304780405225643,False,
COHR,2022-11-09,0.16727873769314372,0.07866132929109261,True,5.0
COHR,2024-02-06,0.18332662300631508,-0.007865921478683128,False,
COIN,2022-05-13,0.18393166044838405,-0.009096229618551215,True,12.0
COIN,2022-08-04,0.3129563380717846,-0.32733266943458134,False,
COO,2000-03-23,0.15199986786395203,-0.03645797370140801,False,
COO,2025-12-05,0.16396215867793873,-0.0785188559891,False,
CPRT,2000-02-28,0.16825290163870577,-0.20652114421053155,False,
CRH,2001-03-13,0.1707314483681246,-0.110257205714225,False,
CRL,2024-11-06,0.21364222165648283,-0.12838992292242687,False,
CRL,2025-05-07,0.22199111259190518,-0.03389348947508164,False,
CRM,2020-08-26,0.1662114089066311,0.010874642767487853,True,7.0
CRM,2023-03-02,0.15398862108404976,-0.029411618845874076,False,
CRWD,2019-07-19,0.17058424277813566,0.003757628946258461,True,11.0
CRWD,2020-03-20,0.19681360379115453,0.16404763075656162,False,
CRWD,2024-03-06,0.21000803450426786,-0.10498538834753136,False,
CSCO,2002-05-08,0.1643726594803283,0.02757692615502837,True,14.0
CSCO,2026-05-14,0.15392166371274474,0.10591234900062398,False,
CSGP,2020-07-29,0.3100984570153351,-0.11903090278485896,False,
CSX,2017-01-19,0.17217971724484293,0.10455700080505201,False,
CTSH,2008-02-08,0.1667888542350684,-0.050895575040931985,False,
CTVA,2024-02-01,0.24208447130889077,-0.03151007048790727,False,
CVNA,2018-05-10,0.1712439469751703,-0.005172449796859156,False,
CVNA,2018-11-08,0.18886716940607906,-0.13900528933956618,False,
CVNA,2019-08-08,0.22932137697004107,0.15830879878094728,False,
CVNA,2020-03-30,0.18270807928837685,0.22999992929656163,True,11.0
CVNA,2020-09-22,0.214141748056903,0.017973997065798462,True,10.0
CVNA,2023-02-02,0.28539830321921356,-0.42168674781196586,False,
CVNA,2023-03-22,0.27994956830602247,-0.0896551351545616,False,
CVNA,2023-05-05,0.3930555293405509,0.19242268689413336,True,4.0
CVNA,2023-06-08,0.21184803724549628,0.2497343444375754,True,7.0
CVNA,2023-07-19,0.35653269898815876,-0.23245046775789568,False,
CVNA,2024-02-23,0.2943140559871038,0.15132302186041913,True,11.0
CVNA,2024-05-02,0.3773108726541954,-0.08370151893804806,False,
CVNA,2025-07-31,0.16980416614922,-0.131113232586911,False,
DAL,2020-03-24,0.18181825999854162,0.0917745518369467,True,4.0
DAL,2020-11-09,0.19032479970261873,0.07620319114713803,False,
DASH,2021-11-10,0.1644185627175505,-0.0372573654299777,True,7.0
DASH,2022-02-17,0.2182632381533729,-0.22448765032120396,False,
DD,2009-04-30,0.15321951553670243,3.4670989456886934e-07,True,9.0
DDOG,2021-11-05,0.16136569592006755,-0.06519160054380439,False,
DDOG,2023-11-07,0.244374532573725,0.15405596857358372,False,
DDOG,2025-11-06,0.15427799923381147,0.007658310256927507,True,7.0
DDOG,2026-05-07,0.3081204976036238,0.19814883191412286,False,
DECK,2000-04-18,0.19230599093432077,-0.03226060772771654,False,
DECK,2002-01-14,0.5061733856776922,-0.1639356804735601,False,
DECK,2002-10-11,0.16724993191656234,0.11940184622558528,False,
DECK,2007-10-26,0.1604032805249569,0.010058665465311794,True,4.0
DECK,2008-11-10,0.1600773164348681,-0.3761916270480419,False,
DECK,2013-10-25,0.17986231831888855,0.14806709626668021,False,
DECK,2017-05-26,0.15608976602425728,0.05015294661750957,False,
DECK,2022-05-20,0.16830551139080518,0.018908493826038573,False,
DECK,2025-07-25,0.17629120992568637,-0.16591058775014944,False,
DECK,2026-01-30,0.1501501478567473,0.032985212055664966,False,
DELL,2024-03-01,0.317029268310018,-0.09970316884018368,False,
DELL,2026-05-29,0.31840408797918274,0.0073683889288651315,True,3.0
DG,2022-05-26,0.1507116019848791,0.03314337914635536,False,
DHR,2016-07-05,0.5524292956775392,0.047791422116660286,False,
DIS,2004-02-11,0.15946822487217927,-0.04548704069261822,False,
DLTR,2022-05-26,0.19627219057918532,-0.05406419824567367,False,
DLTR,2026-05-28,0.15792217540317344,0.005765240765089222,False,
DOW,2020-03-13,0.1799743335542201,-0.031865443507133544,True,13.0
DPZ,2020-02-20,0.2185458699986753,-0.12201966849596725,False,
DVA,2000-05-11,0.1818174251842759,0.23076929848577016,True,7.0
DVA,2026-02-03,0.15118263503458507,0.1789844036102295,False,
DXCM,2013-11-07,0.2371512865675811,-0.012462966591516,False,
DXCM,2017-01-13,0.17379085777143133,0.025453586536426032,False,
DXCM,2018-08-02,0.2510477626945,0.19095473309036418,False,
DXCM,2019-11-07,0.20950890056196037,0.228563728556025,False,
EA,2014-05-07,0.15258496913328345,0.07330628689818187,False,
EBAY,2000-10-20,0.16038207519567727,-0.3058626312865791,False,
EBAY,2001-01-19,0.16266721640906812,-0.18233980707517194,False,
EIX,2001-01-25,0.22666791226589322,0.13130297792714613,True,6.0
EIX,2001-03-26,0.1607128768351529,4.953506028165003e-07,True,3.0
EIX,2001-10-03,0.16363585098951128,-0.05375007178592016,False,
EL,2024-02-05,0.1889352958807924,-0.09055544763722646,False,
EQIX,2000-10-12,0.23484816215133386,0.3558285954206102,True,5.0
EQIX,2001-04-09,0.3978945677527166,0.481927880024875,True,9.0
EQIX,2001-06-18,0.19130409488311195,-0.23357662363579137,False,
EQIX,2002-03-07,0.15094317213098996,0.008196732741428585,True,6.0
EQIX,2002-04-09,0.16091990247398735,-0.43564388156607015,False,
EQIX,2002-07-08,0.16666621443077934,0.16666684822391398,True,9.0
EQIX,2002-10-29,0.15384621378905994,0.0,True,6.0
ETN,2001-01-02,0.19121060138768642,0.011494726262896566,False,
EXPD,2008-11-04,0.15624989412078816,-0.12675665709730446,False,
EXPE,2007-06-19,0.16235271897596415,-0.011471024269260268,False,
EXPE,2009-04-30,0.15769583360243677,0.09951088521708419,True,9.0
EXPE,2012-04-27,0.2010413438180978,0.03904084437902421,False,
EXPE,2012-07-27,0.17435992082206875,0.002794611988827122,True,11.0
EXPE,2012-10-26,0.1502438725377302,-0.009963445392217612,False,
EXPE,2013-10-31,0.1731387337474486,0.07053686890020526,False,
EXPE,2020-11-09,0.1542558508828269,0.04437924287944626,False,
F,2008-10-13,0.49748767272577665,-0.285234943146294,False,
F,2008-11-24,0.24475588991675368,0.6292133470516275,True,12.0
F,2009-04-24,0.18708231434220934,-0.060037428990179414,True,12.0
F,2020-03-25,0.16565666023453351,-0.12824978441208695,False,
FCX,2001-11-14,0.15044210878649977,0.08076887628047924,False,
FDS,2008-03-18,0.15899396440497848,0.05677133489225514,False,
FFIV,2001-03-23,0.18604651162790709,-0.33490193684895836,False,
FFIV,2004-01-22,0.1590983112009221,-0.0050013975210086575,False,
FFIV,2005-10-26,0.15410620817078646,0.13687737719995785,False,
FFIV,2007-04-26,0.18419855040348487,-0.036170683524144584,False,
FFIV,2008-01-24,0.1982160525029366,-0.06617040369214731,False,
FICO,2001-10-09,0.1838621481738354,0.08938580074324713,False,
FICO,2022-11-10,0.1847128090001997,0.1814585654241998,False,
FICO,2025-10-02,0.18033201744334293,-0.09528984298428311,False,
FIS,2005-09-15,0.16041687177608033,0.0015100722031253446,False,
FITB,2008-09-19,0.15100315342254844,-0.4287161226172632,False,
FITB,2009-01-28,0.16858235968009772,-0.518032580410797,False,
FITB,2009-03-04,0.17964072656441155,0.08121815866151688,True,14.0
FITB,2009-04-09,0.16287809198780212,0.1726386050771759,True,2.0
FIX,2018-04-27,0.17208241142866854,-0.05274923351881861,False,
FIX,2025-07-25,0.18206194061853398,0.02411727018659883,False,
FIX,2025-10-24,0.1575757278868688,-0.046951722470868276,False,
FLEX,2000-05-31,0.16853929516715627,0.2938034403438907,False,
FLEX,2008-10-27,0.20104467026025397,-0.3565218455877033,False,
FLEX,2021-01-28,0.1508670644124117,-0.04470115570918992,False,
FLEX,2026-05-06,0.2426127762185002,0.08243635693955667,True,8.0
FSLR,2007-02-14,0.1779463974923594,0.1458642702785683,True,11.0
FSLR,2007-11-08,0.3235400245572284,0.07681174576990969,False,
FSLR,2008-02-13,0.222203294076746,-0.00643149012306874,False,
FSLR,2008-10-30,0.16138222614065878,0.13136952037706226,True,4.0
FSLR,2009-04-30,0.1538208090770028,0.025714285714285714,True,9.0
FSLR,2022-07-28,0.1676653824780563,0.31451526615249614,False,
FTNT,2010-11-01,0.2239999771118164,-0.13779957827440525,False,
FTNT,2013-01-31,0.2031008462566064,-0.005154675072764774,False,
FTNT,2024-08-07,0.17685000338681678,0.15118758007059976,False,
FTNT,2026-05-07,0.17020573326753707,0.23218691160941443,False,
GDDY,2015-04-01,0.30749998092651376,-0.052772435215972774,False,
GDDY,2021-11-04,0.188364883716152,-0.1514962525030517,False,
GE,2008-09-19,0.17466699810282948,-0.2616756426499369,False,
GE,2018-10-01,0.15323284606433085,-0.04915513020293844,False,
GE,2020-11-09,0.1557477206202189,0.08877047505105343,False,
GEN,2019-07-03,0.15294120302058434,-0.10949759654340119,False,
GILD,2012-04-19,0.16820448090392381,-0.05876992602824822,False,
GL,2024-04-12,0.2151720247108191,0.29790792796442767,False,
GLW,2002-11-12,0.24999954589277373,0.5222229238294951,True,8.0
GLW,2013-10-23,0.17524389776412774,-0.060347734926513866,False,
GLW,2022-01-26,0.15014122073801928,0.04408860003494151,False,
GLW,2026-05-06,0.1682912278679105,-0.057186686956098264,True,8.0
GNRC,2012-05-08,0.17534712896859195,-0.06240768860320717,False,
GNRC,2012-10-01,0.16470081718318674,-0.038634681100506024,False,
GNRC,2012-10-31,0.16307803875783144,0.05159338410707752,True,6.0
GOOG,2008-04-18,0.1905726271190371,0.0709815097003942,False,
GOOGL,2008-04-18,0.19057254037346483,0.07098142984770635,False,
GPN,2008-10-03,0.1544085031139102,-0.212658011054361,False,
GRMN,2007-11-16,0.21297614788389607,0.07203825302683645,False,
GRMN,2009-08-05,0.1887416114544318,-0.014546880914603176,False,
GRMN,2026-02-18,0.15766430363731976,-0.06011389549024072,False,
GS,2008-09-19,0.3195368669636043,-0.3768859882039321,False,
HAL,2002-02-15,0.1916782056958024,-0.005046354215962247,False,
HAL,2008-10-20,0.2031765126065137,-0.12152968370146379,False,
HAL,2020-03-10,0.164416940652657,-0.2781874957327662,False,
HAL,2020-11-09,0.156352129239808,0.16830952709710637,False,
HBAN,2008-06-20,0.15953334006476982,-0.053691258654789686,False,
HBAN,2008-09-19,0.21428569112610707,-0.42039222209857874,False,
HBAN,2009-02-09,0.19915214566586137,-0.5477032536076799,False,
HBAN,2009-04-09,0.16374252767891795,0.30150812934426,True,2.0
HBAN,2023-03-14,0.1708632435102173,-0.14477180323589955,False,
HCA,2022-07-22,0.15829238265021073,0.04228374537052622,False,
HIG,2008-10-03,0.15669546686033642,-0.037036723703734224,True,9.0
HIG,2008-11-24,0.15353470466101604,0.21274337069506394,True,4.0
HIG,2009-02-23,0.20029485531816826,-0.19057029882618684,False,
HIG,2009-04-08,0.26745554476400657,0.015873096523432353,False,
HLT,2020-11-09,0.21057742296950854,-0.07794287965689659,False,
HOOD,2021-08-04,0.16346157373055958,-0.10045915783395537,False,
HOOD,2022-05-13,0.2313083463990051,-0.12998101428059433,False,
HOOD,2024-02-14,0.152702667871647,0.20164125899266752,False,
HPE,2024-06-05,0.1562502840736375,0.03421693560688523,False,
HPE,2026-06-02,0.3417021770195243,-0.22196126330781013,False,
HPQ,2019-11-06,0.17608699015791252,-0.08548945472814036,False,
HST,2009-02-19,0.18978106150898544,-0.014314794405942848,False,
HST,2020-11-09,0.23927528691935418,0.07923103271852093,False,
HSY,2002-07-25,0.2096004106830771,0.00132228320739677,False,
HWM,2020-04-01,0.2504107929999111,-0.29675309239744696,False,
IDXX,2025-08-04,0.2365836677099804,-0.03154447776710715,False,
INCY,2000-04-06,0.20541611624834877,-0.37753424657534246,False,
INCY,2005-11-21,0.2874999130765632,-0.04207115845739008,False,
INCY,2009-05-11,0.19291339247866346,0.1815181377919339,False,
INCY,2013-08-21,0.2233332881221064,0.09536789713275193,False,
INTC,2025-09-18,0.27630526801274424,0.18942726306940402,False,
INTC,2026-04-24,0.2309074341242099,0.410340688676326,True,14.0
IRM,2008-10-30,0.20000075709304643,-0.3333338236875441,False,
IRM,2014-06-26,0.1981866591694983,-0.022988939251650617,False,
ISRG,2000-07-13,0.2000001144409289,-0.024305522441864014,False,
ISRG,2005-07-27,0.2311891499298213,0.19537685698380286,False,
ISRG,2005-10-26,0.24670093138039806,0.15030641316377844,False,
ISRG,2006-04-28,0.1611903186775301,-0.03247079464026769,False,
ISRG,2007-02-02,0.15787350067436545,-0.01669571102553418,False,
ISRG,2007-07-20,0.1699092990181399,0.12256522995664176,True,15.0
ISRG,2008-02-01,0.15248031773845994,-0.003962643462130876,False,
ISRG,2009-07-23,0.17132924577279218,0.1471741644800442,False,
ISRG,2025-10-22,0.1734451559394592,0.05423574992086786,False,
IT,2000-03-22,0.19354838709677424,0.02702702702702703,True,4.0
IT,2021-05-04,0.18013270299847073,-0.0053225972728967305,False,
IVZ,2009-01-28,0.15565195803947884,-0.0361172914364644,False,
JBHT,2025-10-16,0.17402583030092988,0.03705724862393912,False,
JBL,2000-06-02,0.1569228854943765,-0.06648905649352801,False,
JBL,2000-10-19,0.1565331842373141,-0.19574973208438276,False,
JBL,2001-01-12,0.1706079543644563,0.058200966574995905,True,8.0
JCI,2002-06-13,0.27192094280794854,0.06119290358523303,True,6.0
JCI,2002-07-26,0.33333242070625757,0.14454583416387967,True,6.0
JPM,2008-09-19,0.1662528323555723,-0.10720631989891427,False,
KDP,2018-01-29,0.3233662761357019,-0.09053527865066761,False,
KEY,2008-10-13,0.19882155651782174,0.27886960532721833,True,2.0
KEY,2008-11-21,0.154848835122108,-0.085081416786924,True,5.0
KEY,2009-03-23,0.15261077727807448,0.07200882357097353,False,
KEY,2023-03-14,0.19420058667512086,-0.1368652497140056,False,
KEY,2024-08-12,0.1663246392356208,0.013430311021549676,False,
KEYS,2018-08-22,0.1500662428128079,-0.048626165716239435,False,
KIM,2009-04-03,0.15887840092150296,0.044931054398435616,True,6.0
KLAC,2015-10-21,0.19550701611833055,0.03898121133918611,False,
KMI,2014-08-11,0.17414170106511961,-0.050695320779089705,False,
KVUE,2025-11-03,0.187543519885774,-0.0055010763375866745,False,
LHX,2001-09-17,0.19529252589349122,0.016307270875133995,False,
LHX,2009-08-13,0.17120360534140344,-0.031084106850835347,False,
LII,2011-10-25,0.18607825090889007,-0.0641284563124411,False,
LITE,2015-07-27,0.232352986055262,0.009546484406082611,True,6.0
LITE,2024-11-08,0.17463336117516715,0.005433540123735549,False,
LITE,2025-11-05,0.1600127377998748,0.03826087235858839,True,6.0
LMT,2001-09-17,0.20041696194949377,0.06760922263092652,False,
LULU,2016-12-08,0.17830885622384374,-0.08679623544412521,False,
LULU,2017-06-02,0.15903024388041653,-0.018436463718144388,False,
LULU,2019-03-28,0.15224789087263546,0.024593578552862348,False,
LULU,2023-06-02,0.15191108255099994,-0.010522726570398959,False,
LUV,2020-11-09,0.1709572136247952,-0.010885715639652066,False,
LVS,2008-09-19,0.15071886460689488,-0.6690224958762969,False,
LVS,2008-10-30,0.21099861051371227,0.08063071749238564,True,4.0
LVS,2009-03-10,0.21126786411014442,0.15697648954553883,True,4.0
LYV,2009-02-04,0.18436876122096302,-0.4128595400675544,False,
LYV,2010-01-26,0.1703139793407471,-0.03252037121966027,False,
LYV,2011-08-09,0.18678819968116,-0.1266794323569429,False,
LYV,2020-03-13,0.1624309653091227,-0.07604564219809229,True,13.0
LYV,2020-11-09,0.20271235590226366,-0.025964391103582837,False,
MAR,2020-11-09,0.1844256889980216,0.03104423239861463,False,
MCHP,2002-09-17,0.1757811360650241,0.07641237110847435,True,14.0
META,2012-10-24,0.23743594758559183,-0.07335259043561032,False,
META,2013-07-25,0.26518336367505446,0.0900415504968487,False,
META,2014-01-30,0.1604707839850652,0.12089515013589,False,
META,2022-04-28,0.15987414171354053,0.0041888604212474605,True,6.0
META,2023-02-02,0.19762286008341534,-0.06183898017943844,False,
META,2024-02-02,0.164192635745825,0.05427236226146951,False,
MGM,2007-05-22,0.26592544304931875,0.02660289724218722,False,
MGM,2008-12-15,0.1552853691777707,0.0315787518480762,True,9.0
MGM,2009-04-02,0.2547525738119607,0.34848496856381495,True,3.0
MGM,2009-05-05,0.171610312400845,-0.21338152905638932,True,6.0
MGM,2020-03-20,0.15454555544861837,0.3712035555054127,True,5.0
MGM,2020-08-10,0.18129257279840427,0.0008896491210406254,False,
MGM,2020-11-09,0.16530447632138512,0.10093524505574826,False,
MNST,2002-07-15,0.16806490267343777,-0.04797638551121202,False,
MNST,2005-11-09,0.15361523812138067,0.18712739660489522,False,
MNST,2007-08-08,0.17027414972122923,-0.0822029078013267,False,
MNST,2014-08-15,0.2901605167650356,-0.03483341845629676,False,
MPWR,2007-05-16,0.15266105058432955,0.023086222295957436,False,
MPWR,2013-10-25,0.15077898146906143,0.025826712055049026,False,
MRNA,2020-02-25,0.19150077658535136,0.18103838816896164,True,2.0
MRNA,2020-04-17,0.2066503329967755,0.20943045458279524,False,
MRNA,2020-05-18,0.2916478667897926,-0.31390760514419946,False,
MRNA,2020-07-15,0.1663112416747945,-0.055301605616252775,True,3.0
MRNA,2020-12-01,0.16315305272174174,-0.29145561939293624,False,
MRNA,2021-11-26,0.16807483531738332,-0.027337668586590022,True,3.0
MRVL,2002-08-23,0.16701762151357258,-0.0654625255975319,False,
MRVL,2008-05-30,0.20383572681833795,0.030678251424015493,False,
MRVL,2021-12-03,0.2092073567722692,0.020840645622168145,False,
MRVL,2023-05-26,0.18597114173246787,-0.01090838300438552,True,5.0
MRVL,2024-12-04,0.17120216936288446,-0.000712216612226845,True,9.0
MRVL,2026-06-02,0.1550836949093235,0.03949338847030132,True,3.0
MS,2008-09-19,0.20665154480756232,-0.6442482203518858,False,
MSCI,2008-09-19,0.20436376724069727,-0.3641405772909123,False,
MSI,2004-04-21,0.20530231405273636,-0.035806165847582214,False,
MU,2001-04-11,0.15072086328618495,-0.012528623270595956,True,7.0
MU,2024-03-21,0.17787029458030923,0.12580993944345245,False,
MU,2024-09-26,0.18095447117853913,-0.008168380621997163,False,
MU,2026-06-25,0.1759544386949765,-0.23894565702934914,False,
NCLH,2020-03-13,0.38134719695836194,-0.09827452914029515,True,10.0
NCLH,2020-06-05,0.23583455313421475,-0.0033044166349169134,True,2.0
NCLH,2020-11-09,0.23865652965713702,0.08801143392870073,False,
NFLX,2002-12-05,0.20925343191045798,-0.18884888668238928,False,
NFLX,2004-01-22,0.15182336632704074,-0.015701247558068773,False,
NFLX,2004-09-07,0.16713215467170062,-0.022077498063208124,False,
NFLX,2005-05-19,0.22128979910899504,-0.17327278291566614,False,
NFLX,2005-07-26,0.1804232075966734,0.11088807998859593,False,
NFLX,2006-01-25,0.15521368426582471,-0.1270114428636028,False,
NFLX,2006-10-24,0.18327704244802168,0.06517609351810214,False,
NFLX,2010-01-28,0.21032002391576055,0.07148639825191204,False,
NFLX,2012-01-26,0.19844308678007505,0.03863030529035387,True,12.0
NFLX,2013-01-24,0.3944410700934413,0.30147943544054645,False,
NFLX,2013-04-23,0.2362790391396028,0.08535536710466184,False,
NFLX,2014-01-23,0.16081880147676797,0.1268715041970099,False,
NFLX,2015-01-21,0.18876153621563807,0.0970721195563055,False,
NFLX,2016-10-18,0.1686373388548339,0.06610648215607748,False,
NFLX,2023-10-19,0.1691267694034806,0.07513466520691392,False,
NOC,2001-09-17,0.2082020424525226,0.08686802551316058,False,
NOW,2014-01-30,0.18836797190899435,-0.020014552415690556,False,
NOW,2022-10-27,0.1652520536233535,-0.0617856600402055,False,
NRG,2006-05-31,0.19274617533549043,-0.06725152131196356,False,
NRG,2008-10-20,0.2421108367040452,-0.06039154733305829,False,
NRG,2017-07-12,0.19693245964630934,0.2557590660456092,False,
NTAP,2024-03-01,0.18806089311374596,-0.010861279581027148,False,
NTAP,2026-05-29,0.2408006321253673,-0.09610048951790552,False,
NVDA,2000-03-07,0.28205105357598104,0.4683331580642458,True,5.0
NVDA,2003-05-09,0.17248415607282652,0.3897978212970378,False,
NVDA,2003-11-07,0.1920725885120813,-0.019850936135594317,False,
NVDA,2004-11-05,0.1550883154174214,0.11573317596756469,False,
NVDA,2016-11-11,0.17323331899847538,0.11410392340514697,False,
NVDA,2023-05-25,0.2614773392942469,0.107323555487468,False,
NXPI,2026-04-29,0.221450649025019,0.10212844603654482,False,
ODFL,2000-04-07,0.19254666605941306,-0.08333388286224262,False,
ODFL,2001-09-18,0.15639794967725185,-0.1475399921973239,False,
OKE,2008-09-19,0.25979749017111886,-0.4959755604206762,False,
ON,2002-06-25,0.2562499753199521,-0.004975119657066306,True,2.0
ON,2002-12-27,0.29710142611455725,-0.02793293485019055,True,10.0
ON,2004-07-29,0.17445480876156338,-0.10610082158916292,False,
ON,2008-05-07,0.18822020498869363,0.05603453369897701,False,
ORCL,2021-12-10,0.17483382752109167,-0.16377419098231785,False,
ORCL,2025-09-10,0.3216430670330577,-0.09455188511311974,False,
OXY,2020-03-10,0.23101485027652413,-0.24805166916002852,False,
OXY,2020-06-05,0.15112550731820384,0.15977637459767757,True,3.0
OXY,2020-11-09,0.15384613256694313,0.3645023941468189,False,
PCG,2001-01-25,0.20754664957024715,0.14500031207421685,True,6.0
PCG,2001-03-26,0.17370891924283938,-0.29280006726841634,False,
PCG,2018-11-16,0.42108225851862735,0.023006805463683486,False,
PCG,2019-01-17,0.18065401881997256,0.4180724115153602,True,5.0
PCG,2019-10-30,0.1749503375371284,0.1708968722379298,True,5.0
PCG,2020-03-23,0.2132964005025042,0.02625578318502279,True,6.0
PFE,2020-11-09,0.1500003719907208,-0.03538632279547727,False,
PFG,2008-09-19,0.16847256966082735,-0.6410257921643736,False,
PFG,2009-04-08,0.30049265094133926,-0.012121450738695754,True,3.0
PGR,2000-10-19,0.22535213992725156,0.07614939207571329,False,
PLTR,2023-05-09,0.1912145400098424,0.5954446433966692,False,
PLTR,2023-11-02,0.17158173276486166,0.12643026600094232,False,
PLTR,2024-02-06,0.21411483676597154,0.12019707516062601,True,10.0
PLTR,2024-11-05,0.15575949738484574,0.37358957428744227,False,
PLTR,2025-02-04,0.22760933453802568,0.09007776490214411,True,10.0
PNR,2012-03-28,0.16915013829332404,-0.05672374911829652,False,
PODD,2015-11-06,0.2665615318476071,-0.08891655190904926,False,
PODD,2016-11-04,0.1552229264178031,0.02676058487153389,False,
PODD,2019-08-06,0.18595777366595412,0.08286855632283478,False,
PODD,2022-11-04,0.19984334270432713,-0.04138648891474243,False,
PSKY,2008-12-19,0.150000307920239,-0.012925627612061815,False,
PTC,2002-09-20,0.1714285895937966,-0.21544719765132506,False,
PTC,2003-10-03,0.1799409498393214,-0.18999996185302734,False,
PTC,2019-10-24,0.15114367921366934,-0.04363637156300731,False,
PTC,2022-04-28,0.19022740393719584,-0.05749204032028879,False,
PWR,2000-01-20,0.16981144160349282,0.03225817884233716,False,
PWR,2003-08-15,0.3011149376891409,0.3114293433485964,False,
Q,2026-02-26,0.16752878038288377,-0.1995725932948826,False,
QCOM,2008-07-24,0.1936631936123996,0.05327134983233752,False,
RCL,2001-10-30,0.18907068973421448,0.4797795982695202,False,
RCL,2020-03-13,0.22266271629225343,-0.06781967202744289,True,10.0
RCL,2020-11-09,0.25098170151899746,0.07561082106499242,False,
REGN,2000-06-01,0.16564423480554225,-0.028947393852182656,True,5.0
REGN,2003-05-19,0.2747876319635276,0.7733331082225637,False,
REGN,2003-09-08,0.2440756094927028,-0.14761899873570578,False,
REGN,2007-03-27,0.1697127070714537,0.08883924376992582,False,
REGN,2007-11-29,0.3475220155534309,-0.006490642621081091,False,
REGN,2010-11-22,0.15079031448181213,0.07995776161985714,False,
REGN,2022-09-08,0.15181729820932577,0.007030726713938531,False,
RF,2008-09-19,0.30821969341991284,-0.521466085537192,False,
RJF,2008-10-13,0.1765539303957484,-0.058823500060489455,False,
RMD,2000-02-03,0.16666643599895048,0.37593959329865556,False,
ROK,2001-07-02,0.16016547989399776,-0.06725720061015315,False,
ROST,2022-11-18,0.17226576026764095,0.0033979411214780982,False,
RSG,2008-07-14,0.18315451479816947,-0.021811967798216453,False,
RVTY,2008-01-25,0.1889874464736354,-0.05891070246495398,False,
SATS,2008-01-02,0.8587361649997705,-0.17714282908017615,False,
SATS,2025-06-16,0.4412114155494218,0.2921302026724885,False,
SATS,2025-08-26,0.8109103791876853,0.38403249944376344,True,12.0
SBAC,2000-01-10,0.19047646072842506,0.039999818545761304,True,2.0
SBAC,2002-03-07,0.31249969719199133,0.10884354550605284,True,3.0
SBAC,2002-10-28,0.21212114643003144,0.25000003060601217,True,8.0
SBUX,2024-08-13,0.18161754771216554,0.02991844083273619,False,
SMCI,2014-04-23,0.15620053128970235,-0.18986764558659022,False,
SMCI,2020-11-04,0.15769061672443097,0.09080757526888637,False,
SMCI,2022-07-21,0.18082068307522192,0.19345844290205166,False,
SMCI,2022-10-20,0.1584817484337886,0.2534160680348882,False,
SMCI,2023-05-25,0.16937124741767717,0.24442632555671062,False,
SMCI,2024-02-22,0.178187623643693,0.3065006632357809,False,
SMCI,2024-11-19,0.2585886470788876,0.270011048691352,True,5.0
SMCI,2025-02-26,0.2081686287143667,-0.27117415229932573,False,
SMCI,2025-05-14,0.1810234257139438,-0.03919005497715417,False,
SNDK,2026-01-30,0.20754681106862916,-0.001934815354658665,False,
SNDK,2026-06-25,0.169157348448562,-0.2772656092098502,False,
SPG,2020-11-09,0.21031336011399615,0.10284509289012289,False,
STT,2008-09-19,0.16745751821840527,-0.3703244918277991,False,
STT,2009-01-28,0.1615700070231325,0.16761735288632212,True,9.0
STX,2010-10-15,0.18518447513111824,0.018617092421658397,False,
STX,2026-04-29,0.15361880607803657,0.10907525864832565,True,13.0
STZ,2012-06-29,0.19715082363976055,0.09174673143662326,False,
STZ,2013-02-14,0.27979983265676966,0.07965632710292028,False,
SW,2008-08-29,0.25233603317320874,0.02089558864829791,False,
SW,2009-04-22,0.23589761255999342,0.9709539795629685,False,
SW,2009-08-20,0.4210525201282034,0.1481483334298375,False,
SW,2009-10-22,0.18000029696316844,0.0,False,
SW,2010-04-15,0.20000010776888844,-0.04166696602466351,False,
SW,2011-02-18,0.20500020332396596,0.03236494384541395,False,
SW,2012-01-26,0.25885991016711873,0.18115075896385685,False,
SW,2014-02-12,0.1509433386365424,0.06633593769126687,False,
SW,2018-03-06,0.2246994921777099,-0.025910214778922556,False,
SW,2022-07-29,0.15624979799920524,-0.04675652320269581,False,
SWKS,2000-10-19,0.18115942147764352,0.10633929845290328,True,4.0
SWKS,2002-08-01,0.15172392758626208,0.023952096616046102,True,7.0
SWKS,2006-10-03,0.33794440476643817,-0.029541880175586697,False,
SWKS,2009-02-06,0.18525906952459392,0.09243715754002564,False,
SWKS,2021-01-29,0.17485457930642423,0.02636970132575623,False,
SYY,2013-12-09,0.25473657383020254,-0.14843210017817138,False,
TECH,2026-06-25,0.19276498102790662,0.005410753741341702,False,
TER,2025-07-30,0.16764228096211853,0.03584594701603663,False,
TER,2025-10-29,0.17751740490908263,-0.0024703291168685767,True,11.0
TFC,2008-09-30,0.15129001332808745,0.01344931971744905,True,3.0
TGT,2019-08-21,0.1676605768493289,0.09111832273233803,False,
TGT,2024-08-21,0.16842410955447518,-0.11976360954270392,False,
TKO,2018-05-17,0.15737619917882673,0.22893886754296128,False,
TKO,2020-04-24,0.17942154924103226,-0.09635434488218945,False,
TKO,2024-01-23,0.2329154820998578,-0.08319358657209372,False,
TPR,2019-05-09,0.172683135683666,-0.21353317095790603,False,
TPR,2025-02-06,0.19582989680890894,-0.039202219377471786,False,
TRGP,2020-03-10,0.21951207647654258,-0.5681250068483942,False,
TRMB,2000-02-16,0.18239003307414503,0.23138295994349053,False,
TRMB,2000-04-20,0.1923076923076923,0.37634400398500506,True,13.0
TRMB,2003-10-29,0.16931730607234097,0.16039992062378536,False,
TRMB,2008-01-24,0.17945487257191917,0.03412730254042166,False,
TRMB,2008-04-25,0.15535019444040055,0.09169229360727163,False,
TRMB,2011-08-03,0.15870615808344457,-0.09418211421599167,False,
TRMB,2016-02-10,0.1971307679054637,0.10874384291710382,False,
TROW,2008-09-19,0.1517044216990886,-0.41406590945730865,False,
TSLA,2012-01-17,0.16805665303710304,0.18707735736434494,False,
TSLA,2013-05-09,0.25685626031209075,0.49671989160591534,False,
TSLA,2018-10-01,0.15485139904533884,-0.1465807140271998,False,
TSLA,2019-10-24,0.17154859329852434,0.17086176944643705,False,
TTD,2017-05-12,0.19278009505543547,0.0035729715704629138,True,3.0
TTD,2018-05-11,0.2848474111982313,0.2788191048763725,False,
TTD,2018-08-10,0.23807477812173694,0.22839822433276447,False,
TTD,2019-02-22,0.1628679811559175,0.18285718645368304,False,
TTD,2021-11-08,0.22975928955259373,0.05172005281749095,True,2.0
TTD,2022-08-10,0.2502752181586869,0.014382203782092666,True,6.0
TTD,2023-02-15,0.16386219161090576,-0.02323577469149866,True,3.0
TTD,2024-02-16,0.1821423997131646,-0.0883799291855796,False,
TTD,2025-05-09,0.1644407048948997,0.07842295656922044,False,
TTD,2026-03-05,0.25105284962204255,-0.30960019213407225,False,
TTWO,2008-02-25,0.48732706813413196,-0.029821832052914176,False,
TXN,2000-10-19,0.2135596778890232,-0.047486368113889635,True,4.0
TXT,2009-04-09,0.41163658177800055,-0.16562996480681091,False,
UAL,2008-09-02,0.20792083627368618,-0.12071534100962984,False,
UAL,2020-03-24,0.21866665794735862,0.02657081549081912,True,3.0
UAL,2020-06-05,0.25191822693644683,-0.328089910581783,False,
UAL,2020-11-09,0.20818919138318415,0.07517894024982534,False,
UBER,2022-08-02,0.1581300540376671,0.05826605337831347,True,12.0
ULTA,2014-09-12,0.17459987748200878,0.014847134919145742,False,
URI,2007-04-10,0.19600738740995638,0.014263992071143095,False,
URI,2008-06-10,0.16000021777196305,-0.15428848369985726,False,
URI,2008-07-16,0.1814855915717335,-0.26737513954517245,False,
URI,2026-04-23,0.17466593525772844,0.03389105521680216,False,
USB,2009-04-09,0.17688015966586357,-0.05680482615835852,True,6.0
VLO,2020-11-09,0.17657850645711504,0.2187378849330848,True,14.0
VRT,2023-04-26,0.1717089219281338,0.09071872115190008,False,
VRT,2023-08-02,0.24387498392494278,-0.0003030717529299112,True,11.0
VRT,2025-04-23,0.19012812449888483,0.2808423542605361,False,
VRT,2026-02-11,0.16847009241516386,0.07729896112347051,False,
VRTX,2004-02-23,0.19490693082106314,-0.2131147105281816,False,
VRTX,2006-10-27,0.15707261652040905,0.1125,False,
VRTX,2012-05-07,0.39321034868943583,0.24424404840976818,False,
VRTX,2013-04-19,0.5424627331054617,-0.013733938745179355,False,
VRTX,2014-06-24,0.47155075431471416,-0.015200958118732281,False,
VRTX,2017-03-29,0.18244675972367075,0.08110910660314283,False,
VRTX,2017-07-19,0.2242735969153602,-0.05698393724846693,False,
VST,2024-07-31,0.19478266797206678,-0.0019407375894594067,False,
VST,2026-01-09,0.15756959731943465,-0.09166520965409647,False,
VTR,2020-03-24,0.15173890281646596,0.040358376263030946,True,5.0
VTRS,2008-10-30,0.216332429891692,0.07302701831175638,True,9.0
VTRS,2017-10-04,0.16815253145714637,0.026842073249135477,False,
WAT,2000-01-25,0.25529265255292644,0.4603174603174603,False,
WAT,2024-11-01,0.16059551546195072,-0.0040799967447916665,False,
WBD,2008-09-19,0.2519914167243056,-0.3568536152065421,False,
WDC,2003-01-24,0.15945969713255392,-0.17249421903109488,False,
WDC,2003-08-28,0.16736875132116347,0.1379617974025752,False,
WDC,2012-07-26,0.1730827701931026,0.19217597507716314,False,
WFC,2008-07-16,0.15943453004658537,0.17451666281742217,True,8.0
WFC,2008-09-19,0.19729833287039855,-0.36094831516471343,False,
WFC,2009-01-28,0.17418100742000808,-0.3006875302548169,False,
WFC,2009-04-09,0.3324377512017105,0.008568369141311415,False,
WMB,2002-07-29,0.4848489167765304,1.3129242567221553,True,4.0
WMB,2002-10-11,0.16883077337919672,0.15555534486781214,False,
WMB,2003-02-20,0.1551725068932206,0.10447740748763248,True,13.0
WMB,2014-06-16,0.16087399433391658,0.05349606452423364,False,
WSM,2001-01-04,0.16710819125952425,0.004545798132333748,False,
WSM,2021-03-18,0.16577495467809422,0.16547145913184055,False,
WSM,2021-08-26,0.16926307027137488,-0.056852307765131754,False,
WSM,2024-11-20,0.253424505587289,0.1078364445823853,False,
WST,2025-07-24,0.23998039621397993,-0.1257907261230223,False,
WTW,2008-10-10,0.21434439051220755,-0.10413031825959078,False,
WYNN,2020-03-24,0.19263499176630128,-0.07792015253812365,True,3.0
WYNN,2020-11-09,0.18858488985733324,0.056005280460118906,False,
XEL,2002-08-06,0.21319022002608712,0.2389382743961966,True,13.0
XYZ,2016-08-04,0.15804603817273444,0.01819687876362161,False,
XYZ,2022-02-25,0.20960105389899497,-0.005918192307618246,True,4.0
XYZ,2023-11-03,0.15507048125988754,0.1742126460970878,False,
XYZ,2024-02-23,0.17436725476396542,0.00451072072878166,False,
XYZ,2026-02-27,0.15697783907783514,-0.05896340484555434,False,
ZBH,2014-04-24,0.1700380009372433,-0.06401845071220669,False,
ZBH,2020-11-09,0.15448985486477795,-0.06753353677734118,False,
ZBRA,2026-02-12,0.16293075108292077,-0.2178518365628088,False,
CL_F,2008-12-22,0.26335997239271847,-0.003739187753885972,True,10.0
CL_F,2020-04-22,0.3106892692873242,-0.02591464600255995,True,3.0
NG_F,2000-12-06,0.18758439567420537,0.1409090618456697,False,
NG_F,2001-09-27,0.2513660700274436,0.085589564387385,False,
NG_F,2001-11-29,0.17443870748304913,-0.012499970416812648,False,
NG_F,2003-02-24,0.20272309359822693,-0.05849052665495787,True,3.0
NG_F,2004-10-28,0.1521455904747655,-0.22426631926800003,False,
NG_F,2005-08-29,0.22038399027002842,0.0596652978181288,False,
NG_F,2006-09-28,0.3453938736019513,0.023000728163755937,True,10.0
NG_F,2009-09-29,0.29222524048636367,0.07074680313837982,False,
NG_F,2009-10-29,0.18116109680327885,-0.1429135371678847,False,
NG_F,2020-09-29,0.31794381741835465,0.052004351978486706,False,
NG_F,2024-04-29,0.19144982799221788,0.43057720171594427,False,
NG_F,2024-10-30,0.2382779308234475,0.09913945254661823,False,
