condition,active,diversity,n_21d,med_21d,wr_21d,lift_21d,n_63d,med_63d,wr_63d,lift_63d,n_252d,med_252d,wr_252d,lift_252d
ry=HIGH + baa10y=MID + t10y3m=MID,False,THIN,33,0.1042,0.8788,0.0961,33,0.1694,1.0,0.1415,33,0.03,0.6364,-0.0834
breakeven=HIGH + hy_oas=TIGHT,False,THIN,155,0.0367,0.7226,0.0286,125,0.1657,0.904,0.1378,61,0.7044,1.0,0.591
nominal_10y=MID + hy_oas=TIGHT,False,THIN,34,0.0534,0.7647,0.0453,34,0.1566,0.8529,0.1287,4,0.5775,1.0,0.4641
hy_oas=TIGHT + t10y2y=MID,False,THIN,138,0.0531,0.7101,0.045,112,0.1542,0.7768,0.1263,0,,,
ry=HIGH + baa10y=MID + usd=WEAK,False,THIN,45,0.0965,0.9111,0.0884,45,0.1465,1.0,0.1186,45,0.0465,0.7333,-0.0669
ry=MID + baa10y=WIDE + usd=STRONG,False,THIN,20,0.1127,1.0,0.1046,20,0.1448,1.0,0.1169,20,0.0954,1.0,-0.018
ry=HIGH + baa10y=MID + t10y3m=LOW,False,ROBUST,15,0.0583,1.0,0.0502,15,0.1433,1.0,0.1154,15,0.1466,1.0,0.0332
baa10y=TIGHT + hy_oas=TIGHT,True,THIN,246,0.0346,0.7154,0.0265,216,0.1383,0.8796,0.1104,100,0.6456,1.0,0.5322
hy_oas=TIGHT + se_10y=MID,True,THIN,246,0.0346,0.7154,0.0265,216,0.1383,0.8796,0.1104,100,0.6456,1.0,0.5322
hy_oas=TIGHT + usd=STRONG,True,THIN,246,0.0346,0.7154,0.0265,216,0.1383,0.8796,0.1104,100,0.6456,1.0,0.5322
hy_oas=TIGHT + t10y3m=LOW,True,THIN,226,0.0391,0.7743,0.031,216,0.1383,0.8796,0.1104,100,0.6456,1.0,0.5322
hy_oas=TIGHT,True,THIN,246,0.0346,0.7154,0.0265,216,0.1383,0.8796,0.1104,100,0.6456,1.0,0.5322
ry=HIGH + baa10y=TIGHT + hy_oas=TIGHT,True,THIN,238,0.0333,0.7059,0.0252,208,0.1356,0.875,0.1077,100,0.6456,1.0,0.5322
ry=HIGH + hy_oas=TIGHT,True,THIN,238,0.0333,0.7059,0.0252,208,0.1356,0.875,0.1077,100,0.6456,1.0,0.5322
nominal_10y=HIGH + hy_oas=TIGHT,True,THIN,212,0.0327,0.7075,0.0246,182,0.1353,0.8846,0.1074,96,0.6612,1.0,0.5478
hy_oas=TIGHT + t10y2y=LOW,True,THIN,108,0.0257,0.7222,0.0176,104,0.1259,0.9904,0.098,100,0.6456,1.0,0.5322
hy_oas=MID + t10y2y=MID,False,THIN,107,0.0108,0.5981,0.0027,98,0.1236,0.7449,0.0957,16,0.3374,1.0,0.224
baa10y=WIDE + usd=STRONG,False,THIN,119,0.047,0.8067,0.0389,119,0.1189,0.9664,0.091,119,0.0574,0.8571,-0.056
nominal_10y=HIGH + usd=WEAK,False,THIN,202,0.0205,0.6733,0.0124,202,0.1157,0.7178,0.0878,202,0.2693,0.896,0.1559
ry=HIGH + baa10y=MID + t10y2y=MID,False,THIN,52,0.0583,0.9231,0.0502,52,0.1113,0.9615,0.0834,52,0.0767,0.7692,-0.0367
baa10y=TIGHT + usd=WEAK,False,THIN,156,0.014,0.6154,0.0059,156,0.1054,0.6923,0.0775,156,0.3301,0.9231,0.2167
t10y3m=LOW + usd=WEAK,False,THIN,166,0.0154,0.6446,0.0073,166,0.1054,0.7108,0.0775,166,0.3167,0.8976,0.2033
ry=HIGH + baa10y=TIGHT + usd=WEAK,False,THIN,156,0.014,0.6154,0.0059,156,0.1054,0.6923,0.0775,156,0.3301,0.9231,0.2167
ry=HIGH + usd=WEAK,False,THIN,287,0.0156,0.6167,0.0075,287,0.1052,0.7143,0.0773,287,0.2572,0.9164,0.1438
ry=HIGH + baa10y=TIGHT + nominal_10y=MID,False,THIN,150,0.0213,0.6667,0.0132,150,0.0994,0.84,0.0715,85,0.36,1.0,0.2466
ry=HIGH + t10y3m=MID,False,ROBUST,175,0.0125,0.6171,0.0044,153,0.0963,0.8431,0.0684,153,0.3024,0.915,0.189
ry=HIGH + baa10y=TIGHT + se_10y=MID,True,THIN,801,0.0222,0.7041,0.0141,758,0.0951,0.9142,0.0672,569,0.4052,1.0,0.2918
nominal_10y=HIGH + se_10y=MID,True,THIN,680,0.0224,0.7118,0.0143,637,0.0949,0.9356,0.067,513,0.409,1.0,0.2956
ry=LOW + baa10y=WIDE + usd=STRONG,False,THIN,99,0.0346,0.7677,0.0265,99,0.0948,0.9596,0.0669,99,0.0468,0.8283,-0.0666
ry=HIGH + se_10y=MID,True,MODERATE,893,0.0238,0.7066,0.0157,850,0.0945,0.9141,0.0666,661,0.3969,1.0,0.2835
breakeven=MID + hy_oas=TIGHT,True,THIN,91,0.0308,0.7033,0.0227,91,0.0945,0.8462,0.0666,39,0.5878,1.0,0.4744
ry=LOW + baa10y=WIDE + t10y3m=LOW,False,THIN,88,0.0291,0.75,0.021,88,0.0945,0.9545,0.0666,88,0.0384,0.8182,-0.075
ry=LOW + baa10y=WIDE + t10y2y=LOW,False,THIN,34,0.0285,0.8235,0.0204,34,0.0945,1.0,0.0666,34,0.0456,1.0,-0.0678
ry=HIGH + baa10y=TIGHT + breakeven=MID,True,MODERATE,561,0.0283,0.7451,0.0202,555,0.0893,0.9171,0.0614,448,0.3762,0.9933,0.2628
ry=HIGH + usd=STRONG,True,THIN,702,0.0233,0.7108,0.0152,659,0.0883,0.9014,0.0604,470,0.4091,1.0,0.2957
ry=HIGH + baa10y=TIGHT + usd=STRONG,True,THIN,699,0.0231,0.7096,0.015,656,0.0872,0.9009,0.0593,467,0.4098,1.0,0.2964
nominal_10y=HIGH + usd=STRONG,True,THIN,571,0.0238,0.718,0.0157,528,0.0859,0.9223,0.058,404,0.4156,1.0,0.3022
ry=LOW + baa10y=TIGHT + t10y3m=LOW,False,THIN,46,0.0387,0.8043,0.0306,46,0.0851,1.0,0.0572,46,0.2005,1.0,0.0871
t10y2y=LOW + usd=WEAK,False,THIN,134,0.0099,0.5896,0.0018,134,0.0849,0.6418,0.057,134,0.3447,0.9925,0.2313
ry=HIGH + baa10y=MID + breakeven=LOW,False,THIN,25,0.0259,0.76,0.0178,25,0.083,1.0,0.0551,25,0.1038,1.0,-0.0096
nominal_10y=HIGH + breakeven=MID,True,MODERATE,538,0.0323,0.7658,0.0242,532,0.0827,0.9229,0.0548,482,0.3171,0.9813,0.2037
breakeven=MID + hy_oas=MID,False,THIN,200,0.0277,0.725,0.0196,197,0.0818,0.868,0.0539,137,0.4115,1.0,0.2981
ry=HIGH + breakeven=MID,True,MODERATE,724,0.0286,0.7334,0.0205,718,0.0816,0.8691,0.0537,611,0.3144,0.9755,0.201
ry=HIGH + hy_oas=MID,False,THIN,247,0.0211,0.6923,0.013,237,0.0807,0.8945,0.0528,159,0.409,1.0,0.2956
ry=HIGH + baa10y=TIGHT + hy_oas=MID,False,THIN,247,0.0211,0.6923,0.013,237,0.0807,0.8945,0.0528,159,0.409,1.0,0.2956
nominal_10y=HIGH + hy_oas=MID,False,THIN,189,0.02,0.6984,0.0119,179,0.0807,0.9441,0.0528,144,0.4081,1.0,0.2947
baa10y=TIGHT + se_10y=MID,True,MODERATE,1028,0.0222,0.6877,0.0141,985,0.0788,0.8893,0.0509,784,0.3828,1.0,0.2694
ry=HIGH + baa10y=WIDE + usd=MID,False,THIN,123,0.0449,0.7236,0.0368,123,0.0787,0.9024,0.0508,123,0.3146,1.0,0.2012
ry=HIGH + t10y2y=MID,False,MODERATE,432,0.0225,0.6597,0.0144,394,0.0782,0.7284,0.0503,210,0.22,0.8905,0.1066
ry=HIGH + baa10y=TIGHT + t10y3m=MID,False,ROBUST,139,0.0034,0.554,-0.0047,117,0.0769,0.8034,0.049,117,0.3476,0.9915,0.2342
t10y2y=MID + se_10y=MID,False,THIN,318,0.0204,0.6258,0.0123,280,0.0762,0.7607,0.0483,84,0.374,0.9286,0.2606
ry=HIGH + t10y3m=LOW,True,MODERATE,1206,0.0231,0.6882,0.015,1185,0.0753,0.8312,0.0474,996,0.3466,0.9799,0.2332
ry=HIGH + t10y2y=LOW,True,ROBUST,1005,0.0212,0.6896,0.0131,1000,0.0746,0.858,0.0467,995,0.3499,0.9899,0.2365
ry=HIGH + baa10y=TIGHT + t10y2y=MID,False,MODERATE,347,0.0159,0.6196,0.0078,309,0.0746,0.7087,0.0467,125,0.3152,0.912,0.2018
hy_oas=MID + t10y3m=LOW,False,THIN,268,0.0242,0.7052,0.0161,259,0.0743,0.8726,0.0464,177,0.4098,1.0,0.2964
hy_oas=MID + usd=STRONG,False,THIN,269,0.0245,0.7063,0.0164,259,0.0743,0.8726,0.0464,177,0.4098,1.0,0.2964
hy_oas=MID + se_10y=MID,False,THIN,269,0.0245,0.7063,0.0164,259,0.0743,0.8726,0.0464,177,0.4098,1.0,0.2964
t10y3m=LOW + se_10y=MID,True,MODERATE,1016,0.0221,0.69,0.014,995,0.0743,0.8412,0.0464,794,0.3515,1.0,0.2381
hy_oas=MID,False,THIN,269,0.0245,0.7063,0.0164,259,0.0743,0.8726,0.0464,177,0.4098,1.0,0.2964
baa10y=TIGHT + hy_oas=MID,False,THIN,269,0.0245,0.7063,0.0164,259,0.0743,0.8726,0.0464,177,0.4098,1.0,0.2964
ry=HIGH + baa10y=TIGHT + t10y3m=LOW,True,MODERATE,1191,0.0221,0.6843,0.014,1170,0.0737,0.8291,0.0458,981,0.3492,0.9796,0.2358
ry=HIGH + baa10y=TIGHT + t10y2y=LOW,True,ROBUST,992,0.0206,0.6855,0.0125,987,0.0733,0.8561,0.0454,982,0.3521,0.9898,0.2387
baa10y=TIGHT + usd=STRONG,True,MODERATE,1021,0.0206,0.6846,0.0125,978,0.0721,0.8589,0.0442,777,0.3508,0.9717,0.2374
ry=HIGH + baa10y=MID + nominal_10y=HIGH,False,ROBUST,254,0.0246,0.6929,0.0165,254,0.0711,0.8622,0.0432,254,0.0952,0.9409,-0.0182
baa10y=TIGHT + t10y3m=LOW,True,MODERATE,1415,0.0238,0.6855,0.0157,1394,0.0706,0.8286,0.0427,1193,0.3211,0.9832,0.2077
ry=HIGH + baa10y=MID,False,ROBUST,315,0.0246,0.6952,0.0165,315,0.0704,0.8095,0.0425,315,0.0895,0.9333,-0.0239
breakeven=MID + t10y3m=LOW,True,MODERATE,763,0.023,0.6959,0.0149,758,0.0704,0.8166,0.0425,646,0.3111,0.9861,0.1977
ry=HIGH + baa10y=MID + breakeven=MID,False,THIN,155,0.0323,0.729,0.0242,155,0.0703,0.7355,0.0424,155,0.0836,0.9226,-0.0298
ry=HIGH + baa10y=MID + se_10y=HIGH,False,THIN,312,0.0233,0.6923,0.0152,312,0.07,0.8077,0.0421,312,0.0891,0.9327,-0.0243
ry=HIGH + baa10y=TIGHT,True,MODERATE,1370,0.0202,0.673,0.0121,1327,0.0698,0.8244,0.0419,1138,0.3401,0.9815,0.2267
ry=HIGH + nominal_10y=HIGH,True,ROBUST,1485,0.0207,0.6781,0.0126,1442,0.0686,0.8239,0.0407,1318,0.284,0.9727,0.1706
ry=HIGH + baa10y=TIGHT + nominal_10y=HIGH,True,ROBUST,1220,0.0196,0.6738,0.0115,1177,0.0685,0.8224,0.0406,1053,0.3356,0.9801,0.2222
t10y2y=LOW + se_10y=MID,True,MODERATE,898,0.0165,0.6648,0.0084,893,0.0684,0.8376,0.0405,888,0.3332,1.0,0.2198
hy_oas=MID + t10y2y=LOW,False,THIN,162,0.0277,0.7778,0.0196,161,0.0681,0.9503,0.0402,161,0.4129,1.0,0.2995
breakeven=LOW + usd=WEAK,False,MODERATE,308,0.0366,0.6753,0.0285,308,0.0681,0.7597,0.0402,308,0.2566,0.9188,0.1432
ry=HIGH,True,ROBUST,2012,0.0197,0.659,0.0116,1969,0.0664,0.8095,0.0385,1780,0.2718,0.9764,0.1584
ry=HIGH + baa10y=WIDE + se_10y=MID,False,THIN,89,0.0495,0.7191,0.0414,89,0.0652,0.9101,0.0373,89,0.3044,1.0,0.191
se_10y=MID + usd=STRONG,True,THIN,1038,0.0172,0.6551,0.0091,995,0.0652,0.796,0.0373,794,0.3456,1.0,0.2322
breakeven=MID + se_10y=HIGH,False,MODERATE,386,0.0352,0.7642,0.0271,386,0.0647,0.7358,0.0368,386,0.1202,0.8497,0.0068
nominal_10y=LOW + t10y3m=LOW,False,THIN,397,0.009,0.6171,0.0009,397,0.0645,0.7809,0.0366,397,0.229,0.8262,0.1156
ry=MID + baa10y=WIDE + breakeven=LOW,False,ROBUST,399,0.0292,0.6667,0.0211,399,0.0645,0.7694,0.0366,399,0.2128,1.0,0.0994
nominal_10y=HIGH + t10y2y=LOW,True,ROBUST,1053,0.0178,0.6553,0.0097,1048,0.0643,0.7834,0.0364,1043,0.3137,0.9847,0.2003
ry=LOW + baa10y=TIGHT + usd=STRONG,False,THIN,129,0.0139,0.6202,0.0058,129,0.0639,0.7519,0.036,129,0.0381,0.8295,-0.0753
t10y3m=LOW + t10y2y=MID,False,MODERATE,425,0.0184,0.64,0.0103,404,0.0633,0.7426,0.0354,208,0.0786,0.6731,-0.0348
nominal_10y=HIGH + baa10y=TIGHT,True,ROBUST,1305,0.0168,0.6513,0.0087,1262,0.0622,0.7956,0.0343,1138,0.3301,0.9815,0.2167
ry=MID + baa10y=WIDE + nominal_10y=LOW,False,ROBUST,190,0.0216,0.6579,0.0135,190,0.0621,0.6421,0.0342,190,0.1272,1.0,0.0138
nominal_10y=LOW + t10y2y=LOW,False,THIN,343,0.0095,0.6356,0.0014,343,0.0618,0.7464,0.0339,343,0.2496,0.8892,0.1362
breakeven=MID + usd=STRONG,True,MODERATE,666,0.0171,0.6637,0.009,660,0.0617,0.7864,0.0338,548,0.3244,1.0,0.211
breakeven=MID + hy_oas=WIDE,False,THIN,183,0.0123,0.6831,0.0042,180,0.0617,0.8611,0.0338,180,0.3504,1.0,0.237
t10y3m=LOW + usd=STRONG,True,MODERATE,1416,0.0191,0.6674,0.011,1395,0.0616,0.8014,0.0337,1194,0.2743,0.9422,0.1609
ry=HIGH + nominal_10y=MID,False,ROBUST,498,0.0133,0.5904,0.0052,498,0.0612,0.757,0.0333,433,0.2358,0.9861,0.1224
nominal_10y=MID + hy_oas=WIDE,False,THIN,102,0.0033,0.5882,-0.0048,102,0.0607,0.8039,0.0328,102,0.301,1.0,0.1876
baa10y=TIGHT + t10y2y=LOW,True,ROBUST,1414,0.0156,0.633,0.0075,1409,0.0601,0.8041,0.0322,1404,0.2959,0.9751,0.1825
t10y2y=MID + usd=STRONG,False,ROBUST,579,0.0192,0.6304,0.0111,541,0.0599,0.7616,0.032,345,0.0693,0.7391,-0.0441
ry=HIGH + baa10y=MID + t10y2y=HIGH,False,THIN,250,0.0146,0.632,0.0065,250,0.0596,0.768,0.0317,250,0.0891,0.964,-0.0243
breakeven=LOW + se_10y=HIGH,False,MODERATE,308,0.0114,0.5682,0.0033,308,0.0596,0.776,0.0317,308,0.2233,1.0,0.1099
ry=MID + baa10y=MID + nominal_10y=LOW,False,THIN,119,0.0317,0.7731,0.0236,119,0.0595,0.8403,0.0316,119,0.0942,0.7815,-0.0192
ry=HIGH + baa10y=MID + breakeven=HIGH,False,ROBUST,135,0.0186,0.6444,0.0105,135,0.0593,0.8593,0.0314,135,0.0915,0.9333,-0.0219
ry=HIGH + baa10y=MID + nominal_10y=MID,False,THIN,61,0.0202,0.7049,0.0121,61,0.0593,0.5902,0.0314,61,0.0752,0.9016,-0.0382
nominal_10y=HIGH + t10y3m=LOW,True,ROBUST,1231,0.0172,0.6507,0.0091,1210,0.0593,0.7727,0.0314,1086,0.3076,0.9761,0.1942
breakeven=HIGH + se_10y=MID,False,ROBUST,697,0.012,0.6241,0.0039,660,0.059,0.7727,0.0311,571,0.2311,0.8459,0.1177
ry=HIGH + breakeven=LOW,False,MODERATE,335,0.015,0.5881,0.0069,335,0.059,0.8,0.0311,335,0.2279,1.0,0.1145
breakeven=MID + t10y2y=LOW,True,ROBUST,767,0.0128,0.618,0.0047,767,0.0582,0.7823,0.0303,765,0.2834,0.9712,0.17
hy_oas=WIDE + t10y2y=LOW,False,THIN,230,0.0155,0.7174,0.0074,230,0.0579,0.9043,0.03,229,0.3508,1.0,0.2374
ry=HIGH + baa10y=MID + t10y3m=HIGH,False,THIN,267,0.0186,0.6554,0.0105,267,0.0573,0.7753,0.0294,267,0.093,0.9663,-0.0204
ry=HIGH + nominal_10y=LOW,False,THIN,29,0.058,0.8621,0.0499,29,0.0568,1.0,0.0289,29,0.3044,1.0,0.191
ry=HIGH + baa10y=WIDE + nominal_10y=LOW,False,THIN,29,0.058,0.8621,0.0499,29,0.0568,1.0,0.0289,29,0.3044,1.0,0.191
breakeven=HIGH + t10y3m=LOW,False,ROBUST,782,0.0174,0.6343,0.0093,766,0.0568,0.7637,0.0289,677,0.2686,0.9749,0.1552
ry=MID + baa10y=TIGHT + usd=STRONG,False,THIN,193,0.0169,0.6373,0.0088,193,0.0567,0.7876,0.0288,181,0.1982,1.0,0.0848
ry=MID + baa10y=TIGHT + t10y3m=LOW,False,THIN,178,0.0262,0.6629,0.0181,178,0.0565,0.7809,0.0286,166,0.1936,1.0,0.0802
usd=STRONG,True,ROBUST,1774,0.0151,0.6381,0.007,1731,0.0563,0.7614,0.0284,1530,0.2019,0.919,0.0885
ry=MID + baa10y=MID + se_10y=HIGH,False,MODERATE,125,0.0313,0.752,0.0232,125,0.0555,0.696,0.0276,125,0.1299,0.872,0.0165
breakeven=HIGH + hy_oas=MID,False,THIN,69,0.0087,0.6522,0.0006,62,0.0554,0.8871,0.0275,40,0.4088,1.0,0.2954
ry=MID + nominal_10y=LOW,False,ROBUST,353,0.0226,0.7054,0.0145,353,0.0552,0.7535,0.0273,353,0.0976,0.813,-0.0158
breakeven=LOW + t10y2y=LOW,False,MODERATE,403,0.0148,0.6625,0.0067,403,0.0551,0.7916,0.0272,403,0.2421,0.9578,0.1287
ry=HIGH + baa10y=WIDE + breakeven=LOW,False,MODERATE,310,0.014,0.5742,0.0059,310,0.055,0.7839,0.0271,310,0.2421,1.0,0.1287
t10y3m=LOW,True,ROBUST,2185,0.0156,0.6366,0.0075,2164,0.0547,0.7505,0.0268,1963,0.2418,0.9485,0.1284
breakeven=MID + baa10y=TIGHT,True,ROBUST,966,0.0126,0.6211,0.0045,960,0.0537,0.75,0.0258,848,0.2772,0.8479,0.1638
nominal_10y=LOW + usd=STRONG,False,MODERATE,602,0.0133,0.6246,0.0052,602,0.0537,0.7475,0.0258,602,0.0835,0.794,-0.0299
t10y2y=LOW + usd=STRONG,True,MODERATE,1195,0.0136,0.6418,0.0055,1190,0.0537,0.7613,0.0258,1185,0.259,0.9713,0.1456
breakeven=LOW + usd=STRONG,False,MODERATE,561,0.0181,0.6435,0.01,561,0.0533,0.7754,0.0254,561,0.119,0.8431,0.0056
ry=MID + baa10y=MID + usd=WEAK,False,MODERATE,383,0.0126,0.6423,0.0045,383,0.053,0.8016,0.0251,383,0.0721,0.6136,-0.0413
ry=HIGH + baa10y=WIDE + t10y2y=HIGH,False,MODERATE,294,0.0107,0.5544,0.0026,294,0.0529,0.7721,0.025,294,0.2357,1.0,0.1223
ry=HIGH + breakeven=HIGH,False,ROBUST,953,0.0149,0.6275,0.0068,916,0.0527,0.7664,0.0248,834,0.2516,0.9676,0.1382
ry=HIGH + baa10y=TIGHT + breakeven=HIGH,False,ROBUST,809,0.014,0.623,0.0059,772,0.0527,0.7578,0.0248,690,0.3073,0.9739,0.1939
ry=HIGH + t10y2y=HIGH,False,MODERATE,575,0.0143,0.6052,0.0062,575,0.0526,0.7809,0.0247,575,0.1305,0.9843,0.0171
ry=HIGH + baa10y=WIDE + nominal_10y=MID,False,MODERATE,287,0.0061,0.5261,-0.002,287,0.0526,0.7491,0.0247,287,0.2242,1.0,0.1108
ry=MID + baa10y=MID + t10y2y=MID,False,MODERATE,93,0.0472,0.957,0.0391,93,0.0525,0.8817,0.0246,93,0.0374,0.7204,-0.076
t10y3m=LOW + t10y2y=LOW,True,ROBUST,1760,0.0152,0.6358,0.0071,1760,0.0525,0.7523,0.0246,1755,0.2566,0.9812,0.1432
ry=MID + baa10y=TIGHT + se_10y=MID,False,MODERATE,224,0.0234,0.6384,0.0153,224,0.0524,0.817,0.0245,212,0.228,1.0,0.1146
ry=HIGH + baa10y=TIGHT + hy_oas=WIDE,False,THIN,214,0.0147,0.7336,0.0066,211,0.0523,0.9336,0.0244,208,0.3727,1.0,0.2593
ry=HIGH + hy_oas=WIDE,False,THIN,214,0.0147,0.7336,0.0066,211,0.0523,0.9336,0.0244,208,0.3727,1.0,0.2593
breakeven=LOW + t10y3m=LOW,False,MODERATE,487,0.0112,0.6304,0.0031,487,0.052,0.7515,0.0241,487,0.2035,0.8583,0.0901
se_10y=MID + usd=MID,False,THIN,164,0.0235,0.622,0.0154,164,0.0519,0.8659,0.024,164,0.2604,1.0,0.147
ry=HIGH + usd=MID,False,THIN,437,0.021,0.6247,0.0129,437,0.0518,0.7735,0.0239,437,0.2393,0.9794,0.1259
ry=HIGH + baa10y=WIDE,False,MODERATE,327,0.0132,0.5657,0.0051,327,0.0518,0.7492,0.0239,327,0.2358,1.0,0.1224
breakeven=LOW + baa10y=WIDE,False,ROBUST,1032,0.0197,0.6192,0.0116,1032,0.0518,0.7432,0.0239,1032,0.1542,0.8983,0.0408
ry=HIGH + baa10y=WIDE + t10y3m=HIGH,False,MODERATE,324,0.0129,0.5648,0.0048,324,0.0518,0.75,0.0239,324,0.2357,1.0,0.1223
ry=MID + baa10y=MID + t10y3m=MID,False,ROBUST,90,0.035,0.7889,0.0269,90,0.0516,0.7778,0.0237,90,0.0518,0.8111,-0.0616
se_10y=HIGH + usd=WEAK,False,THIN,566,0.0177,0.6254,0.0096,566,0.0513,0.629,0.0234,566,0.1886,0.8127,0.0752
baa10y=TIGHT + hy_oas=WIDE,False,THIN,264,0.0119,0.6818,0.0038,261,0.0508,0.8851,0.0229,258,0.3606,1.0,0.2472
hy_oas=WIDE + se_10y=MID,False,THIN,264,0.0119,0.6818,0.0038,261,0.0508,0.8851,0.0229,258,0.3606,1.0,0.2472
ry=MID + usd=STRONG,False,MODERATE,472,0.0234,0.6674,0.0153,472,0.0508,0.7288,0.0229,460,0.1685,1.0,0.0551
hy_oas=WIDE + usd=STRONG,False,THIN,264,0.0119,0.6818,0.0038,261,0.0508,0.8851,0.0229,258,0.3606,1.0,0.2472
hy_oas=WIDE,False,THIN,264,0.0119,0.6818,0.0038,261,0.0508,0.8851,0.0229,258,0.3606,1.0,0.2472
hy_oas=WIDE + t10y3m=LOW,False,THIN,263,0.0118,0.6806,0.0037,261,0.0508,0.8851,0.0229,258,0.3606,1.0,0.2472
nominal_10y=MID + breakeven=LOW,False,ROBUST,604,0.0212,0.6275,0.0131,604,0.0506,0.7947,0.0227,604,0.2412,0.9967,0.1278
ry=MID + breakeven=LOW,False,ROBUST,665,0.0262,0.6977,0.0181,665,0.0506,0.7789,0.0227,665,0.1952,0.8992,0.0818
ry=LOW + t10y3m=LOW,False,THIN,375,0.0062,0.584,-0.0019,375,0.0505,0.7173,0.0226,375,0.1571,0.816,0.0437
ry=MID + baa10y=MID + breakeven=HIGH,False,ROBUST,223,0.0211,0.6906,0.013,223,0.0504,0.7623,0.0225,223,0.1454,0.9552,0.032
ry=HIGH + se_10y=HIGH,False,MODERATE,1119,0.0167,0.6211,0.0086,1119,0.0502,0.7301,0.0223,1119,0.153,0.9625,0.0396
ry=HIGH + baa10y=WIDE + usd=WEAK,False,THIN,86,-0.0025,0.4651,-0.0106,86,0.05,0.6047,0.0221,86,0.2534,1.0,0.14
ry=HIGH + t10y3m=HIGH,False,MODERATE,631,0.0153,0.6149,0.0072,631,0.0499,0.7607,0.022,631,0.1315,0.9857,0.0181
breakeven=LOW + se_10y=MID,False,ROBUST,329,0.0375,0.6839,0.0294,329,0.0497,0.8146,0.0218,329,0.2657,0.9422,0.1523
baa10y=WIDE + t10y3m=LOW,False,MODERATE,161,0.0085,0.5901,0.0004,161,0.0489,0.7764,0.021,161,0.0574,0.8696,-0.056
nominal_10y=HIGH,True,ROBUST,2108,0.0157,0.6371,0.0076,2065,0.0482,0.7632,0.0203,1941,0.1957,0.9784,0.0823
breakeven=HIGH + usd=STRONG,False,THIN,547,0.0119,0.6015,0.0038,510,0.048,0.7137,0.0201,421,0.1472,0.9145,0.0338
ry=MID + baa10y=WIDE + se_10y=LOW,False,THIN,164,0.0149,0.6159,0.0068,164,0.048,0.5854,0.0201,164,0.1091,1.0,-0.0043
ry=MID + baa10y=TIGHT + breakeven=LOW,False,MODERATE,48,0.0148,0.7292,0.0067,48,0.0478,1.0,0.0199,48,-0.0302,0.1875,-0.1436
t10y2y=LOW,True,ROBUST,2124,0.01,0.5989,0.0019,2119,0.0474,0.7154,0.0195,2114,0.2444,0.964,0.131
ry=HIGH + baa10y=WIDE + se_10y=HIGH,False,MODERATE,238,0.0027,0.5084,-0.0054,238,0.0473,0.6891,0.0194,238,0.2008,1.0,0.0874
t10y2y=HIGH + se_10y=HIGH,False,MODERATE,1038,0.0139,0.605,0.0058,1038,0.0471,0.7408,0.0192,1038,0.1401,0.9566,0.0267
ry=MID + baa10y=WIDE + se_10y=MID,False,THIN,308,0.027,0.6753,0.0189,308,0.0468,0.8117,0.0189,308,0.2454,0.9545,0.132
nominal_10y=MID + hy_oas=MID,False,THIN,80,0.0343,0.725,0.0262,80,0.0465,0.7125,0.0186,33,0.4358,1.0,0.3224
t10y3m=LOW + se_10y=LOW,False,THIN,520,0.009,0.6058,0.0009,520,0.0464,0.7154,0.0185,520,0.1974,0.8673,0.084
se_10y=LOW + usd=STRONG,False,MODERATE,736,0.0126,0.6141,0.0045,736,0.0464,0.7147,0.0185,736,0.0981,0.8315,-0.0153
nominal_10y=HIGH + breakeven=HIGH,False,ROBUST,1024,0.0116,0.6045,0.0035,987,0.0463,0.7345,0.0184,913,0.257,0.9704,0.1436
nominal_10y=HIGH + t10y2y=HIGH,False,THIN,504,0.0188,0.6468,0.0107,504,0.0457,0.7976,0.0178,504,0.1164,0.9881,0.003
baa10y=TIGHT,True,ROBUST,2285,0.0121,0.6114,0.004,2242,0.0453,0.74,0.0174,2041,0.2425,0.8344,0.1291
breakeven=LOW + t10y2y=HIGH,False,ROBUST,724,0.014,0.5704,0.0059,724,0.0453,0.7445,0.0174,724,0.2083,0.8881,0.0949
ry=MID + se_10y=MID,False,ROBUST,960,0.0157,0.6146,0.0076,960,0.0449,0.7573,0.017,948,0.1834,0.8492,0.07
ry=HIGH + baa10y=TIGHT + se_10y=HIGH,False,THIN,569,0.0168,0.6292,0.0087,569,0.0448,0.7047,0.0169,569,0.2515,0.9631,0.1381
nominal_10y=HIGH + usd=MID,False,THIN,314,0.0146,0.586,0.0065,314,0.0447,0.7229,0.0168,314,0.181,0.9713,0.0676
ry=HIGH + baa10y=TIGHT + usd=MID,False,THIN,314,0.0146,0.586,0.0065,314,0.0447,0.7229,0.0168,314,0.181,0.9713,0.0676
breakeven=LOW + t10y3m=HIGH,False,ROBUST,800,0.0165,0.5925,0.0084,800,0.0439,0.735,0.016,800,0.2044,0.9025,0.091
se_10y=HIGH + usd=MID,False,THIN,334,0.0187,0.6108,0.0106,334,0.0438,0.7246,0.0159,334,0.2355,0.9731,0.1221
breakeven=LOW + baa10y=TIGHT,False,MODERATE,140,0.015,0.6571,0.0069,140,0.0438,0.9643,0.0159,140,-0.0177,0.4,-0.1311
ry=MID + t10y3m=LOW,False,MODERATE,451,0.0164,0.6319,0.0083,451,0.0431,0.7007,0.0152,439,0.1897,0.9863,0.0763
se_10y=MID,True,ROBUST,2285,0.0124,0.6053,0.0043,2242,0.0428,0.7168,0.0149,2041,0.217,0.7697,0.1036
ry=LOW + baa10y=WIDE + breakeven=LOW,False,MODERATE,323,0.013,0.6037,0.0049,323,0.0426,0.6718,0.0147,323,0.025,0.6749,-0.0884
breakeven=HIGH + t10y2y=LOW,False,ROBUST,837,0.0102,0.589,0.0021,832,0.0426,0.6851,0.0147,829,0.2392,0.9626,0.1258
t10y3m=LOW + usd=MID,False,ROBUST,389,0.0089,0.5758,0.0008,389,0.0423,0.7018,0.0144,389,0.2066,0.9769,0.0932
ry=MID + baa10y=MID + usd=STRONG,False,MODERATE,259,0.0214,0.6641,0.0133,259,0.0422,0.6641,0.0143,259,0.1614,1.0,0.048
ry=MID + baa10y=MID + breakeven=LOW,False,THIN,218,0.0244,0.7477,0.0163,218,0.042,0.7477,0.0141,218,0.193,0.8716,0.0796
ry=MID + baa10y=TIGHT + nominal_10y=LOW,False,THIN,44,0.0125,0.7273,0.0044,44,0.0416,1.0,0.0137,44,-0.0331,0.0909,-0.1465
nominal_10y=HIGH + hy_oas=WIDE,False,THIN,162,0.0147,0.7407,0.0066,159,0.0416,0.9371,0.0137,156,0.3794,1.0,0.266
ry=HIGH + baa10y=TIGHT + t10y2y=HIGH,False,THIN,31,0.0265,0.871,0.0184,31,0.0415,0.9677,0.0136,31,0.1047,1.0,-0.0087
baa10y=TIGHT + t10y2y=HIGH,False,THIN,31,0.0265,0.871,0.0184,31,0.0415,0.9677,0.0136,31,0.1047,1.0,-0.0087
nominal_10y=MID + se_10y=MID,False,ROBUST,1225,0.0122,0.6033,0.0041,1225,0.0411,0.72,0.0132,1148,0.183,0.8145,0.0696
nominal_10y=MID + t10y3m=LOW,False,MODERATE,557,0.016,0.6194,0.0079,557,0.0406,0.6804,0.0127,480,0.1895,0.9875,0.0761
ry=LOW + baa10y=TIGHT + breakeven=LOW,False,THIN,92,0.015,0.6196,0.0069,92,0.0406,0.9457,0.0127,92,0.05,0.5109,-0.0634
nominal_10y=HIGH + t10y3m=HIGH,False,MODERATE,531,0.0188,0.6535,0.0107,531,0.04,0.7721,0.0121,531,0.1165,0.9887,0.0031
ry=MID + usd=WEAK,False,MODERATE,835,0.0203,0.6455,0.0122,835,0.04,0.7066,0.0121,835,0.1422,0.7246,0.0288
ry=MID + baa10y=MID,False,ROBUST,790,0.0157,0.6443,0.0076,790,0.04,0.6924,0.0121,790,0.1334,0.7797,0.02
ry=MID + baa10y=MID + se_10y=LOW,False,MODERATE,237,0.0245,0.7426,0.0164,237,0.0397,0.7004,0.0118,237,0.1854,0.8776,0.072
ry=MID + baa10y=MID + t10y2y=HIGH,False,ROBUST,407,0.0097,0.6167,0.0016,407,0.0397,0.715,0.0118,407,0.0788,0.6364,-0.0346
nominal_10y=MID + usd=STRONG,False,MODERATE,601,0.007,0.5757,-0.0011,601,0.0395,0.6339,0.0116,524,0.1685,1.0,0.0551
ry=MID + baa10y=MID + t10y3m=LOW,False,ROBUST,269,0.0074,0.6059,-0.0007,269,0.0394,0.6431,0.0115,269,0.1887,0.9926,0.0753
nominal_10y=MID + t10y2y=HIGH,False,ROBUST,1258,0.0112,0.5954,0.0031,1258,0.0392,0.7154,0.0113,1258,0.1816,0.7917,0.0682
t10y3m=HIGH + se_10y=HIGH,False,MODERATE,1126,0.0151,0.6172,0.007,1126,0.039,0.7105,0.0111,1126,0.1329,0.9556,0.0195
ry=MID + baa10y=MID + se_10y=MID,False,ROBUST,428,0.0049,0.5584,-0.0032,428,0.039,0.6869,0.0111,428,0.1107,0.6986,-0.0027
ry=MID + t10y2y=HIGH,False,ROBUST,844,0.0132,0.6102,0.0051,844,0.0377,0.7275,0.0098,844,0.1749,0.7678,0.0615
ry=MID + baa10y=TIGHT + t10y2y=LOW,False,ROBUST,342,0.0009,0.5058,-0.0072,342,0.0372,0.7076,0.0093,342,0.2095,0.9357,0.0961
baa10y=WIDE + se_10y=LOW,False,MODERATE,630,0.0066,0.5651,-0.0015,630,0.0363,0.6016,0.0084,630,0.0134,0.5444,-0.1
breakeven=HIGH + baa10y=MID,False,ROBUST,440,0.0125,0.6136,0.0044,440,0.0363,0.6682,0.0084,440,0.1019,0.9114,-0.0115
ry=LOW + baa10y=TIGHT + t10y2y=LOW,False,THIN,80,0.0062,0.525,-0.0019,80,0.036,0.575,0.0081,80,0.1568,0.9625,0.0434
ry=MID + baa10y=WIDE + t10y2y=HIGH,False,ROBUST,437,0.021,0.6041,0.0129,437,0.0358,0.7391,0.0079,437,0.2324,0.8902,0.119
nominal_10y=MID + t10y3m=HIGH,False,ROBUST,1327,0.0124,0.6014,0.0043,1327,0.0358,0.6971,0.0079,1327,0.1665,0.7988,0.0531
breakeven=MID + t10y2y=MID,False,ROBUST,545,0.0154,0.644,0.0073,539,0.0358,0.6401,0.0079,429,-0.0122,0.4079,-0.1256
breakeven=HIGH + baa10y=TIGHT,False,ROBUST,1179,0.0115,0.598,0.0034,1142,0.0357,0.704,0.0078,1053,0.2356,0.8813,0.1222
baa10y=MID + se_10y=HIGH,False,ROBUST,556,0.0158,0.6403,0.0077,556,0.0357,0.6888,0.0078,556,0.0918,0.9245,-0.0216
nominal_10y=MID + baa10y=WIDE,False,ROBUST,880,0.0143,0.5955,0.0062,880,0.0356,0.6784,0.0077,880,0.2,0.8875,0.0866
baa10y=WIDE + usd=MID,False,MODERATE,477,0.011,0.587,0.0029,477,0.0355,0.6771,0.0076,477,0.1577,0.8595,0.0443
ry=LOW + baa10y=WIDE + t10y2y=MID,False,MODERATE,384,0.0057,0.5651,-0.0024,384,0.0355,0.612,0.0076,384,-0.0829,0.2891,-0.1963
ry=LOW + baa10y=WIDE + se_10y=LOW,False,MODERATE,466,0.0039,0.5472,-0.0042,466,0.0352,0.6073,0.0073,466,-0.0448,0.3841,-0.1582
nominal_10y=MID + usd=WEAK,False,MODERATE,976,0.0136,0.6137,0.0055,976,0.0345,0.6701,0.0066,976,0.1131,0.6844,-0.0003
ry=MID + baa10y=MID + t10y3m=HIGH,False,ROBUST,431,0.0124,0.6381,0.0043,431,0.0344,0.7053,0.0065,431,0.0841,0.6404,-0.0293
ry=HIGH + baa10y=TIGHT + t10y3m=HIGH,False,THIN,40,0.0168,0.75,0.0087,40,0.0343,0.75,0.0064,40,0.1072,1.0,-0.0062
ry=MID + t10y2y=LOW,False,ROBUST,632,0.0035,0.5411,-0.0046,632,0.0341,0.6582,0.0062,632,0.1933,0.9652,0.0799
ry=LOW + usd=STRONG,False,MODERATE,600,0.0021,0.53,-0.006,600,0.034,0.6333,0.0061,600,0.0732,0.7933,-0.0402
ry=LOW + t10y2y=LOW,False,THIN,370,0.0017,0.5378,-0.0064,370,0.0338,0.5811,0.0059,370,0.1624,0.8973,0.049
t10y2y=LOW + se_10y=LOW,False,THIN,641,0.0028,0.5351,-0.0053,641,0.0335,0.6365,0.0056,641,0.2016,0.9064,0.0882
nominal_10y=MID + se_10y=HIGH,False,MODERATE,712,0.014,0.6025,0.0059,712,0.0335,0.6236,0.0056,712,0.1512,0.8736,0.0378
baa10y=MID + usd=WEAK,False,MODERATE,568,0.0096,0.5845,0.0015,568,0.0332,0.6849,0.0053,568,-0.011,0.4736,-0.1244
t10y3m=HIGH + t10y2y=HIGH,False,ROBUST,2046,0.0107,0.5826,0.0026,2046,0.0332,0.6994,0.0053,2046,0.1279,0.7766,0.0145
breakeven=LOW,False,ROBUST,2071,0.0089,0.5775,0.0008,2071,0.0331,0.6649,0.0052,2071,0.0956,0.7576,-0.0178
ry=MID + baa10y=MID + nominal_10y=MID,False,ROBUST,665,0.0117,0.6195,0.0036,665,0.0329,0.6647,0.005,665,0.1369,0.7774,0.0235
breakeven=HIGH + t10y2y=HIGH,False,ROBUST,408,0.0062,0.5662,-0.0019,408,0.0328,0.6422,0.0049,408,0.0862,0.723,-0.0272
baa10y=WIDE + t10y3m=HIGH,False,ROBUST,1341,0.0144,0.5906,0.0063,1341,0.0327,0.6793,0.0048,1341,0.1784,0.9001,0.065
nominal_10y=MID + baa10y=TIGHT,False,ROBUST,599,0.0016,0.5175,-0.0065,599,0.0327,0.6377,0.0048,522,0.2079,0.8218,0.0945
breakeven=HIGH + hy_oas=WIDE,False,THIN,78,0.0105,0.6667,0.0024,78,0.0321,0.9359,0.0042,75,0.3732,1.0,0.2598
baa10y=WIDE + t10y2y=LOW,False,ROBUST,78,-0.001,0.4872,-0.0091,78,0.0321,0.6154,0.0042,78,0.0548,0.9872,-0.0586
ry=MID + t10y3m=HIGH,False,ROBUST,976,0.0152,0.6178,0.0071,976,0.0321,0.6895,0.0042,976,0.159,0.7869,0.0456
ry=MID + baa10y=MID + t10y2y=LOW,False,THIN,290,0.0065,0.5828,-0.0016,290,0.0321,0.6,0.0042,290,0.1857,1.0,0.0723
ry=MID + baa10y=WIDE + t10y3m=HIGH,False,ROBUST,541,0.0172,0.6007,0.0091,541,0.0319,0.6821,0.004,541,0.1998,0.902,0.0864
nominal_10y=HIGH + baa10y=MID,False,ROBUST,379,0.0113,0.5989,0.0032,379,0.0317,0.7071,0.0038,379,0.0866,0.9472,-0.0268
breakeven=HIGH + t10y3m=HIGH,False,ROBUST,420,0.0169,0.6429,0.0088,420,0.0308,0.6667,0.0029,420,0.0978,0.8905,-0.0156
se_10y=HIGH,False,ROBUST,2140,0.0135,0.6019,0.0054,2140,0.0306,0.6654,0.0027,2140,0.1483,0.9383,0.0349
ry=MID,False,ROBUST,2040,0.0099,0.5926,0.0018,2040,0.0304,0.6475,0.0025,2028,0.1536,0.8082,0.0402
ry=MID + baa10y=WIDE + usd=WEAK,False,MODERATE,452,0.0258,0.6482,0.0177,452,0.0304,0.6261,0.0025,452,0.1809,0.8186,0.0675
ry=MID + baa10y=WIDE,False,ROBUST,691,0.0202,0.6223,0.0121,691,0.0303,0.6339,0.0024,691,0.1613,0.8813,0.0479
nominal_10y=MID,False,ROBUST,2322,0.0082,0.5715,0.0001,2322,0.0301,0.6404,0.0022,2245,0.1623,0.8192,0.0489
t10y3m=LOW + se_10y=HIGH,False,MODERATE,649,0.0107,0.5778,0.0026,649,0.0301,0.6394,0.0022,649,0.1761,0.9507,0.0627
baa10y=WIDE + se_10y=HIGH,False,ROBUST,940,0.0122,0.584,0.0041,940,0.03,0.6596,0.0021,940,0.1531,0.9266,0.0397
nominal_10y=HIGH + se_10y=HIGH,False,MODERATE,1428,0.0131,0.6015,0.005,1428,0.03,0.6863,0.0021,1428,0.1473,0.9706,0.0339
breakeven=MID + se_10y=MID,True,ROBUST,1259,0.0079,0.5743,-0.0002,1253,0.0299,0.6616,0.002,1141,0.1712,0.6819,0.0578
t10y3m=HIGH + se_10y=MID,False,ROBUST,897,0.0164,0.6154,0.0083,897,0.0296,0.709,0.0017,897,0.1478,0.66,0.0344
baa10y=TIGHT + se_10y=HIGH,False,THIN,644,0.0117,0.5947,0.0036,644,0.0288,0.6537,0.0009,644,0.2547,0.9674,0.1413
t10y2y=LOW + usd=MID,False,ROBUST,519,0.0011,0.5067,-0.007,519,0.0286,0.6513,0.0007,519,0.1995,0.9326,0.0861
t10y3m=HIGH,False,ROBUST,2300,0.0117,0.5896,0.0036,2300,0.0284,0.6683,0.0005,2300,0.1225,0.7874,0.0091
ry=MID + nominal_10y=MID,False,ROBUST,1594,0.0089,0.5809,0.0008,1594,0.0284,0.6361,0.0005,1582,0.1576,0.7958,0.0442
breakeven=MID,True,ROBUST,2152,0.0079,0.5734,-0.0002,2146,0.028,0.6347,0.0001,2034,0.1021,0.6421,-0.0113
ry=LOW + baa10y=MID + t10y3m=LOW,False,THIN,241,-0.0023,0.4813,-0.0104,241,0.0279,0.5768,0.0,241,0.2494,0.7801,0.136
nominal_10y=LOW + baa10y=TIGHT,False,THIN,381,0.0123,0.622,0.0042,381,0.0279,0.7165,0.0,381,-0.0166,0.4121,-0.13
ry=MID + hy_oas=WIDE,False,THIN,50,-0.0044,0.46,-0.0125,50,0.0277,0.68,-0.0002,50,0.2564,1.0,0.143
ry=MID + baa10y=TIGHT + hy_oas=WIDE,False,THIN,50,-0.0044,0.46,-0.0125,50,0.0277,0.68,-0.0002,50,0.2564,1.0,0.143
t10y2y=HIGH + usd=MID,False,ROBUST,272,0.0019,0.511,-0.0062,272,0.0275,0.6985,-0.0004,272,0.2066,0.7941,0.0932
t10y3m=MID + usd=STRONG,False,ROBUST,350,0.0036,0.5257,-0.0045,328,0.0274,0.6037,-0.0005,328,0.0644,0.8323,-0.049
ry=MID + baa10y=WIDE + nominal_10y=MID,False,ROBUST,499,0.0195,0.6092,0.0114,499,0.0272,0.6333,-0.0007,499,0.1843,0.8357,0.0709
nominal_10y=HIGH + baa10y=WIDE,False,MODERATE,424,0.0175,0.6274,0.0094,424,0.0272,0.717,-0.0007,424,0.1474,0.9976,0.034
baa10y=TIGHT + t10y3m=HIGH,False,ROBUST,45,0.0164,0.7333,0.0083,45,0.0271,0.6667,-0.0008,45,0.1072,1.0,-0.0062
ry=LOW + baa10y=WIDE + usd=MID,False,THIN,149,0.0006,0.5168,-0.0075,149,0.0265,0.604,-0.0014,149,0.0076,0.5503,-0.1058
ry=LOW + baa10y=TIGHT + nominal_10y=LOW,False,THIN,337,0.0121,0.6083,0.004,337,0.0256,0.6795,-0.0023,337,-0.0084,0.454,-0.1218
baa10y=MID + t10y2y=HIGH,False,ROBUST,844,0.0056,0.5604,-0.0025,844,0.0255,0.6611,-0.0024,844,0.0531,0.5983,-0.0603
t10y2y=HIGH,False,ROBUST,2306,0.0068,0.5499,-0.0013,2306,0.0253,0.6409,-0.0026,2306,0.1074,0.7199,-0.006
nominal_10y=HIGH + t10y3m=MID,False,ROBUST,346,0.0045,0.5636,-0.0036,324,0.0247,0.713,-0.0032,324,0.2057,0.9691,0.0923
baa10y=WIDE + t10y2y=HIGH,False,ROBUST,1431,0.0063,0.5367,-0.0018,1431,0.0241,0.6219,-0.0038,1431,0.1549,0.7855,0.0415
baa10y=WIDE,False,ROBUST,2285,0.0094,0.5659,0.0013,2285,0.0241,0.6109,-0.0038,2285,0.1021,0.7309,-0.0113
t10y3m=HIGH + usd=WEAK,False,MODERATE,1088,0.009,0.5754,0.0009,1088,0.024,0.6324,-0.0039,1088,0.0702,0.6268,-0.0432
nominal_10y=LOW + breakeven=LOW,False,ROBUST,1451,0.005,0.5562,-0.0031,1451,0.0239,0.6092,-0.004,1451,0.0392,0.6554,-0.0742
nominal_10y=HIGH + t10y2y=MID,False,ROBUST,551,0.0102,0.5935,0.0021,513,0.0239,0.6881,-0.004,394,0.1743,0.9492,0.0609
ry=MID + baa10y=TIGHT + hy_oas=MID,False,THIN,22,0.0411,0.8636,0.033,22,0.0237,0.6364,-0.0042,18,0.418,1.0,0.3046
ry=MID + hy_oas=MID,False,THIN,22,0.0411,0.8636,0.033,22,0.0237,0.6364,-0.0042,18,0.418,1.0,0.3046
baa10y=WIDE + t10y2y=MID,False,ROBUST,776,0.0142,0.6276,0.0061,776,0.0235,0.5902,-0.0044,776,0.0315,0.6044,-0.0819
breakeven=LOW + se_10y=LOW,False,MODERATE,1434,0.0043,0.5551,-0.0038,1434,0.0232,0.6067,-0.0047,1434,0.0449,0.6632,-0.0685
ry=MID + baa10y=MID + breakeven=MID,False,ROBUST,349,0.0039,0.5501,-0.0042,349,0.0231,0.6132,-0.0048,349,0.0805,0.6103,-0.0329
nominal_10y=MID + t10y2y=LOW,False,MODERATE,728,-0.0,0.5,-0.0081,728,0.0224,0.603,-0.0055,728,0.1865,0.9698,0.0731
breakeven=HIGH,False,ROBUST,1917,0.0063,0.5566,-0.0018,1880,0.0223,0.6032,-0.0056,1791,0.1158,0.7856,0.0024
ry=LOW + baa10y=TIGHT + se_10y=LOW,False,THIN,353,0.0095,0.5807,0.0014,353,0.0222,0.6487,-0.0057,353,-0.0037,0.4788,-0.1171
baa10y=MID + t10y3m=HIGH,False,ROBUST,914,0.0083,0.581,0.0002,914,0.0218,0.6521,-0.0061,914,0.0627,0.6116,-0.0507
t10y2y=LOW + se_10y=HIGH,False,MODERATE,585,0.0102,0.5675,0.0021,585,0.0218,0.6154,-0.0061,585,0.2134,0.9726,0.1
ry=MID + breakeven=HIGH,False,ROBUST,488,0.0088,0.5758,0.0007,488,0.0218,0.6168,-0.0061,481,0.1454,0.8981,0.032
ry=MID + baa10y=WIDE + usd=MID,False,MODERATE,205,0.0086,0.5561,0.0005,205,0.0216,0.5951,-0.0063,205,0.1605,1.0,0.0471
ry=LOW + baa10y=TIGHT,False,THIN,356,0.0089,0.5758,0.0008,356,0.0208,0.6433,-0.0071,356,-0.0034,0.4831,-0.1168
t10y3m=HIGH + usd=MID,False,MODERATE,394,0.0084,0.5508,0.0003,394,0.0207,0.6447,-0.0072,394,0.177,0.8173,0.0636
baa10y=TIGHT + t10y2y=MID,False,ROBUST,840,0.0066,0.5655,-0.0015,802,0.0207,0.6185,-0.0072,606,0.0006,0.5,-0.1128
ry=MID + se_10y=LOW,False,MODERATE,661,0.0075,0.5734,-0.0006,661,0.0204,0.5976,-0.0075,661,0.1225,0.7549,0.0091
ry=LOW + baa10y=TIGHT + t10y2y=MID,False,THIN,276,0.0093,0.5906,0.0012,276,0.0201,0.663,-0.0078,276,-0.0237,0.3442,-0.1371
baa10y=MID + se_10y=MID,False,ROBUST,542,0.0022,0.5314,-0.0059,542,0.02,0.6162,-0.0079,542,0.0675,0.6107,-0.0459
baa10y=MID + usd=STRONG,False,MODERATE,634,0.0019,0.5315,-0.0062,634,0.0194,0.5726,-0.0085,634,0.1329,0.8659,0.0195
ry=HIGH + baa10y=WIDE + t10y2y=MID,False,THIN,33,0.0261,0.6667,0.018,33,0.0191,0.5455,-0.0088,33,0.2395,1.0,0.1261
nominal_10y=MID + baa10y=MID,False,ROBUST,843,0.0081,0.5848,0.0,843,0.019,0.6026,-0.0089,843,0.1047,0.7461,-0.0087
ry=MID + baa10y=TIGHT + breakeven=HIGH,False,ROBUST,157,0.0016,0.5223,-0.0065,157,0.0185,0.6306,-0.0094,150,0.2812,1.0,0.1678
ry=MID + baa10y=TIGHT,False,ROBUST,559,-0.0017,0.483,-0.0098,559,0.0184,0.6011,-0.0095,547,0.1634,0.7569,0.05
ry=MID + baa10y=TIGHT + nominal_10y=MID,False,ROBUST,430,-0.0013,0.4884,-0.0094,430,0.0182,0.5953,-0.0097,418,0.1629,0.7775,0.0495
nominal_10y=MID + breakeven=HIGH,False,ROBUST,495,0.0065,0.5535,-0.0016,495,0.0177,0.5798,-0.0102,480,0.1011,0.8917,-0.0123
t10y2y=HIGH + se_10y=MID,False,MODERATE,1069,0.0061,0.5491,-0.002,1069,0.0163,0.6043,-0.0116,1069,0.0414,0.5659,-0.072
hy_oas=WIDE + t10y2y=MID,False,THIN,34,-0.0046,0.4412,-0.0127,31,0.0157,0.7419,-0.0122,29,0.3916,1.0,0.2782
nominal_10y=MID + breakeven=MID,False,ROBUST,1151,0.0038,0.5413,-0.0043,1151,0.0149,0.5725,-0.013,1089,0.1104,0.6768,-0.003
baa10y=TIGHT + t10y3m=MID,False,ROBUST,825,-0.0018,0.4776,-0.0099,803,0.0149,0.5903,-0.013,803,0.0386,0.604,-0.0748
breakeven=HIGH + se_10y=HIGH,False,MODERATE,844,0.0071,0.5509,-0.001,844,0.0148,0.5841,-0.0131,844,0.1361,0.9194,0.0227
breakeven=MID + baa10y=MID,False,ROBUST,714,0.0025,0.5308,-0.0056,714,0.0141,0.5784,-0.0138,714,0.0358,0.5658,-0.0776
nominal_10y=LOW + se_10y=LOW,False,ROBUST,1932,0.0028,0.528,-0.0053,1932,0.014,0.5637,-0.0139,1932,0.0054,0.5264,-0.108
breakeven=HIGH + usd=MID,False,ROBUST,379,0.0074,0.5541,-0.0007,379,0.014,0.6016,-0.0139,379,0.072,0.7388,-0.0414
baa10y=TIGHT + usd=MID,False,ROBUST,781,0.0011,0.5109,-0.007,781,0.014,0.6044,-0.0139,781,0.0472,0.6108,-0.0662
ry=LOW + baa10y=TIGHT + t10y3m=MID,False,THIN,309,0.0046,0.5437,-0.0035,309,0.0137,0.5922,-0.0142,309,-0.0174,0.4045,-0.1308
t10y2y=MID,False,ROBUST,2312,0.0069,0.5666,-0.0012,2274,0.0131,0.566,-0.0148,2078,0.0205,0.5679,-0.0929
baa10y=TIGHT + se_10y=LOW,False,THIN,613,0.0002,0.5008,-0.0079,613,0.0131,0.5905,-0.0148,613,-0.0025,0.4829,-0.1159
usd=WEAK,False,MODERATE,1798,0.0055,0.5445,-0.0026,1798,0.013,0.5539,-0.0149,1798,0.0213,0.5323,-0.0921
baa10y=MID + t10y3m=LOW,False,ROBUST,609,0.0022,0.5353,-0.0059,609,0.013,0.5649,-0.0149,609,0.1785,0.9015,0.0651
ry=MID + breakeven=MID,False,ROBUST,887,0.002,0.5231,-0.0061,887,0.0122,0.566,-0.0157,882,0.117,0.6905,0.0036
ry=LOW + baa10y=TIGHT + breakeven=HIGH,False,THIN,213,0.0076,0.5587,-0.0005,213,0.0121,0.5634,-0.0158,213,0.0,0.4977,-0.1134
t10y2y=HIGH + usd=WEAK,False,MODERATE,1259,0.0024,0.521,-0.0057,1259,0.012,0.5639,-0.0159,1259,0.0238,0.5401,-0.0896
t10y3m=MID + se_10y=HIGH,False,MODERATE,365,0.012,0.5973,0.0039,365,0.0119,0.5726,-0.016,365,0.169,0.863,0.0556
breakeven=LOW + usd=MID,False,ROBUST,1045,0.0027,0.5254,-0.0054,1045,0.0118,0.5627,-0.0161,1045,0.0298,0.6278,-0.0836
baa10y=WIDE + se_10y=MID,False,MODERATE,715,0.0062,0.5427,-0.0019,715,0.0111,0.5552,-0.0168,715,0.1076,0.6378,-0.0058
se_10y=MID + usd=WEAK,False,THIN,952,0.0043,0.5378,-0.0038,952,0.011,0.5693,-0.0169,952,0.0024,0.5063,-0.111
ry=LOW + baa10y=TIGHT + usd=MID,False,THIN,227,0.0045,0.5507,-0.0036,227,0.011,0.5815,-0.0169,227,-0.0288,0.2863,-0.1422
nominal_10y=LOW + t10y2y=MID,False,ROBUST,1425,0.0037,0.5396,-0.0044,1425,0.0106,0.5516,-0.0173,1425,-0.006,0.4695,-0.1194
ry=MID + baa10y=WIDE + breakeven=MID,False,MODERATE,184,0.0164,0.6467,0.0083,184,0.01,0.538,-0.0179,184,0.1426,0.7663,0.0292
baa10y=MID,False,ROBUST,2172,0.0031,0.5341,-0.005,2172,0.01,0.5645,-0.0179,2172,0.068,0.6929,-0.0454
breakeven=MID + usd=WEAK,False,MODERATE,938,0.005,0.548,-0.0031,938,0.01,0.5608,-0.0179,938,-0.0333,0.3923,-0.1467
usd=MID,False,ROBUST,1799,0.0011,0.5114,-0.007,1799,0.01,0.5614,-0.0179,1799,0.0432,0.6454,-0.0702
breakeven=LOW + t10y2y=MID,False,ROBUST,944,0.0042,0.5466,-0.0039,944,0.0099,0.5498,-0.018,944,0.0141,0.572,-0.0993
ry=LOW + baa10y=MID + t10y2y=LOW,False,THIN,256,0.0004,0.5039,-0.0077,256,0.0099,0.5273,-0.018,256,0.2426,0.8633,0.1292
ry=MID + baa10y=MID + usd=MID,False,THIN,105,0.0081,0.5905,0.0,105,0.0098,0.5714,-0.0181,105,0.1796,0.7714,0.0662
t10y3m=MID + t10y2y=LOW,False,ROBUST,358,-0.0074,0.4246,-0.0155,353,0.0097,0.5439,-0.0182,353,0.2002,0.8782,0.0868
ry=MID + t10y3m=MID,False,ROBUST,613,0.0028,0.5237,-0.0053,613,0.0093,0.5416,-0.0186,613,0.0834,0.7145,-0.03
ry=LOW + breakeven=LOW,False,ROBUST,1071,-0.0001,0.4995,-0.0082,1071,0.0091,0.5518,-0.0188,1071,0.0205,0.5938,-0.0929
t10y2y=MID + se_10y=HIGH,False,MODERATE,517,0.014,0.6344,0.0059,517,0.0091,0.5706,-0.0188,517,0.1416,0.8627,0.0282
breakeven=LOW + t10y3m=MID,False,ROBUST,784,0.0031,0.5293,-0.005,784,0.0084,0.5395,-0.0195,784,0.0078,0.5472,-0.1056
t10y3m=MID + t10y2y=MID,False,ROBUST,1639,0.0033,0.5339,-0.0048,1622,0.0078,0.5432,-0.0201,1622,0.0015,0.508,-0.1119
breakeven=MID + t10y3m=HIGH,False,ROBUST,756,0.0022,0.5265,-0.0059,756,0.0073,0.5503,-0.0206,756,0.0118,0.5172,-0.1016
se_10y=LOW,False,ROBUST,2317,0.0009,0.5088,-0.0072,2317,0.0073,0.5395,-0.0206,2317,0.0192,0.5606,-0.0942
baa10y=MID + t10y2y=LOW,False,ROBUST,632,0.0022,0.5364,-0.0059,632,0.007,0.5301,-0.0209,632,0.1718,0.9367,0.0584
nominal_10y=LOW,False,ROBUST,2312,0.0011,0.5104,-0.007,2312,0.0052,0.5268,-0.0227,2312,-0.0014,0.4931,-0.1148
ry=MID + t10y2y=MID,False,ROBUST,564,0.0136,0.6241,0.0055,564,0.0051,0.516,-0.0228,552,0.0751,0.6902,-0.0383
t10y2y=MID + se_10y=LOW,False,ROBUST,1477,0.0031,0.5301,-0.005,1477,0.005,0.5274,-0.0229,1477,-0.0098,0.4441,-0.1232
ry=MID + usd=MID,False,MODERATE,550,-0.0012,0.4836,-0.0093,550,0.0049,0.5364,-0.023,550,0.1148,0.7145,0.0014
breakeven=LOW + baa10y=MID,False,ROBUST,899,0.0014,0.5172,-0.0067,899,0.0039,0.5284,-0.024,899,0.0494,0.6518,-0.064
nominal_10y=LOW + usd=MID,False,ROBUST,1090,0.0015,0.5138,-0.0066,1090,0.0036,0.5239,-0.0243,1090,0.0012,0.5083,-0.1122
ry=MID + baa10y=TIGHT + breakeven=MID,False,ROBUST,354,-0.0052,0.4322,-0.0133,354,0.0032,0.5339,-0.0247,349,0.1473,0.7307,0.0339
nominal_10y=MID + usd=MID,False,MODERATE,395,-0.0056,0.4456,-0.0137,395,0.003,0.5367,-0.0249,395,0.2074,0.7646,0.094
ry=LOW + se_10y=LOW,False,ROBUST,1656,-0.0017,0.4831,-0.0098,1656,0.0029,0.5163,-0.025,1656,-0.0038,0.4831,-0.1172
ry=MID + baa10y=TIGHT + t10y3m=MID,False,ROBUST,377,-0.007,0.3952,-0.0151,377,0.002,0.5225,-0.0259,377,0.1506,0.6472,0.0372
t10y3m=MID + se_10y=LOW,False,ROBUST,1520,-0.0002,0.4967,-0.0083,1520,0.0017,0.5112,-0.0262,1520,-0.0058,0.4638,-0.1192
breakeven=MID + t10y3m=MID,False,ROBUST,633,-0.0025,0.4818,-0.0106,632,0.0015,0.5174,-0.0264,632,-0.0107,0.4399,-0.1241
ry=LOW + baa10y=MID + usd=STRONG,False,MODERATE,372,-0.0048,0.4355,-0.0129,372,0.0015,0.5054,-0.0264,372,0.0896,0.7715,-0.0238
breakeven=MID + usd=MID,False,ROBUST,375,-0.0061,0.4293,-0.0142,375,0.0011,0.5173,-0.0268,375,0.0893,0.6,-0.0241
nominal_10y=LOW + baa10y=WIDE,False,ROBUST,981,0.0013,0.5127,-0.0068,981,0.001,0.5046,-0.0269,981,-0.0068,0.475,-0.1202
ry=MID + baa10y=TIGHT + se_10y=LOW,False,THIN,260,-0.0061,0.3923,-0.0142,260,0.0007,0.5115,-0.0272,260,-0.001,0.4885,-0.1144
ry=LOW + t10y2y=MID,False,ROBUST,1165,-0.001,0.4918,-0.0091,1165,0.0006,0.5047,-0.0273,1165,-0.0235,0.3957,-0.1369
t10y3m=MID,False,ROBUST,2257,-0.0013,0.4887,-0.0094,2235,0.0002,0.5011,-0.0277,2235,0.0132,0.5391,-0.1002
t10y2y=MID + usd=WEAK,False,MODERATE,405,0.014,0.6025,0.0059,405,-0.0003,0.4938,-0.0282,405,-0.0645,0.3556,-0.1779
breakeven=MID + se_10y=LOW,False,ROBUST,507,-0.0062,0.426,-0.0143,507,-0.0003,0.4911,-0.0282,507,-0.0148,0.3945,-0.1282
breakeven=MID + t10y2y=HIGH,False,MODERATE,840,-0.0021,0.4869,-0.0102,840,-0.0006,0.4964,-0.0285,840,-0.0138,0.4619,-0.1272
breakeven=MID + baa10y=WIDE,False,MODERATE,472,0.0044,0.5403,-0.0037,472,-0.0022,0.4852,-0.0301,472,-0.0359,0.3877,-0.1493
breakeven=HIGH + t10y2y=MID,False,ROBUST,672,0.0018,0.5104,-0.0063,640,-0.003,0.4719,-0.0309,554,0.0239,0.5668,-0.0895
baa10y=MID + t10y2y=MID,False,ROBUST,696,0.0,0.5,-0.0081,696,-0.0032,0.4784,-0.0311,696,0.0187,0.5862,-0.0947
se_10y=LOW + usd=MID,False,MODERATE,1301,-0.002,0.4719,-0.0101,1301,-0.0034,0.4812,-0.0313,1301,0.0026,0.5165,-0.1108
nominal_10y=LOW + t10y3m=MID,False,ROBUST,1473,-0.001,0.4915,-0.0091,1473,-0.0036,0.4793,-0.0315,1473,-0.0236,0.3978,-0.137
t10y2y=MID + usd=MID,False,ROBUST,1008,0.0011,0.5139,-0.007,1008,-0.0038,0.4782,-0.0317,1008,-0.0053,0.4573,-0.1187
ry=LOW + nominal_10y=LOW,False,ROBUST,1930,-0.0033,0.4694,-0.0114,1930,-0.0038,0.4782,-0.0317,1930,-0.021,0.4269,-0.1344
ry=LOW + baa10y=WIDE + breakeven=MID,False,THIN,280,-0.0027,0.4857,-0.0108,280,-0.0042,0.4607,-0.0321,280,-0.0918,0.1214,-0.2052
ry=MID + se_10y=HIGH,False,MODERATE,419,0.009,0.5728,0.0009,419,-0.0042,0.4749,-0.0321,419,0.1151,0.7995,0.0017
t10y3m=MID + usd=MID,False,ROBUST,1016,-0.0023,0.4715,-0.0104,1016,-0.0044,0.4754,-0.0323,1016,-0.0061,0.4518,-0.1195
ry=LOW + usd=MID,False,MODERATE,812,-0.0027,0.4692,-0.0108,812,-0.0052,0.4643,-0.0331,812,-0.0147,0.4187,-0.1281
baa10y=MID + se_10y=LOW,False,MODERATE,1074,-0.0019,0.4804,-0.01,1074,-0.0053,0.4739,-0.0332,1074,0.0402,0.6145,-0.0732
nominal_10y=LOW + baa10y=MID,False,MODERATE,950,-0.0036,0.4632,-0.0117,950,-0.0055,0.4737,-0.0334,950,0.012,0.5442,-0.1014
baa10y=WIDE + usd=WEAK,False,MODERATE,1074,0.0024,0.513,-0.0057,1074,-0.0067,0.4646,-0.0346,1074,0.0019,0.5065,-0.1115
ry=MID + nominal_10y=HIGH,False,ROBUST,93,-0.014,0.3656,-0.0221,93,-0.0072,0.4409,-0.0351,93,0.2808,1.0,0.1674
ry=MID + baa10y=TIGHT + nominal_10y=HIGH,False,THIN,85,-0.0154,0.3294,-0.0235,85,-0.0079,0.4235,-0.0358,85,0.2925,1.0,0.1791
ry=LOW,False,ROBUST,2088,-0.0039,0.4607,-0.012,2088,-0.0079,0.4588,-0.0358,2088,-0.0188,0.4334,-0.1322
nominal_10y=LOW + t10y3m=HIGH,False,MODERATE,442,-0.0026,0.4774,-0.0107,442,-0.0087,0.457,-0.0366,442,0.0126,0.5113,-0.1008
nominal_10y=LOW + breakeven=MID,False,ROBUST,463,-0.0103,0.4298,-0.0184,463,-0.009,0.4579,-0.0369,463,-0.0689,0.2073,-0.1823
ry=MID + baa10y=TIGHT + t10y2y=MID,False,ROBUST,217,-0.0029,0.447,-0.011,217,-0.0101,0.4332,-0.038,205,-0.0033,0.4585,-0.1167
ry=MID + baa10y=TIGHT + usd=MID,False,THIN,240,-0.0086,0.375,-0.0167,240,-0.0102,0.4708,-0.0381,240,-0.004,0.4458,-0.1174
ry=LOW + baa10y=TIGHT + breakeven=MID,False,THIN,51,0.0046,0.5686,-0.0035,51,-0.0102,0.4314,-0.0381,51,-0.0218,0.3725,-0.1352
ry=LOW + breakeven=MID,False,ROBUST,541,-0.0093,0.4418,-0.0174,541,-0.0103,0.4362,-0.0382,541,-0.0717,0.1867,-0.1851
baa10y=WIDE + t10y3m=MID,False,ROBUST,783,0.0019,0.5185,-0.0062,783,-0.0112,0.4598,-0.0391,783,-0.0336,0.4125,-0.147
ry=LOW + baa10y=WIDE + nominal_10y=LOW,False,MODERATE,762,-0.0044,0.4633,-0.0125,762,-0.0115,0.4514,-0.0394,762,-0.0567,0.3241,-0.1701
ry=LOW + baa10y=MID + breakeven=LOW,False,MODERATE,656,-0.0056,0.4314,-0.0137,656,-0.0116,0.4375,-0.0395,656,0.0173,0.5655,-0.0961
nominal_10y=MID + t10y2y=MID,False,ROBUST,336,0.0205,0.6369,0.0124,336,-0.0122,0.4405,-0.0401,259,0.0105,0.529,-0.1029
ry=LOW + baa10y=WIDE,False,MODERATE,784,-0.0034,0.4732,-0.0115,784,-0.0124,0.4452,-0.0403,784,-0.0561,0.3214,-0.1695
t10y3m=HIGH + t10y2y=MID,False,ROBUST,248,0.0215,0.6573,0.0134,248,-0.0128,0.4274,-0.0407,248,0.1025,0.871,-0.0109
baa10y=MID + t10y3m=MID,False,ROBUST,649,-0.0029,0.4669,-0.011,649,-0.013,0.4407,-0.0409,649,0.0237,0.6117,-0.0897
baa10y=MID + usd=MID,False,MODERATE,541,-0.006,0.4455,-0.0141,541,-0.015,0.3974,-0.0429,541,0.0011,0.5065,-0.1123
nominal_10y=MID + se_10y=LOW,False,MODERATE,385,-0.0069,0.413,-0.015,385,-0.015,0.4182,-0.0429,385,0.1345,0.7325,0.0211
ry=LOW + t10y3m=MID,False,ROBUST,1344,-0.0058,0.4405,-0.0139,1344,-0.0152,0.4152,-0.0431,1344,-0.0291,0.3735,-0.1425
breakeven=HIGH + usd=WEAK,False,MODERATE,552,-0.0039,0.4656,-0.012,552,-0.0164,0.4275,-0.0443,552,0.0351,0.5543,-0.0783
ry=LOW + baa10y=MID + nominal_10y=LOW,False,MODERATE,831,-0.0078,0.4188,-0.0159,831,-0.0172,0.4212,-0.0451,831,0.002,0.5102,-0.1114
ry=LOW + baa10y=MID + t10y3m=HIGH,False,MODERATE,216,-0.0134,0.375,-0.0215,216,-0.0181,0.3935,-0.046,216,-0.0825,0.1157,-0.1959
ry=LOW + baa10y=MID + se_10y=LOW,False,MODERATE,837,-0.0089,0.4062,-0.017,837,-0.0186,0.4098,-0.0465,837,0.0096,0.54,-0.1038
ry=LOW + t10y3m=HIGH,False,ROBUST,369,-0.0099,0.4092,-0.018,369,-0.0186,0.355,-0.0465,369,-0.0609,0.2629,-0.1743
ry=MID + baa10y=TIGHT + se_10y=HIGH,False,THIN,75,-0.0177,0.3333,-0.0258,75,-0.019,0.2667,-0.0469,75,0.2808,1.0,0.1674
breakeven=HIGH + t10y3m=MID,False,ROBUST,715,-0.008,0.421,-0.0161,694,-0.0193,0.3876,-0.0472,694,0.0135,0.5375,-0.0999
ry=LOW + baa10y=WIDE + t10y3m=HIGH,False,THIN,152,-0.0045,0.4605,-0.0126,152,-0.0193,0.3026,-0.0472,152,-0.0056,0.4671,-0.119
nominal_10y=MID + t10y3m=MID,False,ROBUST,438,-0.0061,0.4201,-0.0142,438,-0.0195,0.4178,-0.0474,438,0.0625,0.6963,-0.0509
ry=LOW + baa10y=MID,False,MODERATE,948,-0.0092,0.4072,-0.0173,948,-0.0199,0.4008,-0.0478,948,0.0014,0.5074,-0.112
ry=MID + baa10y=WIDE + se_10y=HIGH,False,MODERATE,219,0.0071,0.5525,-0.001,219,-0.0204,0.4201,-0.0483,219,0.0456,0.6895,-0.0678
ry=LOW + baa10y=MID + t10y2y=HIGH,False,MODERATE,187,-0.0157,0.3422,-0.0238,187,-0.0227,0.4011,-0.0506,187,-0.086,0.0267,-0.1994
ry=MID + baa10y=WIDE + t10y3m=MID,False,ROBUST,146,0.0291,0.6918,0.021,146,-0.0242,0.4452,-0.0521,146,0.0701,0.8288,-0.0433
ry=LOW + baa10y=WIDE + t10y3m=MID,False,MODERATE,544,-0.0078,0.432,-0.0159,544,-0.0246,0.4026,-0.0525,544,-0.106,0.2004,-0.2194
ry=MID + baa10y=WIDE + t10y2y=MID,False,ROBUST,254,0.0199,0.6535,0.0118,254,-0.0261,0.4528,-0.054,254,0.0884,0.8661,-0.025
breakeven=HIGH + se_10y=LOW,False,MODERATE,376,-0.0062,0.4441,-0.0143,376,-0.0269,0.3484,-0.0548,376,-0.0259,0.3936,-0.1393
ry=LOW + baa10y=MID + breakeven=MID,False,MODERATE,210,-0.0163,0.3524,-0.0244,210,-0.0273,0.4048,-0.0552,210,-0.0655,0.2286,-0.1789
ry=LOW + baa10y=MID + usd=MID,False,MODERATE,436,-0.0102,0.4106,-0.0183,436,-0.0276,0.3555,-0.0555,436,-0.0107,0.4427,-0.1241
t10y3m=HIGH + se_10y=LOW,False,ROBUST,277,-0.0099,0.3935,-0.018,277,-0.0278,0.3646,-0.0557,277,0.0205,0.5162,-0.0929
nominal_10y=LOW + se_10y=MID,False,THIN,380,-0.0144,0.4211,-0.0225,380,-0.0287,0.3395,-0.0566,380,-0.0512,0.3237,-0.1646
ry=LOW + baa10y=MID + t10y2y=MID,False,MODERATE,505,-0.0112,0.3822,-0.0193,505,-0.0289,0.3366,-0.0568,505,0.0002,0.505,-0.1132
ry=LOW + baa10y=MID + se_10y=MID,False,MODERATE,111,-0.0116,0.4144,-0.0197,111,-0.0299,0.3333,-0.0578,111,-0.0608,0.2613,-0.1742
nominal_10y=LOW + t10y2y=HIGH,False,ROBUST,544,-0.0176,0.3548,-0.0257,544,-0.0303,0.3235,-0.0582,544,-0.0566,0.3051,-0.17
t10y2y=HIGH + se_10y=LOW,False,MODERATE,199,-0.0198,0.2663,-0.0279,199,-0.0305,0.3166,-0.0584,199,-0.0674,0.3116,-0.1808
ry=LOW + baa10y=MID + t10y3m=MID,False,MODERATE,491,-0.0115,0.3849,-0.0196,491,-0.0308,0.3177,-0.0587,491,0.0079,0.5458,-0.1055
se_10y=LOW + usd=WEAK,False,THIN,280,-0.0086,0.4036,-0.0167,280,-0.0313,0.35,-0.0592,280,-0.1598,0.0536,-0.2732
ry=LOW + baa10y=WIDE + usd=WEAK,False,THIN,536,-0.0109,0.4067,-0.019,536,-0.0321,0.306,-0.06,536,-0.1094,0.1642,-0.2228
t10y3m=MID + usd=WEAK,False,MODERATE,544,-0.0073,0.4522,-0.0154,544,-0.0328,0.3493,-0.0607,544,-0.106,0.2316,-0.2194
nominal_10y=LOW + usd=WEAK,False,THIN,620,-0.0127,0.3935,-0.0208,620,-0.0333,0.3177,-0.0612,620,-0.1103,0.1742,-0.2237
ry=LOW + usd=WEAK,False,THIN,676,-0.0129,0.3891,-0.021,676,-0.0338,0.2973,-0.0617,676,-0.106,0.1317,-0.2194
t10y3m=MID + se_10y=MID,False,ROBUST,372,-0.0184,0.3495,-0.0265,350,-0.0338,0.3829,-0.0617,350,0.0209,0.5286,-0.0925
nominal_10y=LOW + breakeven=HIGH,False,MODERATE,398,-0.0058,0.4372,-0.0139,398,-0.0338,0.3065,-0.0617,398,-0.0587,0.2337,-0.1721
ry=LOW + t10y2y=HIGH,False,ROBUST,553,-0.0188,0.3436,-0.0269,553,-0.034,0.2803,-0.0619,553,-0.0688,0.2025,-0.1822
ry=LOW + baa10y=MID + nominal_10y=MID,False,MODERATE,117,-0.0203,0.3248,-0.0284,117,-0.0344,0.2564,-0.0623,117,-0.0133,0.4872,-0.1267
ry=LOW + baa10y=WIDE + t10y2y=HIGH,False,THIN,366,-0.0208,0.3443,-0.0289,366,-0.0362,0.2186,-0.0641,366,-0.0524,0.2923,-0.1658
ry=LOW + se_10y=MID,False,ROBUST,432,-0.0163,0.375,-0.0244,432,-0.037,0.2384,-0.0649,432,-0.0625,0.2431,-0.1759
ry=LOW + baa10y=WIDE + se_10y=MID,False,THIN,318,-0.0192,0.3648,-0.0273,318,-0.0391,0.2075,-0.067,318,-0.0629,0.2296,-0.1763
ry=LOW + breakeven=HIGH,False,MODERATE,476,-0.0095,0.395,-0.0176,476,-0.0407,0.2752,-0.0686,476,-0.0361,0.3529,-0.1495
t10y3m=MID + t10y2y=HIGH,False,ROBUST,260,-0.0284,0.2923,-0.0365,260,-0.0427,0.1808,-0.0706,260,-0.0629,0.2731,-0.1763
ry=LOW + baa10y=WIDE + nominal_10y=MID,False,THIN,22,0.0179,0.8182,0.0098,22,-0.0463,0.2273,-0.0742,22,-0.0506,0.2273,-0.164
ry=LOW + baa10y=MID + usd=WEAK,False,THIN,140,-0.0163,0.3214,-0.0244,140,-0.0476,0.2643,-0.0755,140,-0.0959,0.0071,-0.2093
ry=LOW + baa10y=MID + breakeven=HIGH,False,THIN,82,-0.017,0.3537,-0.0251,82,-0.0487,0.0976,-0.0766,82,0.0652,0.7561,-0.0482
ry=LOW + nominal_10y=MID,False,ROBUST,158,-0.0162,0.3544,-0.0243,158,-0.0487,0.2215,-0.0766,158,0.0064,0.5127,-0.107
ry=MID + baa10y=WIDE + breakeven=HIGH,False,THIN,108,-0.0162,0.4167,-0.0243,108,-0.0686,0.2963,-0.0965,108,0.028,0.6389,-0.0854
breakeven=HIGH + baa10y=WIDE,False,MODERATE,298,-0.0174,0.3087,-0.0255,298,-0.0724,0.1208,-0.1003,298,-0.1413,0.2617,-0.2547
ry=LOW + baa10y=WIDE + breakeven=HIGH,False,THIN,181,-0.0187,0.221,-0.0268,181,-0.0729,0.0166,-0.1008,181,-0.2381,0.0,-0.3515
ry=LOW + baa10y=TIGHT + nominal_10y=MID,False,THIN,19,-0.0524,0.0,-0.0605,19,-0.1098,0.0,-0.1377,19,0.0357,1.0,-0.0777
