signal,type,active,diversity,n_21d,med_21d,wr_21d,lift_21d,n_63d,med_63d,wr_63d,lift_63d,n_252d,med_252d,wr_252d,lift_252d,confidence
gold_mom63d=MID + hy_oas=TIGHT,macro_x_momentum,False,THIN,70,0.0395,0.8,0.0314,65,0.1897,1.0,0.1618,44,0.6703,1.0,0.5569,0.9079
gold_mom21d=MID + hy_oas=TIGHT,macro_x_momentum,False,THIN,55,0.0449,0.7273,0.0368,47,0.1756,1.0,0.1477,22,0.6716,1.0,0.5582,0.8985
gold_dd60=MID + hy_oas=TIGHT,macro_x_drawdown,False,THIN,60,0.0372,0.7667,0.0291,60,0.1558,0.95,0.1279,26,0.6221,1.0,0.5087,0.8653
gold_mom21d=LOW + hy_oas=TIGHT,macro_x_momentum,True,THIN,44,-0.0066,0.4318,-0.0147,27,0.1182,1.0,0.0903,22,0.5892,1.0,0.4758,0.8602
gold_mom63d=MID + hy_oas=MID,macro_x_momentum,False,THIN,52,0.0404,0.8654,0.0323,48,0.1366,0.9375,0.1087,32,0.4036,1.0,0.2902,0.8475
gold_mom63d=MID + hy_oas=WIDE,macro_x_momentum,False,THIN,97,0.0247,0.8866,0.0166,95,0.0729,1.0,0.045,95,0.372,1.0,0.2586,0.83
hy_oas=TIGHT,macro_single,True,THIN,246,0.0346,0.7154,0.0265,216,0.1383,0.8796,0.1104,100,0.6456,1.0,0.5322,0.8255
gold_dd60=DEEP + hy_oas=MID,macro_x_drawdown,False,THIN,42,0.0498,0.7619,0.0417,33,0.1968,0.7576,0.1689,9,0.4406,1.0,0.3272,0.8157
gold_mom21d=MID + hy_oas=MID,macro_x_momentum,False,THIN,103,0.0225,0.6893,0.0144,103,0.0921,0.932,0.0642,72,0.4236,1.0,0.3102,0.8156
gold_mom21d=LOW + hy_oas=MID,macro_x_momentum,False,THIN,39,0.028,0.6923,0.0199,30,0.1127,0.8667,0.0848,17,0.4279,1.0,0.3145,0.8032
gold_dd60=MID + hy_oas=MID,macro_x_drawdown,False,THIN,99,0.014,0.6768,0.0059,99,0.0971,0.8889,0.0692,63,0.4176,1.0,0.3042,0.8017
GSR=p90+ (GSR extreme high),gsr,False,MODERATE,648,0.0342,0.7824,0.0261,648,0.0939,0.9012,0.066,586,0.2833,0.9846,0.1699,0.7983
gold_mom21d=MID + ry=HIGH,macro_x_momentum,False,ROBUST,588,0.0264,0.7466,0.0183,580,0.0853,0.8948,0.0574,522,0.3013,0.9981,0.1879,0.7954
gold_mom21d=HIGH + hy_oas=TIGHT,macro_x_momentum,False,THIN,132,0.0417,0.7803,0.0336,127,0.1207,0.8189,0.0928,48,0.6931,1.0,0.5797,0.7895
gold_mom21d=MID + hy_oas=WIDE,macro_x_momentum,False,THIN,124,0.0093,0.6371,0.0012,124,0.0588,0.9194,0.0309,122,0.3384,1.0,0.225,0.7884
gold_dd60=MID + hy_oas=WIDE,macro_x_drawdown,False,THIN,117,0.0049,0.641,-0.0032,117,0.0508,0.9145,0.0229,116,0.3505,1.0,0.2371,0.7811
hy_oas=MID,macro_single,False,THIN,269,0.0245,0.7063,0.0164,259,0.0743,0.8726,0.0464,177,0.4098,1.0,0.2964,0.78
GSR=p85+ (GSR extreme high),gsr,False,ROBUST,972,0.0235,0.7233,0.0154,972,0.0762,0.8807,0.0483,896,0.2724,0.9888,0.159,0.78
gold_mom63d=HIGH + hy_oas=TIGHT,macro_x_momentum,False,THIN,130,0.0372,0.7538,0.0291,129,0.1028,0.8217,0.0749,42,0.5832,1.0,0.4698,0.7786
gold_mom63d=MID + ry=HIGH,macro_x_momentum,False,ROBUST,602,0.0244,0.7209,0.0163,591,0.0788,0.8579,0.0509,554,0.309,1.0,0.1956,0.7771
gold_dd60=MID + ry=HIGH,macro_x_drawdown,False,ROBUST,629,0.0209,0.7218,0.0128,629,0.0883,0.8569,0.0604,559,0.3165,0.9821,0.2031,0.7759
gold_mom21d=HIGH + hy_oas=WIDE,macro_x_momentum,False,THIN,75,0.0188,0.6933,0.0107,75,0.0342,0.92,0.0063,75,0.3914,1.0,0.278,0.7722
gold_mom63d=HIGH + hy_oas=WIDE,macro_x_momentum,False,THIN,77,0.0056,0.6234,-0.0025,76,0.057,0.8816,0.0291,73,0.4048,1.0,0.2914,0.772
hy_oas=WIDE,macro_single,False,THIN,264,0.0119,0.6818,0.0038,261,0.0508,0.8851,0.0229,258,0.3606,1.0,0.2472,0.7693
gold_mom63d=HIGH + hy_oas=MID,macro_x_momentum,False,THIN,197,0.0201,0.6548,0.012,193,0.0636,0.8601,0.0357,133,0.4115,1.0,0.2981,0.7679
gold_dd60=DEEP + hy_oas=TIGHT,macro_x_drawdown,True,THIN,65,-0.0128,0.4769,-0.0209,35,0.1182,0.7429,0.0903,22,0.6105,1.0,0.4971,0.7574
gold_mom21d=LOW + ry=HIGH,macro_x_momentum,True,ROBUST,519,0.0221,0.6705,0.014,490,0.0669,0.8367,0.039,471,0.2883,0.9915,0.1749,0.7573
gold_mom21d=HIGH + hy_oas=MID,macro_x_momentum,False,THIN,110,0.026,0.7182,0.0179,110,0.0613,0.8273,0.0334,77,0.3945,1.0,0.2811,0.7532
gold_mom63d=LOW + ry=HIGH,macro_x_momentum,True,ROBUST,444,0.018,0.6441,0.0099,419,0.056,0.8353,0.0281,417,0.2895,1.0,0.1761,0.7529
ry=HIGH,macro_single,True,ROBUST,2012,0.0197,0.659,0.0116,1969,0.0664,0.8095,0.0385,1780,0.2718,0.9764,0.1584,0.74
gold_mom21d=LOW + hy_oas=WIDE,macro_x_momentum,False,THIN,51,0.0162,0.8235,0.0081,48,0.0526,0.7708,0.0247,47,0.3278,1.0,0.2144,0.7248
gold_dd60=DEEP + ry=HIGH,macro_x_drawdown,True,ROBUST,558,0.0204,0.6165,0.0123,516,0.0531,0.7636,0.0252,480,0.2145,0.9896,0.1011,0.7181
gold_mom63d=LOW + hy_oas=WIDE,macro_x_momentum,False,THIN,76,0.001,0.5132,-0.0071,76,0.0354,0.7632,0.0075,76,0.2895,1.0,0.1761,0.7103
nominal_10y=HIGH,macro_single,True,ROBUST,2108,0.0157,0.6371,0.0076,2065,0.0482,0.7632,0.0203,1941,0.1957,0.9784,0.0823,0.7102
gold_mom63d=HIGH + ry=HIGH,macro_x_momentum,False,ROBUST,874,0.0155,0.619,0.0074,868,0.0636,0.7673,0.0357,730,0.2126,0.9452,0.0992,0.7088
t10y3m=LOW,macro_single,True,ROBUST,2185,0.0156,0.6366,0.0075,2164,0.0547,0.7505,0.0268,1963,0.2418,0.9485,0.1284,0.6975
gold_mom63d=HIGH + baa10y=TIGHT,macro_x_momentum,False,MODERATE,798,0.0151,0.6028,0.007,792,0.0624,0.7437,0.0345,642,0.2659,0.9299,0.1525,0.6925
usd=STRONG,macro_single,True,ROBUST,1774,0.0151,0.6381,0.007,1731,0.0563,0.7614,0.0284,1530,0.2019,0.919,0.0885,0.6911
gold_mom21d=HIGH + ry=HIGH,macro_x_momentum,False,ROBUST,813,0.0104,0.583,0.0023,808,0.0496,0.7351,0.0217,708,0.227,0.9506,0.1136,0.6888
t10y2y=LOW,macro_single,True,ROBUST,2124,0.01,0.5989,0.0019,2119,0.0474,0.7154,0.0195,2114,0.2444,0.964,0.131,0.6848
gold_mom21d=HIGH + baa10y=TIGHT,macro_x_momentum,False,ROBUST,759,0.0115,0.5916,0.0034,754,0.051,0.7321,0.0231,642,0.2467,0.8676,0.1333,0.6553
se_10y=HIGH,macro_single,False,ROBUST,2140,0.0135,0.6019,0.0054,2140,0.0306,0.6654,0.0027,2140,0.1483,0.9383,0.0349,0.6433
gold_mom21d=MID + baa10y=TIGHT,macro_x_momentum,False,ROBUST,800,0.0125,0.615,0.0044,792,0.0498,0.7639,0.0219,734,0.2539,0.8052,0.1405,0.6422
baa10y=TIGHT,macro_single,True,ROBUST,2285,0.0121,0.6114,0.004,2242,0.0453,0.74,0.0174,2041,0.2425,0.8344,0.1291,0.6414
GSR=HIGH (gold dear vs silver),gsr,False,ROBUST,2157,0.0121,0.624,0.004,2157,0.0468,0.7367,0.0189,2047,0.1698,0.828,0.0564,0.6385
gold_dd60=DEEP + baa10y=TIGHT,macro_x_drawdown,True,ROBUST,540,0.0151,0.6204,0.007,498,0.0287,0.6908,0.0008,459,0.1621,0.902,0.0487,0.6377
gold_mom63d=LOW + baa10y=TIGHT,macro_x_momentum,True,ROBUST,589,0.0094,0.5806,0.0013,564,0.0326,0.7411,0.0047,562,0.2274,0.8132,0.114,0.6249
gold_mom21d=LOW + baa10y=TIGHT,macro_x_momentum,True,ROBUST,614,0.0127,0.6238,0.0046,585,0.0329,0.7231,0.005,566,0.217,0.8269,0.1036,0.6233
gold_mom63d=MID + baa10y=WIDE,macro_x_momentum,False,ROBUST,658,0.0149,0.6033,0.0068,658,0.0481,0.7325,0.0202,658,0.1413,0.7766,0.0279,0.6171
gold_dd60=DEEP + ry=MID,macro_x_drawdown,False,ROBUST,683,0.0141,0.6501,0.006,683,0.0323,0.713,0.0044,680,0.1301,0.8147,0.0167,0.614
gold_mom63d=MID + baa10y=TIGHT,macro_x_momentum,False,ROBUST,786,0.0123,0.6374,0.0042,775,0.0477,0.7394,0.0198,738,0.2417,0.7615,0.1283,0.6136
gold_dd60=MID + baa10y=TIGHT,macro_x_drawdown,False,ROBUST,829,0.0094,0.6104,0.0013,829,0.0434,0.7334,0.0155,758,0.2545,0.7652,0.1411,0.6098
gold_dd60=DEEP + hy_oas=WIDE,macro_x_drawdown,False,THIN,30,0.0384,0.8667,0.0303,27,0.0259,0.5185,-0.002,25,0.409,1.0,0.2956,0.6061
se_10y=MID,macro_single,True,ROBUST,2285,0.0124,0.6053,0.0043,2242,0.0428,0.7168,0.0149,2041,0.217,0.7697,0.1036,0.6045
gold_mom63d=MID + ry=MID,macro_x_momentum,False,ROBUST,625,0.0123,0.6256,0.0042,625,0.0456,0.7056,0.0177,625,0.1787,0.7696,0.0653,0.6019
gold_mom21d=LOW + ry=MID,macro_x_momentum,False,ROBUST,694,0.0094,0.6023,0.0013,694,0.0328,0.6916,0.0049,694,0.1365,0.7954,0.0231,0.5981
gold_mom21d=MID + ry=MID,macro_x_momentum,False,ROBUST,638,0.0069,0.5533,-0.0012,638,0.0333,0.6473,0.0054,638,0.1737,0.8339,0.0603,0.5961
gold_dd_120d=SMALL  (p33=-6.9% p67=-2.9%),drawdown,False,ROBUST,2137,0.0129,0.5962,0.0048,2137,0.0357,0.6743,0.0078,2035,0.1504,0.8015,0.037,0.5955
gold_mom63d=LOW + ry=MID,macro_x_momentum,False,ROBUST,709,0.0159,0.6276,0.0078,709,0.0319,0.6474,0.004,709,0.1296,0.8138,0.0162,0.5871
nominal_10y=MID,macro_single,False,ROBUST,2322,0.0082,0.5715,0.0001,2322,0.0301,0.6404,0.0022,2245,0.1623,0.8192,0.0489,0.5853
ry=MID,macro_single,False,ROBUST,2040,0.0099,0.5926,0.0018,2040,0.0304,0.6475,0.0025,2028,0.1536,0.8082,0.0402,0.5839
t10y3m=HIGH,macro_single,False,ROBUST,2300,0.0117,0.5896,0.0036,2300,0.0284,0.6683,0.0005,2300,0.1225,0.7874,0.0091,0.5826
gold_dd60=MID + baa10y=WIDE,macro_x_drawdown,False,ROBUST,673,0.005,0.5394,-0.0031,673,0.0312,0.6627,0.0033,673,0.1175,0.7786,0.0041,0.5787
gold_mom21d=MID + baa10y=WIDE,macro_x_momentum,False,ROBUST,653,0.0138,0.6141,0.0057,653,0.0357,0.6692,0.0078,653,0.1019,0.7596,-0.0115,0.5767
gold_dd_40d=SMALL  (p33=-4.4% p67=-1.6%),drawdown,False,ROBUST,2151,0.0116,0.5811,0.0035,2151,0.0285,0.6518,0.0006,2083,0.1328,0.7825,0.0194,0.5741
gold_dd_60d=SMALL  (p33=-5.3% p67=-2.0%),drawdown,False,ROBUST,2147,0.0109,0.578,0.0028,2147,0.0309,0.6493,0.003,2068,0.1384,0.7795,0.025,0.5735
breakeven=LOW,macro_single,False,ROBUST,2071,0.0089,0.5775,0.0008,2071,0.0331,0.6649,0.0052,2071,0.0956,0.7576,-0.0178,0.5725
gold_dd_120d=MID  (p33=-6.9% p67=-2.9%),drawdown,False,ROBUST,2144,0.0037,0.5434,-0.0044,2144,0.0322,0.6576,0.0043,2080,0.1421,0.751,0.0287,0.5663
gold_mom63d=HIGH + ry=MID,macro_x_momentum,False,ROBUST,619,0.0028,0.5218,-0.0053,619,0.0146,0.5945,-0.0133,607,0.1538,0.8418,0.0404,0.5656
gold_dd_20d=DEEP  (p33=-3.1% p67=-0.9%),drawdown,True,ROBUST,2133,0.0103,0.6109,0.0022,2099,0.0295,0.6441,0.0016,2035,0.1065,0.7607,-0.0069,0.563
gold_dd_60d=MID  (p33=-5.3% p67=-2.0%),drawdown,False,ROBUST,2154,0.0051,0.5543,-0.003,2154,0.0313,0.6467,0.0034,2083,0.1225,0.7456,0.0091,0.5592
gold_dd_40d=MID  (p33=-4.4% p67=-1.6%),drawdown,False,ROBUST,2156,0.0041,0.5436,-0.004,2154,0.033,0.6439,0.0051,2085,0.1206,0.7434,0.0072,0.5583
gold_dd60=MID + ry=MID,macro_x_drawdown,False,ROBUST,585,0.0027,0.5231,-0.0054,585,0.0282,0.6103,0.0003,584,0.1687,0.7842,0.0553,0.558
gold_mom21d=HIGH + ry=MID,macro_x_momentum,False,ROBUST,621,0.0168,0.6248,0.0087,621,0.0227,0.6039,-0.0052,609,0.1489,0.7964,0.0355,0.5567
gold_dd_20d=SMALL  (p33=-3.1% p67=-0.9%),drawdown,False,ROBUST,2154,0.0083,0.5617,0.0002,2152,0.0239,0.6343,-0.004,2085,0.1196,0.7568,0.0062,0.5538
gold_dd_20d=MID  (p33=-3.1% p67=-0.9%),drawdown,False,ROBUST,2160,0.0042,0.5435,-0.0039,2154,0.0309,0.6448,0.003,2096,0.1154,0.7338,0.002,0.5534
breakeven=HIGH,macro_single,False,ROBUST,1917,0.0063,0.5566,-0.0018,1880,0.0223,0.6032,-0.0056,1791,0.1158,0.7856,0.0024,0.5518
gold_mom21d=LOW + baa10y=WIDE,macro_x_momentum,False,ROBUST,794,0.0089,0.5793,0.0008,794,0.0317,0.6436,0.0038,794,0.1045,0.7217,-0.0089,0.5487
t10y2y=HIGH,macro_single,False,ROBUST,2306,0.0068,0.5499,-0.0013,2306,0.0253,0.6409,-0.0026,2306,0.1074,0.7199,-0.006,0.5426
GSR=MID,gsr,True,ROBUST,2153,0.0063,0.5518,-0.0018,2139,0.0194,0.6265,-0.0085,2107,0.1009,0.7333,-0.0125,0.5383
gold_dd_60d=DEEP  (p33=-5.3% p67=-2.0%),drawdown,True,ROBUST,2126,0.0096,0.5875,0.0015,2084,0.0218,0.631,-0.0061,2045,0.0928,0.7232,-0.0206,0.5376
gold_dd_40d=DEEP  (p33=-4.4% p67=-1.6%),drawdown,True,ROBUST,2130,0.01,0.5925,0.0019,2090,0.0226,0.6282,-0.0053,2038,0.0936,0.7233,-0.0198,0.5371
baa10y=WIDE,macro_single,False,ROBUST,2285,0.0094,0.5659,0.0013,2285,0.0241,0.6109,-0.0038,2285,0.1021,0.7309,-0.0113,0.5342
gold_dd60=DEEP + baa10y=WIDE,macro_x_drawdown,False,ROBUST,855,0.0121,0.6047,0.004,855,0.0263,0.6152,-0.0016,855,0.1019,0.7064,-0.0115,0.5276
gold_mom21d=MID + baa10y=MID,macro_x_momentum,False,ROBUST,702,-0.0016,0.4915,-0.0097,702,0.0204,0.5783,-0.0075,702,0.0819,0.7222,-0.0315,0.5152
breakeven=MID,macro_single,True,ROBUST,2152,0.0079,0.5734,-0.0002,2146,0.028,0.6347,0.0001,2034,0.1021,0.6421,-0.0113,0.5108
gold_dd_120d=DEEP  (p33=-6.9% p67=-2.9%),drawdown,True,ROBUST,2116,0.0096,0.5789,0.0015,2074,0.0181,0.6003,-0.0098,2051,0.0765,0.6928,-0.0369,0.5107
gold_mom63d=MID + baa10y=MID,macro_x_momentum,False,ROBUST,698,0.0033,0.533,-0.0048,698,0.0198,0.5989,-0.0081,698,0.0866,0.6877,-0.0268,0.5092
gold_mom63d=HIGH + baa10y=WIDE,macro_x_momentum,False,ROBUST,751,-0.0007,0.494,-0.0088,751,0.0117,0.5539,-0.0162,751,0.0885,0.7297,-0.0249,0.5026
gold_mom63d=LOW + baa10y=WIDE,macro_x_momentum,False,ROBUST,795,0.0122,0.6038,0.0041,795,0.0202,0.5698,-0.0077,795,0.0834,0.6931,-0.03,0.5
gold_mom63d=LOW + baa10y=MID,macro_x_momentum,False,ROBUST,731,0.0065,0.5595,-0.0016,731,0.02,0.6115,-0.0079,731,0.0542,0.6402,-0.0592,0.4954
gold_mom21d=LOW + baa10y=MID,macro_x_momentum,False,ROBUST,722,0.0048,0.5623,-0.0033,722,0.0117,0.5817,-0.0162,722,0.0575,0.6731,-0.0559,0.4911
baa10y=MID,macro_single,False,ROBUST,2172,0.0031,0.5341,-0.005,2172,0.01,0.5645,-0.0179,2172,0.068,0.6929,-0.0454,0.491
GSR=LOW (gold cheap vs silver),gsr,False,ROBUST,2145,0.0049,0.5375,-0.0032,2117,0.013,0.556,-0.0149,2070,0.0778,0.6894,-0.0356,0.4882
gold_dd60=DEEP + baa10y=MID,macro_x_drawdown,False,ROBUST,731,0.0034,0.5431,-0.0047,731,0.0144,0.6088,-0.0135,731,0.0473,0.6306,-0.0661,0.4868
gold_mom21d=HIGH + baa10y=WIDE,macro_x_momentum,False,ROBUST,757,0.0017,0.5112,-0.0064,757,0.0081,0.5324,-0.0198,757,0.1011,0.7147,-0.0123,0.4856
gold_mom63d=HIGH + baa10y=MID,macro_x_momentum,False,ROBUST,587,0.0016,0.523,-0.0065,587,0.0012,0.5094,-0.0267,587,0.0848,0.7428,-0.0286,0.4831
gold_mom21d=HIGH + baa10y=MID,macro_x_momentum,False,ROBUST,634,0.0065,0.5694,-0.0016,634,0.0059,0.5442,-0.022,634,0.0694,0.683,-0.044,0.4762
usd=MID,macro_single,False,ROBUST,1799,0.0011,0.5114,-0.007,1799,0.01,0.5614,-0.0179,1799,0.0432,0.6454,-0.0702,0.4708
gold_dd60=MID + baa10y=MID,macro_x_drawdown,False,ROBUST,652,-0.0012,0.4985,-0.0093,652,0.005,0.5199,-0.0229,652,0.0559,0.6887,-0.0575,0.4682
t10y2y=MID,macro_single,False,ROBUST,2312,0.0069,0.5666,-0.0012,2274,0.0131,0.566,-0.0148,2078,0.0205,0.5679,-0.0929,0.4437
se_10y=LOW,macro_single,False,ROBUST,2317,0.0009,0.5088,-0.0072,2317,0.0073,0.5395,-0.0206,2317,0.0192,0.5606,-0.0942,0.4263
usd=WEAK,macro_single,False,MODERATE,1798,0.0055,0.5445,-0.0026,1798,0.013,0.5539,-0.0149,1798,0.0213,0.5323,-0.0921,0.4245
t10y3m=MID,macro_single,False,ROBUST,2257,-0.0013,0.4887,-0.0094,2235,0.0002,0.5011,-0.0277,2235,0.0132,0.5391,-0.1002,0.3976
nominal_10y=LOW,macro_single,False,ROBUST,2312,0.0011,0.5104,-0.007,2312,0.0052,0.5268,-0.0227,2312,-0.0014,0.4931,-0.1148,0.3928
gold_mom21d=MID + ry=LOW,macro_x_momentum,False,ROBUST,687,-0.0097,0.4119,-0.0178,687,-0.0032,0.4862,-0.0311,687,-0.0157,0.4352,-0.1291,0.3478
gold_mom63d=LOW + ry=LOW,macro_x_momentum,False,ROBUST,817,-0.0015,0.4908,-0.0096,817,-0.003,0.4884,-0.0309,817,-0.0227,0.4125,-0.1361,0.3397
gold_mom63d=HIGH + ry=LOW,macro_x_momentum,False,ROBUST,525,-0.0046,0.4476,-0.0127,525,-0.0195,0.4171,-0.0474,525,0.0,0.499,-0.1134,0.3348
ry=LOW,macro_single,False,ROBUST,2088,-0.0039,0.4607,-0.012,2088,-0.0079,0.4588,-0.0358,2088,-0.0188,0.4334,-0.1322,0.333
gold_mom21d=LOW + ry=LOW,macro_x_momentum,False,ROBUST,737,0.0003,0.5034,-0.0078,737,-0.0116,0.4383,-0.0395,737,-0.0174,0.445,-0.1308,0.327
gold_mom21d=HIGH + ry=LOW,macro_x_momentum,False,ROBUST,578,-0.0035,0.4689,-0.0116,578,-0.0079,0.4533,-0.0358,578,-0.0222,0.4083,-0.1356,0.3208
gold_mom63d=MID + ry=LOW,macro_x_momentum,False,ROBUST,660,-0.0055,0.4379,-0.0136,660,-0.0067,0.4561,-0.0346,660,-0.0285,0.4,-0.1419,0.3194
gold_dd60=DEEP + ry=LOW,macro_x_drawdown,False,ROBUST,779,-0.0023,0.4814,-0.0104,779,-0.0112,0.4211,-0.0391,779,-0.0178,0.4416,-0.1312,0.319
gold_dd60=MID + ry=LOW,macro_x_drawdown,False,ROBUST,665,-0.0081,0.415,-0.0162,665,-0.0151,0.4586,-0.043,665,-0.0253,0.4075,-0.1387,0.3178
