ticker,date,drift,return,stopped,days_to_stop,bucket
AAPL,2008-01-22,-0.12496728914355704,-0.04985689995165356,False,,0
TSCO,2011-08-05,-0.09814967087382509,0.008360546803672955,True,9.0,0
RCL,2008-10-23,-0.08633526947892756,-0.07817816269201798,True,5.0,0
F,2011-08-05,-0.07564555594467948,0.035927926510373936,True,8.0,0
ULTA,2011-08-05,-0.06791978081847916,0.014269345626887708,True,7.0,0
LULU,2011-08-05,-0.06664177179693254,0.05139999389648438,True,7.0,0
CVNA,2025-04-03,-0.06485509648902654,0.15194118724149816,True,10.0,0
DELL,2025-02-27,-0.0637114329479741,-0.03357760783268273,False,,0
LVS,2011-08-05,-0.06161906433852604,0.03257808365982519,True,10.0,0
CMI,2011-08-05,-0.06048108527333229,-0.03433112256984607,True,8.0,0
PLTR,2025-02-21,-0.053971399142150434,-0.08896536320032898,False,,0
SYF,2025-04-03,-0.04746570162971142,0.04013529879155105,True,5.0,0
AMD,2018-02-05,-0.04580810258865298,0.13496374785023754,False,,0
CTSH,2008-01-22,-0.04370079872692634,0.12391911060098008,True,10.0,0
NVDA,2018-02-05,-0.04351928221248935,0.2045644120856682,False,,0
ETN,2011-08-05,-0.039669106688432265,0.03516077232182603,False,,0
AXON,2008-10-07,-0.03839725392733928,-0.20486115595256663,False,,0
GPN,2020-02-27,-0.03809523553737104,-0.06789265331133247,True,6.0,0
VRTX,2018-10-24,-0.037341323653434566,0.04828026643983877,True,14.0,0
FTNT,2022-10-12,-0.03629952360989852,-0.011407636455894923,True,15.0,0
XYZ,2022-05-11,-0.034119633017773654,0.10306725168672391,True,8.0,0
ZBRA,2020-02-27,-0.03374929280185701,-0.13221421771266986,False,,0
WYNN,2008-09-26,-0.0326003600645397,-0.36240849175258083,False,,0
UBER,2025-04-04,-0.03249771277562252,0.2528790988088956,False,,0
ANET,2020-02-27,-0.03193911586538145,-0.12047483792890715,False,,0
FIX,2020-02-27,-0.03119941053905373,-0.21680306379910746,False,,0
VTR,2008-10-07,-0.03044050224047057,-0.12921609616161964,False,,0
FTNT,2022-01-05,-0.029655062712985125,-0.01983088205338983,True,10.0,0
ICE,2025-04-04,-0.028135909195103004,0.07319643675114171,False,,0
PANW,2022-10-12,-0.028072890856280286,-0.008280887878577439,True,15.0,0
GOOG,2018-02-05,-0.027107477273657254,0.08869927120240406,False,,0
TYL,2008-10-03,-0.026912189626117078,-0.1783114883608004,False,,0
GOOGL,2018-02-05,-0.02674161733489422,0.08078481546078595,False,,0
BKNG,2008-09-26,-0.02666680976179603,-0.16835600470707038,False,,0
NVDA,2022-01-20,-0.026625339165986195,0.018802996528209666,True,15.0,0
TYL,2022-10-12,-0.025872285211905877,-0.0169555570469914,True,13.0,0
NFLX,2018-02-05,-0.02580036663161689,0.17323376208763885,False,,0
AAPL,2022-05-11,-0.025460867037697454,0.05911595387638958,False,,0
REGN,2018-10-24,-0.025072003116972108,-0.0027146469000653103,False,,0
EOG,2008-01-22,-0.024443059265987888,0.23004190658287582,False,,0
CTSH,2008-11-11,-0.023770116601280367,-0.006795000709938364,True,12.0,0
MPWR,2018-02-05,-0.023644255792991897,0.10874252099176906,False,,0
FTNT,2022-03-07,-0.023337969527589375,0.22107039407857978,False,,0
ADBE,2008-01-22,-0.023235321044921875,-0.013550158848087747,True,10.0,0
NXPI,2014-10-14,-0.023152716508173632,0.3273021844054913,False,,0
MRNA,2022-05-11,-0.02292799014872904,0.08499177246336388,True,9.0,0
WYNN,2016-02-08,-0.022619053051036286,0.4799390713067349,False,,0
GLW,2018-02-05,-0.022162476590117386,0.013326466142921378,False,,0
MU,2014-10-14,-0.021540747360795143,0.25783574377511476,False,,0
TPL,2014-10-14,-0.019999880265533565,0.08600593343325826,True,14.0,0
ODFL,2020-02-27,-0.01897054192513048,-0.1314845789671312,False,,0
TSCO,2011-10-03,-0.018595524675908415,0.22128234005284,False,,0
NOW,2022-03-07,-0.018513563126953403,0.0042156892664292275,True,3.0,0
HOOD,2025-11-17,-0.017763193385445963,0.19137917962344242,False,,0
ULTA,2011-10-03,-0.01712325952577798,0.13821131035938838,False,,0
WDC,2014-10-15,-0.016921109536200407,0.16985401938865646,False,,0
DECK,2011-10-03,-0.016570228775973805,0.2150029204556373,False,,0
AKAM,2008-11-14,-0.016457682945149488,0.10517925695321653,False,,0
ZBRA,2014-10-14,-0.016447368627439896,0.2219063650010835,False,,0
DVN,2008-01-22,-0.01639554633577167,0.19374277959502556,False,,0
TPR,2009-03-06,-0.01610181787723608,0.40999175880451116,False,,1
RCL,2014-10-15,-0.015835544737553997,0.2535603868273617,False,,1
BKNG,2016-02-08,-0.015783548224497346,0.352127795054876,False,,1
ADBE,2022-05-11,-0.015632807544076255,0.18178898230413604,False,,1
NVDA,2018-10-10,-0.01432722984085455,-0.09935160916461128,False,,1
LULU,2011-09-30,-0.01417125993366708,0.12270832061767578,False,,1
EOG,2005-11-10,-0.014071663483409602,0.20574094260805026,False,,1
AXON,2008-11-11,-0.013667413349507385,0.0,False,,1
TRGP,2014-10-14,-0.01318672173702995,0.09679689218349803,False,,1
TECH,2022-01-05,-0.012812449478158405,-0.17548230020792802,False,,1
ON,2008-12-23,-0.012012000831672753,0.27355626316193765,True,11.0,1
WMB,2014-10-14,-0.011268699195447485,0.15175157227559863,False,,1
HUM,2018-12-20,-0.01103977712496973,0.03254015153076268,False,,1
WMB,2005-11-10,-0.011016643325965525,0.12050616732984773,False,,1
MSFT,2022-05-11,-0.010976808246146996,0.06802556357301882,False,,1
CCJ,2006-05-17,-0.010910750048262252,-0.0030785894951374042,True,13.0,1
IBKR,2025-11-17,-0.010881574813683237,0.046568263125663194,False,,1
NVDA,2017-12-05,-0.010866425028080884,0.061766513202093504,False,,1
MPWR,2022-05-11,-0.010809097230374265,0.01544977316969823,True,8.0,1
TYL,2008-11-19,-0.009640636121673096,0.02123891743957186,True,6.0,1
IDXX,2022-01-05,-0.009546510668180463,-0.184827606237755,False,,1
NOW,2022-01-05,-0.009358182990377384,-0.06822351220928313,False,,1
CMG,2011-10-03,-0.009224444819499134,0.15234478087771247,False,,1
CF,2025-04-08,-0.008909099781236773,0.15487765283954402,False,,1
ON,2008-11-10,-0.008602142157561943,-0.37744038992659296,False,,1
LULU,2015-11-13,-0.007769111654793659,0.06979863263160258,True,9.0,1
ANET,2026-06-09,-0.007623578037532885,0.04370864969215646,True,11.0,1
HAL,2014-10-14,-0.007253985271486574,0.038766069464200054,True,14.0,1
MPWR,2017-12-05,-0.007011855396222733,0.021998713769945468,False,,1
AVB,2011-09-22,-0.006679339447073551,0.07188464810387825,False,,1
WYNN,2015-11-12,-0.006646106035656629,0.00513484563105942,False,,1
ZBRA,2022-01-07,-0.006574219814408755,-0.034605685133725986,False,,1
ANET,2025-02-27,-0.006552347669768643,-0.08618230034167476,False,,1
GDDY,2025-04-08,-0.0064771022626889385,0.16931581203172494,False,,1
CAT,2011-09-22,-0.006224696989842737,0.1450161908939116,False,,1
ULTA,2015-11-13,-0.005541241155039178,0.1937281966096105,False,,1
ROK,2011-09-22,-0.005044972713057927,0.28724650798513807,False,,1
MPWR,2018-10-10,-0.004981778642504708,-0.051707016093477935,True,9.0,1
CMI,2011-09-22,-0.004926554064621835,-0.037481895931349034,True,5.0,1
PANW,2022-03-07,-0.00470470978928339,0.1610357424633651,False,,1
DE,2011-09-22,-0.004665186277999278,0.05190777819631238,False,,1
TPR,2009-01-09,-0.004417935845161702,-0.2251801342089879,False,,1
WYNN,2009-01-12,-0.004390524967822329,-0.2939734420798269,False,,1
NOW,2022-05-11,-0.004210632348063403,-0.015146149405919173,True,4.0,1
ETN,2011-09-22,-0.004022069498821557,0.21632555009135515,False,,1
ANET,2022-06-13,-0.003909143178116414,0.04818486871461799,False,,1
TSCO,2012-06-04,-0.00386449555276136,0.019633109872843106,False,,1
AKAM,2018-10-10,-0.0038400268554688033,0.16109866470274495,False,,1
CFG,2025-03-10,-0.0037679055532553463,0.023449344650990096,False,,1
MGM,2007-07-26,-0.0031976833796987236,-0.007391763651962664,True,13.0,1
CRWD,2025-02-21,-0.002926139625351487,-0.1002737543252491,False,,1
CRM,2018-10-10,-0.0026845111736237826,0.01564303973299718,False,,1
NVDA,2022-08-22,-0.00264184954426816,-0.2268584629876578,False,,1
LEN,2012-11-14,-0.0022849229006215444,0.03893467818798016,False,,1
CNC,2020-10-29,-0.0020573074372534084,0.0927675933827551,True,14.0,1
CNC,2020-02-25,-0.001966051990198059,-0.008595980317419155,True,8.0,1
EOG,2006-09-12,-0.0018393951825831367,0.05426264304897702,False,,1
DECK,2012-06-04,-0.0017278182584330448,-0.15000001650590103,False,,1
DXCM,2022-04-22,-0.0016112367296320373,-0.2621721046002228,False,,1
EXR,2011-09-22,-0.0015646255525119113,0.041797275156333503,False,,1
QCOM,2022-01-20,-0.0015616403835592152,-0.009624408892729579,True,15.0,2
CRWD,2025-04-08,-0.001353687022640604,0.32122608457505686,False,,2
CCJ,2006-09-12,-0.0013134702068897663,-0.09622504110464797,False,,2
AMD,2017-12-05,-0.001009104847206177,0.06363637764810803,False,,2
WMB,2006-05-17,-0.0009565422081690977,0.022815202754482608,True,14.0,2
LRCX,2022-05-11,-0.0009390737547945172,0.054142952257533995,True,8.0,2
FOX,2026-02-06,-0.0008568905061820953,-0.10823318336785917,False,,2
BKNG,2016-01-08,-0.0008442698682442629,-0.04500888511081809,False,,2
PHM,2012-11-14,-0.000656183007350708,0.06894288191978797,False,,2
FSLR,2025-02-27,-0.0006374581566759296,-0.06924650412687042,False,,2
VEEV,2021-12-03,-0.000601263184779377,0.005534631038264716,True,10.0,2
ADBE,2022-06-13,-0.0005650247774162676,0.013595702562395317,False,,2
OXY,2006-05-17,-0.00021464509989299607,0.048437580512578765,False,,2
DXCM,2022-01-06,0.0,-0.14412005248770704,False,,2
MRVL,2022-03-07,9.867684869213633e-08,-0.015040212812661668,True,4.0,2
NVDA,2020-02-25,3.826654053562528e-05,-0.06286018735681677,True,8.0,2
BKNG,2026-02-05,7.874409213437517e-05,-0.04600135132790614,False,,2
PODD,2021-12-03,0.00011399011196666642,0.036322177489391316,False,,2
WMB,2008-01-17,0.0003150632602080261,0.03654701231414052,False,,2
PANW,2020-02-25,0.0006092746877104371,-0.32727830499234833,False,,2
LRCX,2022-03-07,0.0008380085432941886,0.16585410134221898,False,,2
MPWR,2014-10-14,0.0008700228520386322,0.287246500363572,False,,2
ROST,2015-11-13,0.0013392305024153561,0.2020839888888384,False,,2
PODD,2022-01-10,0.0015372263426165489,0.02907866716662139,False,,2
SBAC,2008-09-29,0.001680681404287565,-0.23447979957906703,False,,2
DECK,2009-01-14,0.0017068718751052092,-0.07360708137454561,False,,2
LRCX,2022-08-22,0.001945246971061465,-0.07929206143724546,False,,2
DECK,2025-03-10,0.0019816519078525996,-0.06592501112973699,False,,2
VTR,2008-11-06,0.002066178138129038,-0.21030934688295863,False,,2
WMB,2014-12-10,0.0022357412689535394,0.002453594425349267,False,,2
FOXA,2026-02-06,0.002315630535585367,-0.12536580274879364,False,,2
FFIV,2011-08-22,0.0024548472049865655,0.07461827199374702,True,12.0,2
TYL,2008-12-23,0.002673772928450724,0.047999996609157984,False,,2
AXON,2022-06-13,0.0031176793999376784,0.06171612181151592,False,,2
DECK,2009-03-03,0.003379123462669442,0.3598447931780153,False,,2
NOW,2022-06-13,0.0034743484405581615,0.12226748236792312,False,,2
DHI,2008-11-12,0.0035848847558637154,0.22678510384568756,True,10.0,2
HUM,2020-10-29,0.003705474554954069,0.022474840839480772,True,14.0,2
AAPL,2019-05-13,0.003715445222150393,-0.03631796491173243,False,,2
DXCM,2020-10-29,0.004324559791524019,-0.06197658645372573,False,,2
ON,2022-05-11,0.0044427185667879066,0.2228846183189979,False,,2
CCJ,2008-01-17,0.004932936987500414,-0.05919722707946844,False,,2
UNH,2020-02-25,0.005049478135226826,-0.054056984875203794,True,11.0,2
MSI,2008-12-24,0.00507654139335223,0.03787825518440929,True,12.0,2
VRT,2022-06-13,0.005313578863950896,-0.05496822279932455,True,10.0,2
NVDA,2022-06-13,0.0053682759242013045,-0.012014351355843132,True,10.0,2
GDDY,2020-09-10,0.005525564493374935,-0.016616467852877962,False,,2
MRVL,2018-03-28,0.00584823562627701,0.019379844270598485,False,,2
MU,2016-05-04,0.005999828291364029,0.18787305656773962,False,,2
DHI,2009-01-14,0.006087744653603622,0.22087803526162314,False,,2
WMB,2005-10-06,0.006695869393049669,-0.01951210707527767,False,,2
ULTA,2015-08-25,0.00678591010177465,0.0675307709841721,False,,2
ZBRA,2022-06-13,0.006960586319048723,0.024430711488102157,False,,2
ANET,2018-12-24,0.007411377451079337,0.16258540170906452,False,,2
HUM,2008-10-06,0.007450598439277645,-0.12571915945820636,False,,2
CMG,2011-08-08,0.007953388637397474,-0.03237876976762987,True,7.0,2
ALGN,2022-04-22,0.00798736673686462,-0.2455633429698737,False,,2
FTNT,2022-06-13,0.00844310781089641,0.09771524138598678,False,,2
TPL,2008-01-17,0.008462759467275482,-0.04447513075113731,False,,2
ON,2022-06-13,0.008560719544299156,-0.16357206233060265,False,,3
GDDY,2019-08-05,0.008899828868355941,-0.026615969581749048,False,,3
ELV,2020-02-25,0.009124896674243654,-7.42053147923218e-05,True,8.0,3
AXON,2020-03-16,0.009272997347540057,0.276369008114188,True,9.0,3
ON,2019-08-05,0.009523813594448205,-0.04384022727296783,False,,3
VLO,2005-11-10,0.009639259269909495,0.056455291938454354,False,,3
REGN,2019-04-17,0.01000076813006534,-0.06417435036868947,False,,3
AAPL,2018-12-24,0.010011013909788424,0.04477426495994138,False,,3
SBAC,2008-11-06,0.010039091579987058,-0.12810635142043186,False,,3
DECK,2008-09-29,0.010173287551205057,-0.07039604923834579,False,,3
AMD,2008-12-23,0.010204071702683226,0.2727272508339232,True,11.0,3
CCI,2008-10-27,0.010783450979588105,-0.015721909263729964,True,7.0,3
DELL,2020-02-25,0.010817733542459074,-0.38206341004116934,False,,3
BKNG,2011-09-30,0.01087982391695963,0.14409604057180256,False,,3
RVTY,2009-03-03,0.010998591209793851,0.0585768558289393,False,,3
AAPL,2022-06-14,0.01152483813625782,0.06426380070537127,False,,3
DAL,2020-03-16,0.011728655628369333,-0.38586820012128104,False,,3
ALGN,2022-06-14,0.012222797545903719,0.035478599104024997,False,,3
NVDA,2018-03-28,0.012469015800321337,0.021997936779552564,False,,3
ISRG,2018-10-24,0.012792102560438723,0.01910933440661603,True,14.0,3
AMD,2018-03-28,0.013251697778386085,0.01710262409159879,False,,3
DASH,2026-02-05,0.013325339606815145,-0.05281518150842112,False,,3
ON,2022-03-07,0.013826566843053723,0.24143020077498958,False,,3
GNRC,2020-03-16,0.013849136390464256,-0.0626552600703613,True,11.0,3
MRVL,2022-06-13,0.014136411877247124,-0.13171722809934486,False,,3
ALGN,2009-03-03,0.014749248014462202,0.004360426231421545,True,12.0,3
MSFT,2022-06-14,0.015624438221698789,0.0720872167844957,False,,3
TTWO,2020-09-10,0.016135239218487474,0.021299638989169676,False,,3
ON,2008-09-29,0.016260146842582035,-0.20480003356933593,False,,3
EOG,2005-10-06,0.016320105379582284,-0.0356394825949397,False,,3
OXY,2005-10-06,0.016442417504591633,-0.012709906935025083,False,,3
AVB,2011-08-08,0.016501838504142663,0.13976528008856653,False,,3
CRM,2011-08-08,0.016969356465917684,-0.005824413196128852,True,6.0,3
FSLR,2016-06-27,0.017182956004888172,-0.014447688411401222,True,6.0,3
DPZ,2015-08-24,0.01719376141709028,0.08318473841479178,False,,3
CMG,2022-09-26,0.017219474580522087,-0.009227576258389025,False,,3
SWKS,2019-05-13,0.01722550571043424,-0.10485427246045911,False,,3
MPWR,2022-06-13,0.01727221478225638,-0.06789678462715301,False,,3
SWKS,2020-09-10,0.017303935581025165,0.0673110307448729,False,,3
LRCX,2022-06-13,0.017325769887360787,-0.14235621332719792,False,,3
AKAM,2008-09-29,0.017473133527029283,0.010568021385988585,True,2.0,3
PLTR,2026-03-30,0.01795711498293251,0.042493906346869253,False,,3
INCY,2009-03-03,0.018018000602490147,0.08407082213372603,False,,3
CTSH,2008-09-29,0.018043823163758965,-0.1082089624001708,False,,3
EOG,2010-05-07,0.01814741380238094,0.021135612800813414,False,,3
NOW,2019-08-05,0.018885581362185988,0.01738897490399839,False,,3
QCOM,2022-04-11,0.018912556899695288,0.045968437362022475,False,,3
VLO,2005-10-06,0.019021734377973498,-0.05238018888364036,False,,3
TYL,2020-03-16,0.019446530510838445,0.0890806238028735,False,,3
EXR,2011-08-08,0.019618605285123047,0.06322156244631164,True,8.0,3
ROST,2015-08-24,0.019656038942673426,0.005340162106696523,False,,3
NVDA,2019-08-05,0.019961477205478806,0.05201558425798911,False,,3
TSCO,2015-08-24,0.01998069149256243,0.014662955058620353,False,,3
WYNN,2009-03-03,0.020254984565460266,0.2682925099018536,False,,3
DPZ,2011-08-08,0.020284489180832033,0.1865487020952998,False,,3
DHI,2009-03-03,0.020491928534218884,0.3467200024868948,False,,3
NOW,2016-06-27,0.020888942178683756,0.07676924191988431,False,,3
WYNN,2011-08-08,0.021117600706857198,0.049463390381115004,True,7.0,3
BKNG,2011-08-19,0.021271938763324005,0.15347890304457942,False,,3
INCY,2008-10-27,0.021390353877556167,0.0,True,6.0,3
CHTR,2020-03-16,0.021484968733421983,0.13656376232820858,False,,4
GLW,2018-10-11,0.021697622730220356,0.027795153865008002,False,,4
MRVL,2018-10-24,0.021765437964950785,-0.047337263625293155,False,,4
NOW,2022-04-11,0.021841160243248003,-0.07793869256739519,False,,4
CTSH,2011-08-08,0.022247597431798383,-0.0023830015393612788,False,,4
ANET,2022-05-09,0.02234575732942612,-0.023766325699642155,False,,4
DECK,2011-08-08,0.02235470857148547,0.012755115694524777,True,6.0,4
URI,2020-03-16,0.022467952778850053,0.059341912690280045,True,8.0,4
ADBE,2020-09-10,0.022718633907485408,-0.016609174182709626,False,,4
BKNG,2008-10-27,0.0231426113353288,-0.06607157158246801,True,7.0,4
DECK,2015-08-24,0.023362138005349697,0.002554367431180383,False,,4
BKNG,2015-08-24,0.023839088443663448,0.0970709421433772,False,,4
XYZ,2022-04-11,0.023886860320714742,-0.18798599780247763,False,,4
FTNT,2020-09-08,0.02425920441978735,-0.0034680607424897743,False,,4
NFLX,2020-03-16,0.024595057015898147,0.21584641143240582,False,,4
LITE,2020-03-16,0.024945408315350193,0.04365687313421317,True,11.0,4
ZBRA,2022-05-09,0.02571979506203048,0.0035609728532193107,False,,4
DHI,2008-10-02,0.026489784944864647,-0.5911289380272465,False,,4
PSX,2015-08-24,0.027350817063988675,0.0759305291360215,False,,4
NFLX,2021-03-08,0.028338005080283057,0.011984816405236342,False,,4
LITE,2020-09-08,0.028450305207085247,-0.0007980474270504492,False,,4
RVTY,2008-10-10,0.028557800938944222,0.0031185360585688675,True,2.0,4
WDC,2020-03-16,0.028854859971507274,0.12971074171680447,True,11.0,4
IT,2011-08-19,0.02889097063844326,0.017210136268316047,False,,4
STX,2016-06-27,0.02922855513579936,0.3961826181098494,False,,4
MU,2020-03-16,0.029590953953761545,0.12397836071467293,True,11.0,4
TDG,2011-08-08,0.02979830643617931,0.18242799086534217,False,,4
WYNN,2008-10-27,0.031081753685208602,0.49536250553824007,True,4.0,4
DE,2011-08-08,0.031170595576321514,0.01460778671649656,True,7.0,4
MRVL,2022-05-09,0.031453497005163866,0.06730430196305537,False,,4
MA,2025-04-07,0.03188340336176898,0.07891410073054715,False,,4
META,2020-03-16,0.032394837903994445,0.12000798544912301,False,,4
HUM,2009-03-03,0.03344950736769148,0.2193234011367008,False,,4
CMI,2008-10-27,0.033645134228786455,-0.05424916384611049,True,3.0,4
EQIX,2008-10-27,0.03464279366174283,0.11747112811417752,True,7.0,4
AMD,2021-12-06,0.03480509436835888,0.06428075324766214,False,,4
NOW,2021-03-08,0.03590131257484708,0.01427057552721401,False,,4
VLO,2010-05-07,0.036716931212497084,-0.02466083715332005,False,,4
PANW,2015-08-24,0.0374169618559792,0.13917050579741003,False,,4
MSI,2008-09-29,0.0374248858686943,-0.18037478776138893,False,,4
COIN,2025-03-10,0.03777271904169721,-0.06489251249579973,True,13.0,4
FTNT,2021-12-06,0.038179692955016886,0.20716376461635866,False,,4
ADBE,2021-03-08,0.03950613401853453,0.06308239390691149,False,,4
SWKS,2021-03-08,0.039826100385151,0.06496844276305778,False,,4
NVDA,2020-09-08,0.040879686400125737,0.09116951854087897,False,,4
LULU,2015-08-24,0.041137638695276646,-0.1321951393189469,False,,4
OKE,2015-08-24,0.042586388017654464,0.039057964540627044,False,,4
NVDA,2022-05-09,0.043599015811861985,0.05557106105251376,False,,4
ZBRA,2020-09-08,0.04421088227280179,-0.03004453704512505,False,,4
TPR,2008-10-27,0.04537013699475123,0.031509692794666304,True,7.0,4
TTWO,2021-03-08,0.04566269710292592,0.047869800815920856,False,,4
FTNT,2015-08-24,0.046187714894262655,0.044849312334231985,False,,4
AMD,2008-09-29,0.046620002574253805,-0.1291758830408661,False,,4
XYZ,2020-09-08,0.04701310658786784,0.11603165028132116,False,,4
SBUX,2015-08-24,0.05204618789141713,0.07458480719776554,False,,4
FTNT,2022-05-09,0.05529732222930028,0.1366411338840356,False,,4
XYZ,2020-02-26,0.0626714098611747,-0.5085391288860559,False,,4
RCL,2009-03-03,0.06502669974952457,0.4504951610397468,False,,4
KKR,2025-04-07,0.06592156209864419,0.09983644928264024,False,,4
AAPL,2015-08-24,0.0774823164034879,0.04653058868809196,False,,4
