date,ry,baa,rank,ticker,med_ret
2004-04-05,HIGH,MID,1,AXON,0.3013
2004-04-05,HIGH,MID,2,BIIB,0.2586
2004-04-05,HIGH,MID,3,MNST,0.2187
2004-04-05,HIGH,MID,4,TAP,0.1776
2004-04-05,HIGH,MID,5,ROST,0.134
2004-04-05,HIGH,MID,6,DVA,0.124
2004-04-05,HIGH,MID,7,WYNN,0.1214
2004-04-05,HIGH,MID,8,PNR,0.1181
2004-06-02,HIGH,MID,1,BIIB,0.2311
2004-06-02,HIGH,MID,2,MNST,0.1124
2004-06-02,HIGH,MID,3,WYNN,0.0839
2004-06-02,HIGH,MID,4,ORLY,0.0835
2004-06-02,HIGH,MID,5,VLO,0.0803
2004-06-02,HIGH,MID,6,DVA,0.0794
2004-06-02,HIGH,MID,7,AXON,0.0763
2004-06-02,HIGH,MID,8,SJM,0.076
2004-06-07,HIGH,TIGHT,1,MNST,0.059
2004-06-07,HIGH,TIGHT,2,AKAM,0.0481
2004-06-07,HIGH,TIGHT,3,COHR,0.0435
2004-06-07,HIGH,TIGHT,4,SPG,0.0368
2004-06-07,HIGH,TIGHT,5,FRT,0.0367
2004-06-07,HIGH,TIGHT,6,ADSK,0.0352
2004-06-07,HIGH,TIGHT,7,ISRG,0.0327
2004-06-07,HIGH,TIGHT,8,WMB,0.0318
2004-06-23,HIGH,MID,1,BIIB,0.2193
2004-06-23,HIGH,MID,2,MNST,0.0933
2004-06-23,HIGH,MID,3,WYNN,0.0804
2004-06-23,HIGH,MID,4,ORLY,0.0793
2004-06-23,HIGH,MID,5,VLO,0.0775
2004-06-23,HIGH,MID,6,DVA,0.0744
2004-06-23,HIGH,MID,7,SJM,0.0728
2004-06-23,HIGH,MID,8,HSY,0.0683
2004-10-14,MID,MID,1,AXON,0.3825
2004-10-14,MID,MID,2,NVDA,0.2243
2004-10-14,MID,MID,3,MOS,0.2109
2004-10-14,MID,MID,4,CI,0.2035
2004-10-14,MID,MID,5,EA,0.1582
2004-10-14,MID,MID,6,AMD,0.1581
2004-10-14,MID,MID,7,ROK,0.1543
2004-10-14,MID,MID,8,PAYX,0.1489
2004-11-08,HIGH,TIGHT,1,AKAM,0.051
2004-11-08,HIGH,TIGHT,2,COHR,0.0401
2004-11-08,HIGH,TIGHT,3,VRTX,0.0398
2004-11-08,HIGH,TIGHT,4,MNST,0.0391
2004-11-08,HIGH,TIGHT,5,EOG,0.0311
2004-11-08,HIGH,TIGHT,6,JBHT,0.0252
2004-11-08,HIGH,TIGHT,7,GILD,0.0247
2004-11-08,HIGH,TIGHT,8,TRMB,0.0247
2004-11-29,HIGH,TIGHT,1,MNST,0.0557
2004-11-29,HIGH,TIGHT,2,COHR,0.0447
2004-11-29,HIGH,TIGHT,3,ON,0.0427
2004-11-29,HIGH,TIGHT,4,AKAM,0.0417
2004-11-29,HIGH,TIGHT,5,VRTX,0.0386
2004-11-29,HIGH,TIGHT,6,EOG,0.0338
2004-11-29,HIGH,TIGHT,7,NUE,0.029
2004-11-29,HIGH,TIGHT,8,CTSH,0.0282
2004-12-06,MID,TIGHT,1,AAPL,0.1751
2004-12-06,MID,TIGHT,2,WMB,0.1001
2004-12-06,MID,TIGHT,3,MNST,0.0704
2004-12-06,MID,TIGHT,4,GRMN,0.07
2004-12-06,MID,TIGHT,5,BG,0.0645
2004-12-06,MID,TIGHT,6,MOS,0.063
2004-12-06,MID,TIGHT,7,STLD,0.0613
2004-12-06,MID,TIGHT,8,MSI,0.058
2005-01-04,HIGH,TIGHT,1,MPWR,0.07
2005-01-04,HIGH,TIGHT,2,ON,0.0461
2005-01-04,HIGH,TIGHT,3,AKAM,0.0415
2005-01-04,HIGH,TIGHT,4,COHR,0.04
2005-01-04,HIGH,TIGHT,5,MNST,0.0391
2005-01-04,HIGH,TIGHT,6,VRTX,0.0386
2005-01-04,HIGH,TIGHT,7,TRMB,0.0314
2005-01-04,HIGH,TIGHT,8,DPZ,0.0313
2005-01-18,MID,TIGHT,1,AXON,0.0936
2005-01-18,MID,TIGHT,2,MNST,0.0775
2005-01-18,MID,TIGHT,3,GRMN,0.0617
2005-01-18,MID,TIGHT,4,DECK,0.0582
2005-01-18,MID,TIGHT,5,STLD,0.0545
2005-01-18,MID,TIGHT,6,ISRG,0.0522
2005-01-18,MID,TIGHT,7,CCJ,0.051
2005-01-18,MID,TIGHT,8,GOOG,0.0493
2005-03-09,HIGH,TIGHT,1,MNST,0.0391
2005-03-09,HIGH,TIGHT,2,EOG,0.0288
2005-03-09,HIGH,TIGHT,3,AKAM,0.0268
2005-03-09,HIGH,TIGHT,4,VRTX,0.0244
2005-03-09,HIGH,TIGHT,5,CCJ,0.0239
2005-03-09,HIGH,TIGHT,6,VLO,0.0228
2005-03-09,HIGH,TIGHT,7,NUE,0.0219
2005-03-09,HIGH,TIGHT,8,STX,0.0207
2005-04-15,MID,TIGHT,1,TPL,0.0805
2005-04-15,MID,TIGHT,2,CCJ,0.0474
2005-04-15,MID,TIGHT,3,MNST,0.0402
2005-04-15,MID,TIGHT,4,FIX,0.0363
2005-04-15,MID,TIGHT,5,SBUX,0.0354
2005-04-15,MID,TIGHT,6,TTWO,0.0322
2005-04-15,MID,TIGHT,7,URI,0.0301
2005-04-15,MID,TIGHT,8,JBHT,0.03
2005-06-10,HIGH,TIGHT,1,MNST,0.0294
2005-06-10,HIGH,TIGHT,2,STZ,0.025
2005-06-10,HIGH,TIGHT,3,ISRG,0.0242
2005-06-10,HIGH,TIGHT,4,BXP,0.0223
2005-06-10,HIGH,TIGHT,5,AKAM,0.0198
2005-06-10,HIGH,TIGHT,6,FRT,0.018
2005-06-10,HIGH,TIGHT,7,ADSK,0.0162
2005-06-10,HIGH,TIGHT,8,GOOGL,0.0158
2005-06-22,MID,TIGHT,1,DXCM,0.3194
2005-06-22,MID,TIGHT,2,MPWR,0.1003
2005-06-22,MID,TIGHT,3,MNST,0.0836
2005-06-22,MID,TIGHT,4,TTWO,0.0704
2005-06-22,MID,TIGHT,5,EOG,0.062
2005-06-22,MID,TIGHT,6,RL,0.0562
2005-06-22,MID,TIGHT,7,CCJ,0.0479
2005-06-22,MID,TIGHT,8,URI,0.0469
2005-07-05,HIGH,TIGHT,1,MNST,0.032
2005-07-05,HIGH,TIGHT,2,STZ,0.0246
2005-07-05,HIGH,TIGHT,3,VRTX,0.0202
2005-07-05,HIGH,TIGHT,4,GOOGL,0.0201
2005-07-05,HIGH,TIGHT,5,GOOG,0.0201
2005-07-05,HIGH,TIGHT,6,BXP,0.0197
2005-07-05,HIGH,TIGHT,7,ISRG,0.0187
2005-07-05,HIGH,TIGHT,8,FRT,0.0168
2005-08-30,MID,TIGHT,1,DXCM,0.1121
2005-08-30,MID,TIGHT,2,MPWR,0.0888
2005-08-30,MID,TIGHT,3,MNST,0.0807
2005-08-30,MID,TIGHT,4,TTWO,0.0622
2005-08-30,MID,TIGHT,5,EOG,0.0504
2005-08-30,MID,TIGHT,6,RL,0.0488
2005-08-30,MID,TIGHT,7,CCJ,0.0462
2005-08-30,MID,TIGHT,8,URI,0.0433
2005-09-23,HIGH,TIGHT,1,VLO,0.0337
2005-09-23,HIGH,TIGHT,2,ADSK,0.0337
2005-09-23,HIGH,TIGHT,3,VRTX,0.0318
2005-09-23,HIGH,TIGHT,4,MNST,0.0316
2005-09-23,HIGH,TIGHT,5,DXCM,0.0315
2005-09-23,HIGH,TIGHT,6,EIX,0.0249
2005-09-23,HIGH,TIGHT,7,PWR,0.0241
2005-09-23,HIGH,TIGHT,8,COR,0.0233
2007-08-16,HIGH,MID,1,CBRE,0.1915
2007-08-16,HIGH,MID,2,WYNN,0.176
2007-08-16,HIGH,MID,3,GOOG,0.1353
2007-08-16,HIGH,MID,4,GOOGL,0.1353
2007-08-16,HIGH,MID,5,DPZ,0.0987
2007-08-16,HIGH,MID,6,CME,0.0956
2007-08-16,HIGH,MID,7,NUE,0.0816
2007-08-16,HIGH,MID,8,CRM,0.0799
2007-08-23,HIGH,TIGHT,1,CF,0.8294
2007-08-23,HIGH,TIGHT,2,ALGN,0.7723
2007-08-23,HIGH,TIGHT,3,ICE,0.7251
2007-08-23,HIGH,TIGHT,4,BKNG,0.6956
2007-08-23,HIGH,TIGHT,5,GRMN,0.5749
2007-08-23,HIGH,TIGHT,6,DECK,0.5724
2007-08-23,HIGH,TIGHT,7,CMG,0.4815
2007-08-23,HIGH,TIGHT,8,FSLR,0.4574
2007-09-05,HIGH,MID,1,CBRE,0.1872
2007-09-05,HIGH,MID,2,WYNN,0.1653
2007-09-05,HIGH,MID,3,DPZ,0.0948
2007-09-05,HIGH,MID,4,CME,0.0835
2007-09-05,HIGH,MID,5,GOOGL,0.0833
2007-09-05,HIGH,MID,6,GOOG,0.0833
2007-09-05,HIGH,MID,7,NUE,0.0761
2007-09-05,HIGH,MID,8,VLO,0.0733
2007-09-20,HIGH,TIGHT,1,CF,0.813
2007-09-20,HIGH,TIGHT,2,ALGN,0.7698
2007-09-20,HIGH,TIGHT,3,BKNG,0.6928
2007-09-20,HIGH,TIGHT,4,ICE,0.6753
2007-09-20,HIGH,TIGHT,5,GRMN,0.5714
2007-09-20,HIGH,TIGHT,6,DECK,0.5641
2007-09-20,HIGH,TIGHT,7,CMG,0.4769
2007-09-20,HIGH,TIGHT,8,FSLR,0.4236
2007-11-07,HIGH,MID,1,MPWR,0.1648
2007-11-07,HIGH,MID,2,CBRE,0.1502
2007-11-07,HIGH,MID,3,WYNN,0.145
2007-11-07,HIGH,MID,4,FCX,0.0883
2007-11-07,HIGH,MID,5,DPZ,0.0836
2007-11-07,HIGH,MID,6,BX,0.0826
2007-11-07,HIGH,MID,7,LULU,0.0811
2007-11-07,HIGH,MID,8,MA,0.0782
2007-11-19,MID,MID,1,AXON,0.2214
2007-11-19,MID,MID,2,MOS,0.1861
2007-11-19,MID,MID,3,CI,0.1816
2007-11-19,MID,MID,4,AMD,0.1348
2007-11-19,MID,MID,5,NVDA,0.1212
2007-11-19,MID,MID,6,IT,0.1174
2007-11-19,MID,MID,7,ADSK,0.1158
2007-11-19,MID,MID,8,GEN,0.1128
2007-12-06,HIGH,MID,1,WYNN,0.1329
2007-12-06,HIGH,MID,2,CBRE,0.1194
2007-12-06,HIGH,MID,3,FCX,0.072
2007-12-06,HIGH,MID,4,DPZ,0.062
2007-12-06,HIGH,MID,5,PODD,0.0619
2007-12-06,HIGH,MID,6,NUE,0.0611
2007-12-06,HIGH,MID,7,VLO,0.0608
2007-12-06,HIGH,MID,8,DRI,0.0607
2008-01-02,MID,MID,1,MOS,0.1861
2008-01-02,MID,MID,2,AXON,0.186
2008-01-02,MID,MID,3,WBD,0.1557
2008-01-02,MID,MID,4,BLDR,0.1503
2008-01-02,MID,MID,5,CMG,0.1473
2008-01-02,MID,MID,6,MPWR,0.1319
2008-01-02,MID,MID,7,CI,0.1295
2008-01-02,MID,MID,8,CF,0.1229
2008-06-24,MID,WIDE,1,MRVL,0.3815
2008-06-24,MID,WIDE,2,VRTX,0.3639
2008-06-24,MID,WIDE,3,CMI,0.3543
2008-06-24,MID,WIDE,4,NDSN,0.3401
2008-06-24,MID,WIDE,5,HAS,0.3374
2008-06-24,MID,WIDE,6,PWR,0.331
2008-06-24,MID,WIDE,7,MOS,0.3177
2008-06-24,MID,WIDE,8,MPWR,0.2935
2008-08-08,HIGH,WIDE,1,HAL,0.0304
2008-08-08,HIGH,WIDE,2,FFIV,0.0202
2008-08-08,HIGH,WIDE,3,NEM,0.0177
2008-08-08,HIGH,WIDE,4,SLB,0.0162
2008-08-08,HIGH,WIDE,5,TPL,0.0151
2008-08-08,HIGH,WIDE,6,IT,0.0137
2008-08-08,HIGH,WIDE,7,PHM,0.0126
2008-08-08,HIGH,WIDE,8,PPL,0.0126
2008-08-14,MID,WIDE,1,MRVL,0.3386
2008-08-14,MID,WIDE,2,CMI,0.3016
2008-08-14,MID,WIDE,3,NDSN,0.286
2008-08-14,MID,WIDE,4,PWR,0.2702
2008-08-14,MID,WIDE,5,EW,0.2568
2008-08-14,MID,WIDE,6,SWKS,0.2527
2008-08-14,MID,WIDE,7,HAS,0.2455
2008-08-14,MID,WIDE,8,VRTX,0.2386
2008-09-16,HIGH,WIDE,1,HAL,0.0251
2008-09-16,HIGH,WIDE,2,ROL,0.0156
2008-09-16,HIGH,WIDE,3,SLB,0.0147
2008-09-16,HIGH,WIDE,4,DECK,0.0137
2008-09-16,HIGH,WIDE,5,IT,0.0135
2008-09-16,HIGH,WIDE,6,PHM,0.013
2008-09-16,HIGH,WIDE,7,DVN,0.0128
2008-09-16,HIGH,WIDE,8,NEM,0.0125
2009-02-09,MID,WIDE,1,NDSN,0.2257
2009-02-09,MID,WIDE,2,SWKS,0.2209
2009-02-09,MID,WIDE,3,VRTX,0.2172
2009-02-09,MID,WIDE,4,PWR,0.2118
2009-02-09,MID,WIDE,5,MRVL,0.2117
2009-02-09,MID,WIDE,6,MOS,0.187
2009-02-09,MID,WIDE,7,WDC,0.1789
2009-02-09,MID,WIDE,8,FFIV,0.1712
2009-02-24,HIGH,WIDE,1,NFLX,0.2929
2009-02-24,HIGH,WIDE,2,MS,0.1882
2009-02-24,HIGH,WIDE,3,AMZN,0.168
2009-02-24,HIGH,WIDE,4,UNH,0.163
2009-02-24,HIGH,WIDE,5,VTRS,0.1596
2009-02-24,HIGH,WIDE,6,DPZ,0.1569
2009-02-24,HIGH,WIDE,7,CMS,0.1385
2009-02-24,HIGH,WIDE,8,VRTX,0.1305
2009-03-18,MID,WIDE,1,VRTX,0.2099
2009-03-18,MID,WIDE,2,NDSN,0.2084
2009-03-18,MID,WIDE,3,SWKS,0.2016
2009-03-18,MID,WIDE,4,MRVL,0.1856
2009-03-18,MID,WIDE,5,MOS,0.1772
2009-03-18,MID,WIDE,6,PWR,0.1585
2009-03-18,MID,WIDE,7,DLTR,0.1516
2009-03-18,MID,WIDE,8,WDC,0.1332
2009-05-01,HIGH,WIDE,1,NFLX,0.2387
2009-05-01,HIGH,WIDE,2,MS,0.1796
2009-05-01,HIGH,WIDE,3,UNH,0.1614
2009-05-01,HIGH,WIDE,4,AMZN,0.1429
2009-05-01,HIGH,WIDE,5,VTRS,0.1387
2009-05-01,HIGH,WIDE,6,HUM,0.1244
2009-05-01,HIGH,WIDE,7,NTRS,0.1219
2009-05-01,HIGH,WIDE,8,DPZ,0.1141
2009-05-11,MID,WIDE,1,ON,0.1637
2009-05-11,MID,WIDE,2,NDSN,0.1628
2009-05-11,MID,WIDE,3,TRMB,0.1612
2009-05-11,MID,WIDE,4,WAB,0.1451
2009-05-11,MID,WIDE,5,MRVL,0.1445
2009-05-11,MID,WIDE,6,SWKS,0.1432
2009-05-11,MID,WIDE,7,VRTX,0.138
2009-05-11,MID,WIDE,8,CMI,0.1322
2009-06-04,HIGH,WIDE,1,NFLX,0.2197
2009-06-04,HIGH,WIDE,2,MS,0.1619
2009-06-04,HIGH,WIDE,3,UNH,0.1481
2009-06-04,HIGH,WIDE,4,HUM,0.1147
2009-06-04,HIGH,WIDE,5,VTRS,0.1139
2009-06-04,HIGH,WIDE,6,AMZN,0.1088
2009-06-04,HIGH,WIDE,7,NTRS,0.1061
2009-06-04,HIGH,WIDE,8,SBAC,0.1015
2009-08-19,MID,WIDE,1,NDSN,0.1302
2009-08-19,MID,WIDE,2,ON,0.1292
2009-08-19,MID,WIDE,3,WAB,0.1263
2009-08-19,MID,WIDE,4,MRVL,0.1239
2009-08-19,MID,WIDE,5,VRTX,0.1202
2009-08-19,MID,WIDE,6,SWKS,0.1156
2009-08-19,MID,WIDE,7,MOS,0.1008
2009-08-19,MID,WIDE,8,CMI,0.1005
2009-08-25,HIGH,WIDE,1,NFLX,0.1542
2009-08-25,HIGH,WIDE,2,AVGO,0.1057
2009-08-25,HIGH,WIDE,3,NTAP,0.0901
2009-08-25,HIGH,WIDE,4,UNH,0.0885
2009-08-25,HIGH,WIDE,5,AMZN,0.0866
2009-08-25,HIGH,WIDE,6,SBAC,0.0842
2009-08-25,HIGH,WIDE,7,WDC,0.0785
2009-08-25,HIGH,WIDE,8,LHX,0.0706
2009-09-02,MID,WIDE,1,NDSN,0.1282
2009-09-02,MID,WIDE,2,ON,0.1273
2009-09-02,MID,WIDE,3,VRTX,0.1189
2009-09-02,MID,WIDE,4,MRVL,0.1188
2009-09-02,MID,WIDE,5,WAB,0.1111
2009-09-02,MID,WIDE,6,SWKS,0.1052
2009-09-02,MID,WIDE,7,CMI,0.0974
2009-09-02,MID,WIDE,8,MOS,0.0973
2009-12-21,MID,MID,1,AXON,0.1445
2009-12-21,MID,MID,2,BLDR,0.1396
2009-12-21,MID,MID,3,MOS,0.1302
2009-12-21,MID,MID,4,CI,0.1231
2009-12-21,MID,MID,5,CMG,0.1152
2009-12-21,MID,MID,6,NVDA,0.1143
2009-12-21,MID,MID,7,MPWR,0.1091
2009-12-21,MID,MID,8,ULTA,0.1073
2010-02-12,MID,WIDE,1,MRVL,0.2149
2010-02-12,MID,WIDE,2,WDC,0.1479
2010-02-12,MID,WIDE,3,SWKS,0.1342
2010-02-12,MID,WIDE,4,MOS,0.1261
2010-02-12,MID,WIDE,5,VRTX,0.1205
2010-02-12,MID,WIDE,6,EQIX,0.1132
2010-02-12,MID,WIDE,7,FFIV,0.1051
2010-02-12,MID,WIDE,8,HAS,0.0989
2010-02-19,MID,MID,1,UAL,0.1993
2010-02-19,MID,MID,2,AXON,0.1196
2010-02-19,MID,MID,3,CMG,0.0953
2010-02-19,MID,MID,4,NFLX,0.0924
2010-02-19,MID,MID,5,CMI,0.0921
2010-02-19,MID,MID,6,REGN,0.0894
2010-02-19,MID,MID,7,CIEN,0.0869
2010-02-19,MID,MID,8,SMCI,0.0743
2010-05-20,MID,WIDE,1,MRVL,0.2129
2010-05-20,MID,WIDE,2,WDC,0.1464
2010-05-20,MID,WIDE,3,SWKS,0.1302
2010-05-20,MID,WIDE,4,MOS,0.125
2010-05-20,MID,WIDE,5,VRTX,0.1189
2010-05-20,MID,WIDE,6,EQIX,0.11
2010-05-20,MID,WIDE,7,FFIV,0.0994
2010-05-20,MID,WIDE,8,CRM,0.0977
2010-10-21,MID,WIDE,1,LYB,0.4063
2010-10-21,MID,WIDE,2,FTNT,0.314
2010-10-21,MID,WIDE,3,MOS,0.1592
2010-10-21,MID,WIDE,4,SWKS,0.1436
2010-10-21,MID,WIDE,5,TRMB,0.126
2010-10-21,MID,WIDE,6,EW,0.1217
2010-10-21,MID,WIDE,7,NDSN,0.1131
2010-10-21,MID,WIDE,8,IEX,0.108
2010-11-04,LOW,WIDE,1,EBAY,0.0435
2010-11-04,LOW,WIDE,2,AMZN,0.0397
2010-11-04,LOW,WIDE,3,STX,0.0358
2010-11-04,LOW,WIDE,4,EME,0.03
2010-11-04,LOW,WIDE,5,FTNT,0.0297
2010-11-04,LOW,WIDE,6,GILD,0.0286
2010-11-04,LOW,WIDE,7,AAPL,0.0283
2010-11-04,LOW,WIDE,8,CMCSA,0.0263
2010-11-09,MID,WIDE,1,LYB,0.4028
2010-11-09,MID,WIDE,2,FTNT,0.2926
2010-11-09,MID,WIDE,3,MOS,0.1559
2010-11-09,MID,WIDE,4,SWKS,0.1409
2010-11-09,MID,WIDE,5,TRMB,0.1192
2010-11-09,MID,WIDE,6,EW,0.116
2010-11-09,MID,WIDE,7,NDSN,0.1105
2010-11-09,MID,WIDE,8,IEX,0.1033
2010-12-23,MID,MID,1,NFLX,0.1098
2010-12-23,MID,MID,2,CMG,0.0955
2010-12-23,MID,MID,3,TMUS,0.0729
2010-12-23,MID,MID,4,REGN,0.0711
2010-12-23,MID,MID,5,CMI,0.0601
2010-12-23,MID,MID,6,UHS,0.0557
2010-12-23,MID,MID,7,ORLY,0.0476
2010-12-23,MID,MID,8,SHW,0.0454
2011-01-07,MID,WIDE,1,LYB,0.2537
2011-01-07,MID,WIDE,2,SWKS,0.1346
2011-01-07,MID,WIDE,3,EW,0.1315
2011-01-07,MID,WIDE,4,MOS,0.1288
2011-01-07,MID,WIDE,5,CPAY,0.1121
2011-01-07,MID,WIDE,6,NDSN,0.112
2011-01-07,MID,WIDE,7,TRMB,0.0991
2011-01-07,MID,WIDE,8,JBL,0.099
2011-01-19,MID,MID,1,NFLX,0.0989
2011-01-19,MID,MID,2,CMG,0.0855
2011-01-19,MID,MID,3,TMUS,0.0753
2011-01-19,MID,MID,4,REGN,0.0658
2011-01-19,MID,MID,5,CMI,0.0521
2011-01-19,MID,MID,6,NXPI,0.0516
2011-01-19,MID,MID,7,UHS,0.0484
2011-01-19,MID,MID,8,ORLY,0.0422
2011-06-03,MID,WIDE,1,LYB,0.2258
2011-06-03,MID,WIDE,2,SWKS,0.1329
2011-06-03,MID,WIDE,3,MOS,0.1259
2011-06-03,MID,WIDE,4,EW,0.1217
2011-06-03,MID,WIDE,5,NDSN,0.1071
2011-06-03,MID,WIDE,6,A,0.0965
2011-06-03,MID,WIDE,7,TRMB,0.0956
2011-06-03,MID,WIDE,8,JBL,0.0946
2011-07-01,MID,MID,1,NFLX,0.1049
2011-07-01,MID,MID,2,REGN,0.0774
2011-07-01,MID,MID,3,TMUS,0.065
2011-07-01,MID,MID,4,CMG,0.0641
2011-07-01,MID,MID,5,UHS,0.055
2011-07-01,MID,MID,6,TSLA,0.0438
2011-07-01,MID,MID,7,DLTR,0.0323
2011-07-01,MID,MID,8,ORLY,0.0308
2011-07-08,MID,WIDE,1,LYB,0.1899
2011-07-08,MID,WIDE,2,MPC,0.1208
2011-07-08,MID,WIDE,3,SWKS,0.1168
2011-07-08,MID,WIDE,4,MOS,0.1165
2011-07-08,MID,WIDE,5,EW,0.1072
2011-07-08,MID,WIDE,6,NDSN,0.1068
2011-07-08,MID,WIDE,7,A,0.0916
2011-07-08,MID,WIDE,8,JBL,0.0889
2011-07-29,LOW,WIDE,1,AMZN,0.038
2011-07-29,LOW,WIDE,2,EBAY,0.031
2011-07-29,LOW,WIDE,3,BKNG,0.0278
2011-07-29,LOW,WIDE,4,EME,0.0245
2011-07-29,LOW,WIDE,5,CF,0.0241
2011-07-29,LOW,WIDE,6,GILD,0.022
2011-07-29,LOW,WIDE,7,AKAM,0.0216
2011-07-29,LOW,WIDE,8,AXON,0.0212
2013-06-21,MID,WIDE,1,LYB,0.1556
2013-06-21,MID,WIDE,2,SWKS,0.1147
2013-06-21,MID,WIDE,3,MOS,0.106
2013-06-21,MID,WIDE,4,NDSN,0.1041
2013-06-21,MID,WIDE,5,MPC,0.092
2013-06-21,MID,WIDE,6,EW,0.0892
2013-06-21,MID,WIDE,7,A,0.0892
2013-06-21,MID,WIDE,8,JBL,0.0854
2013-07-01,LOW,WIDE,1,PHM,0.6136
2013-07-01,LOW,WIDE,2,STZ,0.4538
2013-07-01,LOW,WIDE,3,LYB,0.3097
2013-07-01,LOW,WIDE,4,CPAY,0.303
2013-07-01,LOW,WIDE,5,GILD,0.3026
2013-07-01,LOW,WIDE,6,REGN,0.2974
2013-07-01,LOW,WIDE,7,CHTR,0.29
2013-07-01,LOW,WIDE,8,TMUS,0.2823
2013-07-05,MID,WIDE,1,LYB,0.1454
2013-07-05,MID,WIDE,2,SWKS,0.1127
2013-07-05,MID,WIDE,3,MOS,0.105
2013-07-05,MID,WIDE,4,NDSN,0.1035
2013-07-05,MID,WIDE,5,A,0.0888
2013-07-05,MID,WIDE,6,EW,0.0853
2013-07-05,MID,WIDE,7,JBL,0.0842
2013-07-05,MID,WIDE,8,COO,0.081
2013-07-15,LOW,WIDE,1,PHM,0.6041
2013-07-15,LOW,WIDE,2,STZ,0.4506
2013-07-15,LOW,WIDE,3,LYB,0.3058
2013-07-15,LOW,WIDE,4,CPAY,0.3023
2013-07-15,LOW,WIDE,5,GILD,0.3021
2013-07-15,LOW,WIDE,6,REGN,0.2939
2013-07-15,LOW,WIDE,7,CHTR,0.2836
2013-07-15,LOW,WIDE,8,TMUS,0.2823
2013-08-07,LOW,WIDE,1,PHM,0.5984
2013-08-07,LOW,WIDE,2,STZ,0.4484
2013-08-07,LOW,WIDE,3,LYB,0.3053
2013-08-07,LOW,WIDE,4,GILD,0.3011
2013-08-07,LOW,WIDE,5,CPAY,0.2994
2013-08-07,LOW,WIDE,6,REGN,0.2915
2013-08-07,LOW,WIDE,7,CHTR,0.2811
2013-08-07,LOW,WIDE,8,TMUS,0.2787
2013-08-15,MID,MID,1,NFLX,0.1033
2013-08-15,MID,MID,2,REGN,0.0758
2013-08-15,MID,MID,3,TMUS,0.0649
2013-08-15,MID,MID,4,CMG,0.0634
2013-08-15,MID,MID,5,UHS,0.0544
2013-08-15,MID,MID,6,TSLA,0.0436
2013-08-15,MID,MID,7,DLTR,0.0319
2013-08-15,MID,MID,8,ORLY,0.0308
2013-09-26,LOW,WIDE,1,PHM,0.5497
2013-09-26,LOW,WIDE,2,STZ,0.4397
2013-09-26,LOW,WIDE,3,LYB,0.302
2013-09-26,LOW,WIDE,4,GILD,0.2969
2013-09-26,LOW,WIDE,5,CPAY,0.2959
2013-09-26,LOW,WIDE,6,REGN,0.2894
2013-09-26,LOW,WIDE,7,CHTR,0.2796
2013-09-26,LOW,WIDE,8,TMUS,0.2751
2013-10-10,MID,MID,1,NFLX,0.0915
2013-10-10,MID,MID,2,REGN,0.0806
2013-10-10,MID,MID,3,TMUS,0.0575
2013-10-10,MID,MID,4,UHS,0.055
2013-10-10,MID,MID,5,CMG,0.054
2013-10-10,MID,MID,6,DLTR,0.034
2013-10-10,MID,MID,7,ORLY,0.0293
2013-10-10,MID,MID,8,CHTR,0.028
2013-10-17,LOW,MID,1,LYV,0.1029
2013-10-17,LOW,MID,2,VTRS,0.0912
2013-10-17,LOW,MID,3,MPWR,0.0908
2013-10-17,LOW,MID,4,SMCI,0.0862
2013-10-17,LOW,MID,5,SATS,0.076
2013-10-17,LOW,MID,6,TSN,0.0752
2013-10-17,LOW,MID,7,CPAY,0.0663
2013-10-17,LOW,MID,8,INCY,0.0593
2013-11-01,MID,MID,1,NFLX,0.0875
2013-11-01,MID,MID,2,REGN,0.0778
2013-11-01,MID,MID,3,TMUS,0.0557
2013-11-01,MID,MID,4,UHS,0.054
2013-11-01,MID,MID,5,CMG,0.0539
2013-11-01,MID,MID,6,DLTR,0.0335
2013-11-01,MID,MID,7,ORLY,0.0306
2013-11-01,MID,MID,8,CHTR,0.0276
2014-02-27,LOW,MID,1,EXPE,0.0621
2014-02-27,LOW,MID,2,INCY,0.037
2014-02-27,LOW,MID,3,NXPI,0.0347
2014-02-27,LOW,MID,4,MPWR,0.0339
2014-02-27,LOW,MID,5,MCHP,0.0327
2014-02-27,LOW,MID,6,TTWO,0.0327
2014-02-27,LOW,MID,7,HPQ,0.0311
2014-02-27,LOW,MID,8,MU,0.0273
2014-03-04,MID,MID,1,NFLX,0.0923
2014-03-04,MID,MID,2,TSLA,0.0568
2014-03-04,MID,MID,3,REGN,0.0565
2014-03-04,MID,MID,4,CMG,0.0443
2014-03-04,MID,MID,5,TMUS,0.0434
2014-03-04,MID,MID,6,FFIV,0.0361
2014-03-04,MID,MID,7,UHS,0.0306
2014-03-04,MID,MID,8,HCA,0.0282
2014-03-13,LOW,MID,1,MPWR,0.0392
2014-03-13,LOW,MID,2,INCY,0.037
2014-03-13,LOW,MID,3,NXPI,0.0316
2014-03-13,LOW,MID,4,MCHP,0.0303
2014-03-13,LOW,MID,5,MU,0.0276
2014-03-13,LOW,MID,6,TTWO,0.0253
2014-03-13,LOW,MID,7,CAH,0.0241
2014-03-13,LOW,MID,8,IBKR,0.0241
2014-03-17,MID,MID,1,NFLX,0.0875
2014-03-17,MID,MID,2,REGN,0.0554
2014-03-17,MID,MID,3,TSLA,0.0476
2014-03-17,MID,MID,4,CMG,0.0432
2014-03-17,MID,MID,5,TMUS,0.039
2014-03-17,MID,MID,6,FFIV,0.0337
2014-03-17,MID,MID,7,UHS,0.0299
2014-03-17,MID,MID,8,HCA,0.0257
2014-04-23,LOW,MID,1,MPWR,0.0346
2014-04-23,LOW,MID,2,INCY,0.0342
2014-04-23,LOW,MID,3,NXPI,0.0283
2014-04-23,LOW,MID,4,MU,0.0257
2014-04-23,LOW,MID,5,MCHP,0.025
2014-04-23,LOW,MID,6,IBKR,0.0232
2014-04-23,LOW,MID,7,TTWO,0.0229
2014-04-23,LOW,MID,8,CAH,0.021
2014-09-17,MID,MID,1,NFLX,0.0739
2014-09-17,MID,MID,2,REGN,0.0504
2014-09-17,MID,MID,3,CMG,0.0387
2014-09-17,MID,MID,4,FFIV,0.0277
2014-09-17,MID,MID,5,TSLA,0.0271
2014-09-17,MID,MID,6,UHS,0.0261
2014-09-17,MID,MID,7,TMUS,0.024
2014-09-17,MID,MID,8,CRM,0.0205
2014-10-07,LOW,MID,1,MNST,0.2758
2014-10-07,LOW,MID,2,ULTA,0.2472
2014-10-07,LOW,MID,3,AXON,0.2246
2014-10-07,LOW,MID,4,LUV,0.1989
2014-10-07,LOW,MID,5,AVGO,0.1832
2014-10-07,LOW,MID,6,STLD,0.1452
2014-10-07,LOW,MID,7,BBY,0.1194
2014-10-07,LOW,MID,8,GILD,0.1183
2014-12-05,MID,MID,1,NFLX,0.0676
2014-12-05,MID,MID,2,REGN,0.046
2014-12-05,MID,MID,3,CMG,0.0369
2014-12-05,MID,MID,4,FFIV,0.0255
2014-12-05,MID,MID,5,UHS,0.0236
2014-12-05,MID,MID,6,TMUS,0.0192
2014-12-05,MID,MID,7,ESS,0.0184
2014-12-05,MID,MID,8,TSLA,0.0174
2014-12-09,LOW,MID,1,ULTA,0.2075
2014-12-09,LOW,MID,2,AXON,0.2068
2014-12-09,LOW,MID,3,AVGO,0.1532
2014-12-09,LOW,MID,4,LUV,0.1506
2014-12-09,LOW,MID,5,MNST,0.1233
2014-12-09,LOW,MID,6,SMCI,0.1082
2014-12-09,LOW,MID,7,BBY,0.1041
2014-12-09,LOW,MID,8,MPWR,0.0901
2014-12-23,MID,MID,1,NFLX,0.0645
2014-12-23,MID,MID,2,REGN,0.0452
2014-12-23,MID,MID,3,CMG,0.0357
2014-12-23,MID,MID,4,FFIV,0.0248
2014-12-23,MID,MID,5,UHS,0.0218
2014-12-23,MID,MID,6,TMUS,0.0188
2014-12-23,MID,MID,7,ESS,0.0181
2014-12-23,MID,MID,8,TSLA,0.0168
2014-12-31,LOW,MID,1,ULTA,0.1916
2014-12-31,LOW,MID,2,AXON,0.1717
2014-12-31,LOW,MID,3,LUV,0.1373
2014-12-31,LOW,MID,4,MNST,0.1122
2014-12-31,LOW,MID,5,SMCI,0.1039
2014-12-31,LOW,MID,6,AVGO,0.1038
2014-12-31,LOW,MID,7,BBY,0.0958
2014-12-31,LOW,MID,8,MPWR,0.0875
2015-05-13,LOW,WIDE,1,PHM,0.5
2015-05-13,LOW,WIDE,2,STZ,0.4344
2015-05-13,LOW,WIDE,3,GILD,0.2942
2015-05-13,LOW,WIDE,4,LYB,0.2928
2015-05-13,LOW,WIDE,5,CPAY,0.2871
2015-05-13,LOW,WIDE,6,REGN,0.282
2015-05-13,LOW,WIDE,7,TMUS,0.2735
2015-05-13,LOW,WIDE,8,CHTR,0.2721
2015-06-05,MID,MID,1,NFLX,0.0625
2015-06-05,MID,MID,2,REGN,0.0449
2015-06-05,MID,MID,3,CMG,0.0347
2015-06-05,MID,MID,4,FFIV,0.0246
2015-06-05,MID,MID,5,UHS,0.0204
2015-06-05,MID,MID,6,ESS,0.0178
2015-06-05,MID,MID,7,TMUS,0.0175
2015-06-05,MID,MID,8,ORLY,0.0158
2015-06-16,LOW,WIDE,1,STZ,0.4279
2015-06-16,LOW,WIDE,2,PHM,0.392
2015-06-16,LOW,WIDE,3,GILD,0.2899
2015-06-16,LOW,WIDE,4,LYB,0.2855
2015-06-16,LOW,WIDE,5,CPAY,0.2833
2015-06-16,LOW,WIDE,6,REGN,0.2696
2015-06-16,LOW,WIDE,7,TMUS,0.2662
2015-06-16,LOW,WIDE,8,CHTR,0.2616
2015-07-10,MID,WIDE,1,LYB,0.1129
2015-07-10,MID,WIDE,2,MOS,0.0973
2015-07-10,MID,WIDE,3,NDSN,0.0958
2015-07-10,MID,WIDE,4,SWKS,0.0954
2015-07-10,MID,WIDE,5,A,0.0788
2015-07-10,MID,WIDE,6,JBL,0.0786
2015-07-10,MID,WIDE,7,EW,0.0756
2015-07-10,MID,WIDE,8,TRMB,0.0751
2015-07-31,LOW,WIDE,1,STZ,0.4171
2015-07-31,LOW,WIDE,2,PHM,0.3296
2015-07-31,LOW,WIDE,3,GILD,0.2857
2015-07-31,LOW,WIDE,4,LYB,0.2764
2015-07-31,LOW,WIDE,5,CPAY,0.2747
2015-07-31,LOW,WIDE,6,REGN,0.2647
2015-07-31,LOW,WIDE,7,TMUS,0.2576
2015-07-31,LOW,WIDE,8,PKG,0.2494
2015-08-04,MID,WIDE,1,NDSN,0.0932
2015-08-04,MID,WIDE,2,SWKS,0.0923
2015-08-04,MID,WIDE,3,MOS,0.0857
2015-08-04,MID,WIDE,4,LYB,0.0763
2015-08-04,MID,WIDE,5,A,0.0736
2015-08-04,MID,WIDE,6,JBL,0.0728
2015-08-04,MID,WIDE,7,EW,0.0716
2015-08-04,MID,WIDE,8,TRMB,0.0714
2016-02-11,LOW,WIDE,1,STZ,0.4135
2016-02-11,LOW,WIDE,2,PHM,0.3168
2016-02-11,LOW,WIDE,3,GILD,0.283
2016-02-11,LOW,WIDE,4,LYB,0.2748
2016-02-11,LOW,WIDE,5,CPAY,0.2706
2016-02-11,LOW,WIDE,6,REGN,0.2627
2016-02-11,LOW,WIDE,7,TMUS,0.252
2016-02-11,LOW,WIDE,8,PKG,0.2492
2016-02-16,MID,WIDE,1,TRMB,0.0749
2016-02-16,MID,WIDE,2,COHR,0.0703
2016-02-16,MID,WIDE,3,TPR,0.0631
2016-02-16,MID,WIDE,4,EW,0.0607
2016-02-16,MID,WIDE,5,LULU,0.0593
2016-02-16,MID,WIDE,6,CMS,0.0584
2016-02-16,MID,WIDE,7,FAST,0.0576
2016-02-16,MID,WIDE,8,NDSN,0.0563
2016-02-22,LOW,WIDE,1,STZ,0.4127
2016-02-22,LOW,WIDE,2,PHM,0.3081
2016-02-22,LOW,WIDE,3,GILD,0.283
2016-02-22,LOW,WIDE,4,LYB,0.2723
2016-02-22,LOW,WIDE,5,CPAY,0.2701
2016-02-22,LOW,WIDE,6,REGN,0.2624
2016-02-22,LOW,WIDE,7,TMUS,0.2519
2016-02-22,LOW,WIDE,8,PKG,0.2472
2016-07-12,LOW,MID,1,AXON,0.2411
2016-07-12,LOW,MID,2,TSLA,0.1091
2016-07-12,LOW,MID,3,ULTA,0.1051
2016-07-12,LOW,MID,4,STLD,0.0869
2016-07-12,LOW,MID,5,LYB,0.0815
2016-07-12,LOW,MID,6,ADM,0.0812
2016-07-12,LOW,MID,7,REGN,0.0806
2016-07-12,LOW,MID,8,TPL,0.0805
2016-07-29,LOW,WIDE,1,STZ,0.2392
2016-07-29,LOW,WIDE,2,PKG,0.2302
2016-07-29,LOW,WIDE,3,REGN,0.2234
2016-07-29,LOW,WIDE,4,DXCM,0.222
2016-07-29,LOW,WIDE,5,CPAY,0.2197
2016-07-29,LOW,WIDE,6,CHTR,0.2144
2016-07-29,LOW,WIDE,7,GILD,0.2095
2016-07-29,LOW,WIDE,8,WSM,0.2008
2016-08-15,LOW,MID,1,AXON,0.2349
2016-08-15,LOW,MID,2,TSLA,0.1018
2016-08-15,LOW,MID,3,ULTA,0.0844
2016-08-15,LOW,MID,4,REGN,0.0822
2016-08-15,LOW,MID,5,URI,0.0797
2016-08-15,LOW,MID,6,ADM,0.0792
2016-08-15,LOW,MID,7,STLD,0.0762
2016-08-15,LOW,MID,8,IBKR,0.0757
2016-09-15,LOW,WIDE,1,PKG,0.2281
2016-09-15,LOW,WIDE,2,STZ,0.2247
2016-09-15,LOW,WIDE,3,DXCM,0.2183
2016-09-15,LOW,WIDE,4,CPAY,0.2175
2016-09-15,LOW,WIDE,5,REGN,0.2168
2016-09-15,LOW,WIDE,6,CHTR,0.2091
2016-09-15,LOW,WIDE,7,GILD,0.2039
2016-09-15,LOW,WIDE,8,WSM,0.1978
2016-09-19,LOW,MID,1,AXON,0.2167
2016-09-19,LOW,MID,2,TSLA,0.0854
2016-09-19,LOW,MID,3,TPL,0.0823
2016-09-19,LOW,MID,4,ULTA,0.0718
2016-09-19,LOW,MID,5,URI,0.0711
2016-09-19,LOW,MID,6,ADM,0.0703
2016-09-19,LOW,MID,7,STLD,0.0661
2016-09-19,LOW,MID,8,IBKR,0.0625
2016-12-09,MID,MID,1,NFLX,0.062
2016-12-09,MID,MID,2,REGN,0.0445
2016-12-09,MID,MID,3,CMG,0.0345
2016-12-09,MID,MID,4,FFIV,0.0236
2016-12-09,MID,MID,5,UHS,0.0199
2016-12-09,MID,MID,6,TMUS,0.0171
2016-12-09,MID,MID,7,ESS,0.0167
2016-12-09,MID,MID,8,ORLY,0.0157
2017-01-03,LOW,MID,1,AXON,0.0984
2017-01-03,LOW,MID,2,URI,0.0932
2017-01-03,LOW,MID,3,TPL,0.0854
2017-01-03,LOW,MID,4,STLD,0.0847
2017-01-03,LOW,MID,5,ADM,0.0764
2017-01-03,LOW,MID,6,IBKR,0.0739
2017-01-03,LOW,MID,7,BG,0.0682
2017-01-03,LOW,MID,8,LYB,0.0624
2017-03-08,MID,MID,1,NFLX,0.0546
2017-03-08,MID,MID,2,REGN,0.0417
2017-03-08,MID,MID,3,CMG,0.0314
2017-03-08,MID,MID,4,FFIV,0.022
2017-03-08,MID,MID,5,UHS,0.0168
2017-03-08,MID,MID,6,TSLA,0.0168
2017-03-08,MID,MID,7,TMUS,0.0164
2017-03-08,MID,MID,8,ESS,0.0163
2017-03-17,LOW,MID,1,URI,0.0874
2017-03-17,LOW,MID,2,AXON,0.0724
2017-03-17,LOW,MID,3,BG,0.0721
2017-03-17,LOW,MID,4,ADM,0.0663
2017-03-17,LOW,MID,5,TPL,0.0647
2017-03-17,LOW,MID,6,STLD,0.0574
2017-03-17,LOW,MID,7,IBKR,0.0564
2017-03-17,LOW,MID,8,NTRS,0.056
2017-05-04,MID,MID,1,NFLX,0.0517
2017-05-04,MID,MID,2,REGN,0.0409
2017-05-04,MID,MID,3,CMG,0.0301
2017-05-04,MID,MID,4,FFIV,0.0219
2017-05-04,MID,MID,5,TMUS,0.0173
2017-05-04,MID,MID,6,TSLA,0.0171
2017-05-04,MID,MID,7,ESS,0.0166
2017-05-04,MID,MID,8,UHS,0.0147
2017-05-17,LOW,MID,1,AXON,0.0751
2017-05-17,LOW,MID,2,URI,0.0698
2017-05-17,LOW,MID,3,TPL,0.0632
2017-05-17,LOW,MID,4,BG,0.0631
2017-05-17,LOW,MID,5,ELV,0.0597
2017-05-17,LOW,MID,6,TER,0.058
2017-05-17,LOW,MID,7,REGN,0.0519
2017-05-17,LOW,MID,8,NTRS,0.0517
2017-06-29,MID,MID,1,NFLX,0.0471
2017-06-29,MID,MID,2,REGN,0.0378
2017-06-29,MID,MID,3,CMG,0.0289
2017-06-29,MID,MID,4,FFIV,0.021
2017-06-29,MID,MID,5,TSLA,0.0171
2017-06-29,MID,MID,6,ESS,0.0151
2017-06-29,MID,MID,7,TMUS,0.0143
2017-06-29,MID,MID,8,MCK,0.0138
2017-08-07,LOW,MID,1,AXON,0.0647
2017-08-07,LOW,MID,2,TPL,0.0621
2017-08-07,LOW,MID,3,ELV,0.055
2017-08-07,LOW,MID,4,BG,0.0543
2017-08-07,LOW,MID,5,URI,0.0524
2017-08-07,LOW,MID,6,NTRS,0.0517
2017-08-07,LOW,MID,7,TER,0.0503
2017-08-07,LOW,MID,8,SCHW,0.0491
2017-09-21,LOW,TIGHT,1,ON,0.0815
2017-09-21,LOW,TIGHT,2,COHR,0.0589
2017-09-21,LOW,TIGHT,3,TSN,0.0514
2017-09-21,LOW,TIGHT,4,APO,0.0317
2017-09-21,LOW,TIGHT,5,WYNN,0.0308
2017-09-21,LOW,TIGHT,6,NVDA,0.0307
2017-09-21,LOW,TIGHT,7,INCY,0.0302
2017-09-21,LOW,TIGHT,8,ALB,0.0291
2017-10-06,MID,TIGHT,1,DXCM,0.0771
2017-10-06,MID,TIGHT,2,MPWR,0.058
2017-10-06,MID,TIGHT,3,MNST,0.0557
2017-10-06,MID,TIGHT,4,TTWO,0.0482
2017-10-06,MID,TIGHT,5,EOG,0.047
2017-10-06,MID,TIGHT,6,CCJ,0.0438
2017-10-06,MID,TIGHT,7,RL,0.0406
2017-10-06,MID,TIGHT,8,NFLX,0.0366
2017-10-10,LOW,TIGHT,1,WSM,0.0274
2017-10-10,LOW,TIGHT,2,GM,0.0223
2017-10-10,LOW,TIGHT,3,BBY,0.0221
2017-10-10,LOW,TIGHT,4,COHR,0.0218
2017-10-10,LOW,TIGHT,5,ON,0.0169
2017-10-10,LOW,TIGHT,6,TTWO,0.0161
2017-10-10,LOW,TIGHT,7,AMAT,0.0155
2017-10-10,LOW,TIGHT,8,DECK,0.0147
2017-10-20,MID,TIGHT,1,DXCM,0.0768
2017-10-20,MID,TIGHT,2,MPWR,0.056
2017-10-20,MID,TIGHT,3,MNST,0.051
2017-10-20,MID,TIGHT,4,EOG,0.0452
2017-10-20,MID,TIGHT,5,CCJ,0.0426
2017-10-20,MID,TIGHT,6,TTWO,0.0422
2017-10-20,MID,TIGHT,7,NFLX,0.0349
2017-10-20,MID,TIGHT,8,RL,0.0346
2017-11-01,LOW,TIGHT,1,LRCX,0.0255
2017-11-01,LOW,TIGHT,2,PODD,0.023
2017-11-01,LOW,TIGHT,3,WSM,0.0218
2017-11-01,LOW,TIGHT,4,IDXX,0.019
2017-11-01,LOW,TIGHT,5,AMAT,0.0172
2017-11-01,LOW,TIGHT,6,ON,0.0165
2017-11-01,LOW,TIGHT,7,MS,0.0154
2017-11-01,LOW,TIGHT,8,TER,0.0152
2017-11-10,MID,TIGHT,1,VRSK,0.0575
2017-11-10,MID,TIGHT,2,MPWR,0.0512
2017-11-10,MID,TIGHT,3,EOG,0.0466
2017-11-10,MID,TIGHT,4,TTWO,0.0461
2017-11-10,MID,TIGHT,5,MNST,0.0418
2017-11-10,MID,TIGHT,6,DXCM,0.0388
2017-11-10,MID,TIGHT,7,CCJ,0.0368
2017-11-10,MID,TIGHT,8,APA,0.0352
2017-12-13,LOW,TIGHT,1,WSM,0.0184
2017-12-13,LOW,TIGHT,2,DG,0.0184
2017-12-13,LOW,TIGHT,3,COHR,0.0179
2017-12-13,LOW,TIGHT,4,LRCX,0.0163
2017-12-13,LOW,TIGHT,5,NVDA,0.0149
2017-12-13,LOW,TIGHT,6,TER,0.014
2017-12-13,LOW,TIGHT,7,DECK,0.0139
2017-12-13,LOW,TIGHT,8,ON,0.0134
2017-12-18,MID,TIGHT,1,CCJ,0.0332
2017-12-18,MID,TIGHT,2,EOG,0.0326
2017-12-18,MID,TIGHT,3,TTWO,0.0299
2017-12-18,MID,TIGHT,4,MNST,0.0258
2017-12-18,MID,TIGHT,5,MPWR,0.0252
2017-12-18,MID,TIGHT,6,APA,0.0251
2017-12-18,MID,TIGHT,7,RL,0.0242
2017-12-18,MID,TIGHT,8,WDC,0.0227
2017-12-27,LOW,TIGHT,1,COHR,0.0255
2017-12-27,LOW,TIGHT,2,LRCX,0.0217
2017-12-27,LOW,TIGHT,3,NVDA,0.0189
2017-12-27,LOW,TIGHT,4,WSM,0.0184
2017-12-27,LOW,TIGHT,5,DG,0.0178
2017-12-27,LOW,TIGHT,6,MU,0.0173
2017-12-27,LOW,TIGHT,7,AMAT,0.0155
2017-12-27,LOW,TIGHT,8,TER,0.0151
2018-01-09,MID,TIGHT,1,EOG,0.0326
2018-01-09,MID,TIGHT,2,CCJ,0.0316
2018-01-09,MID,TIGHT,3,TTWO,0.0254
2018-01-09,MID,TIGHT,4,APA,0.0251
2018-01-09,MID,TIGHT,5,RL,0.0242
2018-01-09,MID,TIGHT,6,MNST,0.0237
2018-01-09,MID,TIGHT,7,MPWR,0.0224
2018-01-09,MID,TIGHT,8,WDC,0.0218
2018-11-14,MID,MID,1,NFLX,0.0517
2018-11-14,MID,MID,2,REGN,0.0411
2018-11-14,MID,MID,3,CMG,0.0241
2018-11-14,MID,MID,4,FFIV,0.0193
2018-11-14,MID,MID,5,TSLA,0.0165
2018-11-14,MID,MID,6,ESS,0.016
2018-11-14,MID,MID,7,GILD,0.0151
2018-11-14,MID,MID,8,UHS,0.0147
2019-05-30,LOW,MID,1,TPL,0.0604
2019-05-30,LOW,MID,2,URI,0.0586
2019-05-30,LOW,MID,3,AXON,0.0547
2019-05-30,LOW,MID,4,SCHW,0.051
2019-05-30,LOW,MID,5,DD,0.0484
2019-05-30,LOW,MID,6,NTRS,0.0483
2019-05-30,LOW,MID,7,ELV,0.0459
2019-05-30,LOW,MID,8,MS,0.0459
2019-12-09,LOW,TIGHT,1,COHR,0.0317
2019-12-09,LOW,TIGHT,2,NVDA,0.0306
2019-12-09,LOW,TIGHT,3,LRCX,0.022
2019-12-09,LOW,TIGHT,4,TGT,0.0182
2019-12-09,LOW,TIGHT,5,BLDR,0.0171
2019-12-09,LOW,TIGHT,6,WSM,0.0167
2019-12-09,LOW,TIGHT,7,PODD,0.0166
2019-12-09,LOW,TIGHT,8,TER,0.0166
2020-01-30,LOW,MID,1,URI,0.0944
2020-01-30,LOW,MID,2,STLD,0.0719
2020-01-30,LOW,MID,3,AXON,0.0709
2020-01-30,LOW,MID,4,SCHW,0.0651
2020-01-30,LOW,MID,5,BLDR,0.0626
2020-01-30,LOW,MID,6,REGN,0.0617
2020-01-30,LOW,MID,7,MS,0.0609
2020-01-30,LOW,MID,8,NTRS,0.0593
2020-02-06,LOW,TIGHT,1,TSLA,0.0606
2020-02-06,LOW,TIGHT,2,PODD,0.0507
2020-02-06,LOW,TIGHT,3,MSCI,0.0488
2020-02-06,LOW,TIGHT,4,NDAQ,0.0434
2020-02-06,LOW,TIGHT,5,LRCX,0.0386
2020-02-06,LOW,TIGHT,6,NSC,0.0359
2020-02-06,LOW,TIGHT,7,DHR,0.0353
2020-02-06,LOW,TIGHT,8,DVA,0.0345
2020-02-21,LOW,MID,1,URI,0.0938
2020-02-21,LOW,MID,2,AXON,0.0701
2020-02-21,LOW,MID,3,STLD,0.07
2020-02-21,LOW,MID,4,SCHW,0.0633
2020-02-21,LOW,MID,5,REGN,0.062
2020-02-21,LOW,MID,6,BLDR,0.0596
2020-02-21,LOW,MID,7,MS,0.059
2020-02-21,LOW,MID,8,HUM,0.0587
2020-03-09,LOW,WIDE,1,PKG,0.2281
2020-03-09,LOW,WIDE,2,STZ,0.223
2020-03-09,LOW,WIDE,3,DXCM,0.218
2020-03-09,LOW,WIDE,4,CPAY,0.2175
2020-03-09,LOW,WIDE,5,REGN,0.216
2020-03-09,LOW,WIDE,6,CHTR,0.2076
2020-03-09,LOW,WIDE,7,WSM,0.1972
2020-03-09,LOW,WIDE,8,GILD,0.196
2020-07-16,LOW,MID,1,URI,0.0926
2020-07-16,LOW,MID,2,AXON,0.0673
2020-07-16,LOW,MID,3,STLD,0.0653
2020-07-16,LOW,MID,4,REGN,0.0617
2020-07-16,LOW,MID,5,SCHW,0.0616
2020-07-16,LOW,MID,6,MS,0.0571
2020-07-16,LOW,MID,7,BLDR,0.057
2020-07-16,LOW,MID,8,HUM,0.0565
2020-08-27,LOW,WIDE,1,DXCM,0.2086
2020-08-27,LOW,WIDE,2,PKG,0.2081
2020-08-27,LOW,WIDE,3,WSM,0.1978
2020-08-27,LOW,WIDE,4,REGN,0.194
2020-08-27,LOW,WIDE,5,CPAY,0.191
2020-08-27,LOW,WIDE,6,CHTR,0.1775
2020-08-27,LOW,WIDE,7,AXON,0.1758
2020-08-27,LOW,WIDE,8,TDG,0.1749
2020-08-31,LOW,MID,1,URI,0.0926
2020-08-31,LOW,MID,2,AXON,0.0633
2020-08-31,LOW,MID,3,STLD,0.0632
2020-08-31,LOW,MID,4,BLDR,0.0615
2020-08-31,LOW,MID,5,SCHW,0.0611
2020-08-31,LOW,MID,6,NTRS,0.0559
2020-08-31,LOW,MID,7,MS,0.0557
2020-08-31,LOW,MID,8,REGN,0.0553
2020-09-25,LOW,WIDE,1,PKG,0.2074
2020-09-25,LOW,WIDE,2,DXCM,0.2073
2020-09-25,LOW,WIDE,3,WSM,0.1978
2020-09-25,LOW,WIDE,4,REGN,0.1924
2020-09-25,LOW,WIDE,5,CPAY,0.1907
2020-09-25,LOW,WIDE,6,CHTR,0.1772
2020-09-25,LOW,WIDE,7,AXON,0.1758
2020-09-25,LOW,WIDE,8,TDG,0.1743
2020-10-06,LOW,MID,1,URI,0.0825
2020-10-06,LOW,MID,2,AXON,0.0609
2020-10-06,LOW,MID,3,SCHW,0.0593
2020-10-06,LOW,MID,4,BLDR,0.0568
2020-10-06,LOW,MID,5,STLD,0.0555
2020-10-06,LOW,MID,6,TSLA,0.055
2020-10-06,LOW,MID,7,NTRS,0.0544
2020-10-06,LOW,MID,8,MS,0.052
2021-03-30,LOW,TIGHT,1,TSLA,0.0529
2021-03-30,LOW,TIGHT,2,PODD,0.0342
2021-03-30,LOW,TIGHT,3,LRCX,0.0306
2021-03-30,LOW,TIGHT,4,DVA,0.028
2021-03-30,LOW,TIGHT,5,DHR,0.0277
2021-03-30,LOW,TIGHT,6,TROW,0.0276
2021-03-30,LOW,TIGHT,7,ALB,0.0261
2021-03-30,LOW,TIGHT,8,ROP,0.0253
2022-02-17,LOW,MID,1,URI,0.1061
2022-02-17,LOW,MID,2,STLD,0.0907
2022-02-17,LOW,MID,3,BLDR,0.0788
2022-02-17,LOW,MID,4,NTRS,0.0673
2022-02-17,LOW,MID,5,SCHW,0.0669
2022-02-17,LOW,MID,6,STT,0.0639
2022-02-17,LOW,MID,7,AXON,0.0633
2022-02-17,LOW,MID,8,BAC,0.0612
2022-03-22,LOW,TIGHT,1,HAL,0.3911
2022-03-22,LOW,TIGHT,2,DVN,0.3625
2022-03-22,LOW,TIGHT,3,EOG,0.2946
2022-03-22,LOW,TIGHT,4,XOM,0.281
2022-03-22,LOW,TIGHT,5,OXY,0.2762
2022-03-22,LOW,TIGHT,6,COP,0.2678
2022-03-22,LOW,TIGHT,7,SLB,0.2641
2022-03-22,LOW,TIGHT,8,CF,0.2638
2022-05-04,LOW,MID,1,URI,0.1069
2022-05-04,LOW,MID,2,STLD,0.0956
2022-05-04,LOW,MID,3,BLDR,0.0776
2022-05-04,LOW,MID,4,SCHW,0.0684
2022-05-04,LOW,MID,5,NTRS,0.0658
2022-05-04,LOW,MID,6,STT,0.0638
2022-05-04,LOW,MID,7,AXON,0.062
2022-05-04,LOW,MID,8,ADM,0.0603
2022-06-15,MID,MID,1,NFLX,0.0387
2022-06-15,MID,MID,2,TMUS,0.0337
2022-06-15,MID,MID,3,CMG,0.0334
2022-06-15,MID,MID,4,AXON,0.0249
2022-06-15,MID,MID,5,EXR,0.0241
2022-06-15,MID,MID,6,CHTR,0.0231
2022-06-15,MID,MID,7,TTWO,0.0223
2022-06-15,MID,MID,8,ESS,0.0201
2022-07-22,LOW,MID,1,URI,0.1004
2022-07-22,LOW,MID,2,STLD,0.0872
2022-07-22,LOW,MID,3,BLDR,0.0671
2022-07-22,LOW,MID,4,SCHW,0.0647
2022-07-22,LOW,MID,5,NTRS,0.0631
2022-07-22,LOW,MID,6,STT,0.0615
2022-07-22,LOW,MID,7,AXON,0.0587
2022-07-22,LOW,MID,8,TPL,0.0574
2022-08-29,MID,MID,1,NFLX,0.0452
2022-08-29,MID,MID,2,CMG,0.0335
2022-08-29,MID,MID,3,TMUS,0.0311
2022-08-29,MID,MID,4,AXON,0.0296
2022-08-29,MID,MID,5,EXR,0.0268
2022-08-29,MID,MID,6,CHTR,0.0249
2022-08-29,MID,MID,7,TTWO,0.0236
2022-08-29,MID,MID,8,BLDR,0.0229
2022-12-02,MID,TIGHT,1,DXCM,0.3386
2022-12-02,MID,TIGHT,2,HCA,0.3155
2022-12-02,MID,TIGHT,3,ULTA,0.2525
2022-12-02,MID,TIGHT,4,KDP,0.2471
2022-12-02,MID,TIGHT,5,UAL,0.1941
2022-12-02,MID,TIGHT,6,WBD,0.1669
2022-12-02,MID,TIGHT,7,DG,0.1527
2022-12-02,MID,TIGHT,8,SBUX,0.1504
2023-03-13,MID,MID,1,NFLX,0.04
2023-03-13,MID,MID,2,AXON,0.026
2023-03-13,MID,MID,3,CMG,0.0238
2023-03-13,MID,MID,4,TMUS,0.0223
2023-03-13,MID,MID,5,TTWO,0.022
2023-03-13,MID,MID,6,EXR,0.0202
2023-03-13,MID,MID,7,CHTR,0.0199
2023-03-13,MID,MID,8,ESS,0.018
2023-04-14,MID,TIGHT,1,ULTA,0.2156
2023-04-14,MID,TIGHT,2,KDP,0.1866
2023-04-14,MID,TIGHT,3,WBD,0.1255
2023-04-14,MID,TIGHT,4,SBUX,0.0996
2023-04-14,MID,TIGHT,5,UAL,0.099
2023-04-14,MID,TIGHT,6,DXCM,0.0841
2023-04-14,MID,TIGHT,7,DG,0.0826
2023-04-14,MID,TIGHT,8,CME,0.0762
2023-04-25,MID,MID,1,NFLX,0.0387
2023-04-25,MID,MID,2,AXON,0.0261
2023-04-25,MID,MID,3,CMG,0.0247
2023-04-25,MID,MID,4,TMUS,0.0244
2023-04-25,MID,MID,5,TTWO,0.0222
2023-04-25,MID,MID,6,CHTR,0.021
2023-04-25,MID,MID,7,EXR,0.0209
2023-04-25,MID,MID,8,APO,0.0185
2023-06-13,MID,TIGHT,1,KDP,0.1825
2023-06-13,MID,TIGHT,2,ULTA,0.1726
2023-06-13,MID,TIGHT,3,WBD,0.1231
2023-06-13,MID,TIGHT,4,SBUX,0.0956
2023-06-13,MID,TIGHT,5,UAL,0.0846
2023-06-13,MID,TIGHT,6,DXCM,0.0779
2023-06-13,MID,TIGHT,7,DG,0.0728
2023-06-13,MID,TIGHT,8,DECK,0.068
2023-07-06,HIGH,TIGHT,1,CF,0.7412
2023-07-06,HIGH,TIGHT,2,ALGN,0.7234
2023-07-06,HIGH,TIGHT,3,BKNG,0.6503
2023-07-06,HIGH,TIGHT,4,DECK,0.5335
2023-07-06,HIGH,TIGHT,5,ICE,0.5333
2023-07-06,HIGH,TIGHT,6,GRMN,0.5329
2023-07-06,HIGH,TIGHT,7,CMG,0.4499
2023-07-06,HIGH,TIGHT,8,CMI,0.392
2023-07-12,MID,TIGHT,1,KDP,0.1697
2023-07-12,MID,TIGHT,2,ULTA,0.1449
2023-07-12,MID,TIGHT,3,WBD,0.1047
2023-07-12,MID,TIGHT,4,SBUX,0.0873
2023-07-12,MID,TIGHT,5,UAL,0.0681
2023-07-12,MID,TIGHT,6,NRG,0.0676
2023-07-12,MID,TIGHT,7,DXCM,0.0655
2023-07-12,MID,TIGHT,8,MOS,0.0633
2023-08-10,HIGH,TIGHT,1,CF,0.7252
2023-08-10,HIGH,TIGHT,2,ALGN,0.7199
2023-08-10,HIGH,TIGHT,3,BKNG,0.6466
2023-08-10,HIGH,TIGHT,4,DECK,0.5314
2023-08-10,HIGH,TIGHT,5,ICE,0.525
2023-08-10,HIGH,TIGHT,6,GRMN,0.5242
2023-08-10,HIGH,TIGHT,7,CMG,0.4488
2023-08-10,HIGH,TIGHT,8,CMI,0.3888
2023-12-14,MID,TIGHT,1,KDP,0.1613
2023-12-14,MID,TIGHT,2,ULTA,0.136
2023-12-14,MID,TIGHT,3,WBD,0.0756
2023-12-14,MID,TIGHT,4,SBUX,0.0734
2023-12-14,MID,TIGHT,5,MOS,0.061
2023-12-14,MID,TIGHT,6,NRG,0.058
2023-12-14,MID,TIGHT,7,UAL,0.0579
2023-12-14,MID,TIGHT,8,TSCO,0.053
2023-12-29,HIGH,TIGHT,1,CF,0.5169
2023-12-29,HIGH,TIGHT,2,ALGN,0.5072
2023-12-29,HIGH,TIGHT,3,GRMN,0.4111
2023-12-29,HIGH,TIGHT,4,DECK,0.3866
2023-12-29,HIGH,TIGHT,5,BKNG,0.3676
2023-12-29,HIGH,TIGHT,6,KKR,0.339
2023-12-29,HIGH,TIGHT,7,CMG,0.3265
2023-12-29,HIGH,TIGHT,8,CMI,0.3142
2024-01-12,MID,TIGHT,1,KDP,0.1566
2024-01-12,MID,TIGHT,2,ULTA,0.1243
2024-01-12,MID,TIGHT,3,SBUX,0.0659
2024-01-12,MID,TIGHT,4,WBD,0.0657
2024-01-12,MID,TIGHT,5,MOS,0.0574
2024-01-12,MID,TIGHT,6,NRG,0.0554
2024-01-12,MID,TIGHT,7,UAL,0.0536
2024-01-12,MID,TIGHT,8,TSCO,0.0519
2024-01-16,HIGH,TIGHT,1,ALGN,0.4973
2024-01-16,HIGH,TIGHT,2,CF,0.4919
2024-01-16,HIGH,TIGHT,3,GRMN,0.4052
2024-01-16,HIGH,TIGHT,4,DECK,0.3722
2024-01-16,HIGH,TIGHT,5,BKNG,0.3533
2024-01-16,HIGH,TIGHT,6,KKR,0.3319
2024-01-16,HIGH,TIGHT,7,CMG,0.3116
2024-01-16,HIGH,TIGHT,8,CMI,0.3055
2024-08-23,MID,TIGHT,1,KDP,0.1545
2024-08-23,MID,TIGHT,2,ULTA,0.1224
2024-08-23,MID,TIGHT,3,SBUX,0.0628
2024-08-23,MID,TIGHT,4,WBD,0.0622
2024-08-23,MID,TIGHT,5,MOS,0.0572
2024-08-23,MID,TIGHT,6,NRG,0.0536
2024-08-23,MID,TIGHT,7,UAL,0.0519
2024-08-23,MID,TIGHT,8,TSCO,0.0496
2024-08-30,HIGH,TIGHT,1,CF,0.2919
2024-08-30,HIGH,TIGHT,2,GRMN,0.2502
2024-08-30,HIGH,TIGHT,3,DECK,0.2354
2024-08-30,HIGH,TIGHT,4,CMG,0.2063
2024-08-30,HIGH,TIGHT,5,BKNG,0.1618
2024-08-30,HIGH,TIGHT,6,AAPL,0.1614
2024-08-30,HIGH,TIGHT,7,NVDA,0.1489
2024-08-30,HIGH,TIGHT,8,ISRG,0.1407
2024-09-04,MID,TIGHT,1,KDP,0.1523
2024-09-04,MID,TIGHT,2,ULTA,0.1184
2024-09-04,MID,TIGHT,3,WBD,0.0596
2024-09-04,MID,TIGHT,4,SBUX,0.0587
2024-09-04,MID,TIGHT,5,MOS,0.0562
2024-09-04,MID,TIGHT,6,NRG,0.0526
2024-09-04,MID,TIGHT,7,UAL,0.05
2024-09-04,MID,TIGHT,8,TSCO,0.0474
2024-10-04,HIGH,TIGHT,1,CF,0.2883
2024-10-04,HIGH,TIGHT,2,GRMN,0.2473
2024-10-04,HIGH,TIGHT,3,DECK,0.2324
2024-10-04,HIGH,TIGHT,4,CMG,0.2056
2024-10-04,HIGH,TIGHT,5,AAPL,0.1594
2024-10-04,HIGH,TIGHT,6,BKNG,0.1588
2024-10-04,HIGH,TIGHT,7,NVDA,0.1465
2024-10-04,HIGH,TIGHT,8,ISRG,0.1401
2025-09-10,MID,TIGHT,1,KDP,0.127
2025-09-10,MID,TIGHT,2,ULTA,0.1025
2025-09-10,MID,TIGHT,3,UAL,0.0566
2025-09-10,MID,TIGHT,4,NRG,0.0562
2025-09-10,MID,TIGHT,5,MOS,0.0539
2025-09-10,MID,TIGHT,6,DECK,0.053
2025-09-10,MID,TIGHT,7,TSCO,0.049
2025-09-10,MID,TIGHT,8,SBUX,0.0482
2025-09-18,HIGH,TIGHT,1,SATS,0.3656
2025-09-18,HIGH,TIGHT,2,AVGO,0.2541
2025-09-18,HIGH,TIGHT,3,GRMN,0.1886
2025-09-18,HIGH,TIGHT,4,EXPE,0.1734
2025-09-18,HIGH,TIGHT,5,NVDA,0.1727
2025-09-18,HIGH,TIGHT,6,CBRE,0.1603
2025-09-18,HIGH,TIGHT,7,WYNN,0.1501
2025-09-18,HIGH,TIGHT,8,NRG,0.1469
